ID,Year,PP (Y), TC (X1) ,II (X2),ATB (X3),ML (Z)
1,2017,0.083010,0.003019,0.051801,0.000030,0.018168
1,2018,0.086769,0.002451,0.045444,0.000000,-0.015464
1,2019,0.125895,0.006800,0.042663,0.015027,-0.000878
1,2020,0.094066,0.007289,0.045344,0.018680,-0.000298
1,2021,0.189293,0.003450,0.047660,0.014724,0.027302
2,2017,-0.020223,0.062814,0.070690,0.044778,0.017779
2,2018,0.019962,0.131242,0.070200,0.042750,0.019741
2,2019,-0.074226,0.104772,0.089987,0.037765,0.032031
2,2020,-0.145052,0.100874,0.060794,0.035534,-0.061334
2,2021,0.034896,0.029059,0.047861,0.031682,0.003122
3,2017,0.034158,0.172013,0.063644,0.000000,0.200009
3,2018,-0.098927,0.221529,0.068033,0.000000,-0.001882
3,2019,0.051558,0.122843,0.052447,0.000000,-0.010574
3,2020,-0.119961,0.100393,0.056897,0.000000,-0.007401
3,2021,0.005705,0.051304,0.049897,0.000000,-0.006534
4,2017,0.104028,0.014730,0.032257,0.000000,-0.094025
4,2018,0.116510,0.013721,0.035514,0.000000,-0.279115
4,2019,0.064063,3.200000,0.041744,0.000000,-0.169226
4,2020,0.004173,0.001885,0.046006,0.000000,-0.123806
4,2021,0.098621,-0.021277,0.052992,0.000000,-0.134217
5,2017,-0.108756,0.074737,0.105959,0.016043,0.005228
5,2018,-0.079666,0.073327,0.110520,0.016895,-0.004806
5,2019,-0.045979,0.088718,0.098735,0.015584,0.005418
5,2020,0.026250,0.022701,0.079028,0.008961,-0.373324
5,2021,0.022858,0.001618,0.070124,0.000000,0.140330
6,2017,0.047334,0.009252,0.041336,0.000000,0.047211
6,2018,0.019886,0.017878,0.062257,0.000000,0.055470
6,2019,0.022467,0.032577,0.061867,0.000000,0.009011
6,2020,0.103724,0.016225,0.072582,0.000000,-0.026645
6,2021,0.107116,0.011807,0.075253,0.000000,0.049320
7,2017,0.046940,0.036385,0.114178,0.003520,0.035527
7,2018,0.060812,0.057341,0.115913,0.003056,0.050595
7,2019,0.064472,0.040743,0.135251,0.002072,0.057578
7,2020,-0.002337,0.010020,0.121065,0.001673,0.001226
7,2021,0.002397,0.002155,0.083473,0.001189,-0.063123
8,2017,0.188665,0.008048,0.140462,0.007685,-0.057429
8,2018,0.120430,0.004444,0.120532,0.001611,0.007438
8,2019,0.129651,0.004304,0.128844,0.001641,-0.006306
8,2020,0.147614,0.003195,0.099641,0.001553,-0.113450
8,2021,0.178867,0.001182,0.086543,0.001212,-0.079177
9,2017,-0.247682,0.051932,0.097673,0.000000,0.134193
9,2018,0.021030,0.038471,0.071122,0.003206,-0.075482
9,2019,0.028786,0.047690,0.127437,0.002981,0.187567
9,2020,-0.145749,0.086042,0.081053,0.002943,-0.042635
9,2021,0.087954,0.065055,0.087581,0.003160,0.025474
10,2017,0.148363,0.005919,0.115797,0.000000,0.047471
10,2018,0.046344,0.003810,0.169404,0.000000,-0.003748
10,2019,-0.047499,0.046742,0.118786,0.000000,-0.031941
10,2020,-0.032799,0.046299,0.073231,0.000000,-0.111927
10,2021,-0.051534,0.045317,0.088122,0.000000,-0.005755
11,2017,0.132825,0.008908,0.088169,0.000738,-0.063607
11,2018,0.102871,0.015441,0.098446,0.000000,-0.036394
11,2019,-1.513322,0.026005,0.086898,0.000000,-0.014595
11,2020,0.185521,0.014728,0.077529,0.000000,-0.044403
11,2021,0.130237,0.006865,0.093602,0.000000,0.003802
12,2017,-0.065940,0.057096,0.192182,0.021585,0.027761
12,2018,-0.070502,0.028481,0.128564,0.140173,-0.072296
12,2019,-0.064945,0.012044,0.162501,0.108648,0.045504
12,2020,-0.066245,0.036900,0.121031,0.096573,0.044077
12,2021,-0.027766,0.088704,0.115002,0.001226,-0.099117
13,2017,-0.005681,0.035415,0.095984,0.004236,0.164946
13,2018,-0.014618,0.049888,0.086294,0.003650,-0.003342
13,2019,-0.047405,0.074792,0.084477,0.004049,-0.036213
13,2020,0.007792,0.040913,0.098398,0.003781,0.022143
13,2021,-0.015235,0.037642,0.125119,0.003421,0.049434
14,2017,-0.048466,0.033347,0.131267,0.065010,0.039493
14,2018,0.050689,0.026706,0.126272,0.054218,0.072679
14,2019,-0.421385,0.047407,0.109925,0.000000,-0.034779
14,2020,-0.161849,0.039885,0.103200,0.000000,-0.056331
14,2021,-0.019642,0.015301,0.134115,0.000000,0.028333
15,2017,0.204678,-0.236472,0.211082,0.000000,-0.035838
15,2018,0.184573,-0.133076,0.152394,0.000000,-0.117274
15,2019,-0.155438,0.681404,0.133004,0.000000,-0.018300
15,2020,-0.481519,0.259259,0.116832,0.000000,0.000967
15,2021,0.031634,0.245844,0.134422,0.000000,0.040746
16,2017,0.095965,0.001174,0.098421,0.000000,0.033968
16,2018,0.052658,0.001304,0.106381,0.000000,-0.043756
16,2019,0.009228,0.007512,0.096516,0.000000,-0.029532
16,2020,-0.002575,0.004476,0.084047,0.000000,-0.077812
16,2021,0.016420,0.001776,0.136979,0.000000,0.123297
17,2017,0.008483,0.020639,0.129576,0.000168,-0.004396
17,2018,-0.067333,0.024479,0.128158,0.055663,-0.028256
17,2019,-0.011117,0.020255,0.139634,0.054227,0.062632
17,2020,0.021611,0.040036,0.146802,0.052843,-0.010303
17,2021,0.065583,0.052798,0.138358,0.053618,0.025522
18,2017,-0.016395,0.010300,0.077092,0.026779,-0.094188
18,2018,-0.018018,0.008477,0.095751,0.022645,-0.052834
18,2019,-0.000603,0.007783,0.067132,0.018721,-0.054403
18,2020,0.015967,0.031851,0.179861,0.015789,-0.045067
18,2021,0.004335,0.010350,0.138928,0.014388,-0.052240
19,2017,0.017526,0.525407,0.159419,0.003338,-0.066462
19,2018,0.203988,0.507060,0.140799,0.002218,-0.014653
19,2019,-0.003467,0.410715,0.083144,0.000915,-0.038161
19,2020,-0.063935,0.375410,0.085374,0.000004,0.011978
19,2021,-0.077102,0.379147,0.143318,0.176566,0.008102
20,2017,-0.047115,0.083468,0.160750,0.011700,-0.057797
20,2018,0.137947,0.114543,0.134409,0.018218,0.019057
20,2019,0.074306,0.117964,0.138608,0.014564,-0.015663
20,2020,-0.150237,0.109535,0.145740,0.009127,-0.115552
20,2021,-0.439807,0.092542,0.146976,0.007783,-0.100786
21,2017,0.065866,0.066349,0.153731,0.000392,-0.020433
21,2018,0.063249,0.072087,0.170202,0.000255,-0.078628
21,2019,0.037338,0.044327,0.147520,0.001251,-0.033343
21,2020,0.036255,0.064682,0.151951,0.002077,-0.074667
21,2021,0.054669,0.028060,0.156443,0.004633,0.062172
22,2017,0.117629,0.002083,0.021908,0.013100,0.001408
22,2018,0.058498,0.001324,0.038467,0.012718,0.064592
22,2019,0.007923,0.000803,0.495560,0.012483,0.073309
22,2020,0.012093,0.000394,0.022573,0.011913,0.013174
22,2021,0.049954,0.000255,0.158428,0.012589,0.041090
23,2017,-0.055795,0.088953,0.196664,0.000000,0.023015
23,2018,0.038664,0.153591,0.217817,0.000000,0.064794
23,2019,0.025756,0.214555,0.206105,0.000000,0.025429
23,2020,-0.383617,0.325866,0.169373,0.004258,0.082874
23,2021,0.067488,0.097401,0.172195,0.003728,0.086357
24,2017,-0.085372,0.105777,0.113127,0.140479,-0.015672
24,2018,-0.160637,0.207850,0.104406,0.147888,-0.058662
24,2019,0.152617,0.833983,0.126695,0.132537,0.007576
24,2020,-0.121084,0.262586,0.153656,0.123449,-0.032123
24,2021,0.140754,0.144583,0.175235,0.113546,0.090159
25,2017,-0.054430,0.074096,0.165759,0.000000,0.065806
25,2018,0.020304,0.109384,0.126471,0.000000,-0.007479
25,2019,-0.103041,0.085084,0.122315,0.000000,0.004696
25,2020,-0.078664,0.063955,0.117109,0.000000,-0.047121
25,2021,-0.025892,0.025595,0.176897,0.000000,0.076875
26,2017,-0.020366,0.005798,0.137143,0.001930,-0.055475
26,2018,0.047520,0.000418,0.156352,0.001643,0.042562
26,2019,0.022235,0.000074,0.154482,0.011549,-0.010391
26,2020,-0.008006,0.005354,0.145348,0.000000,-0.055440
26,2021,0.017917,0.005314,0.179703,0.000000,0.044596
27,2017,-0.060067,0.033323,0.147178,0.012131,-0.016848
27,2018,0.020698,0.029044,0.162962,0.010789,0.002653
27,2019,-0.056067,0.044788,0.155220,0.010654,0.031281
27,2020,-0.411489,0.064851,0.149707,0.013274,-0.051259
27,2021,-0.650242,0.057129,0.194671,0.013179,0.044783
28,2017,0.034278,0.011356,0.190216,0.000000,0.039069
28,2018,0.036527,0.005884,0.244317,0.033466,0.088231
28,2019,0.060299,0.014716,0.222515,0.000000,0.124141
28,2020,-0.015572,0.008674,0.173586,0.000000,-0.028487
28,2021,0.024152,0.003298,0.198323,0.000000,0.074365
29,2017,0.199735,0.000425,0.146997,0.002818,0.072656
29,2018,0.172661,0.009010,0.179995,0.001142,0.136921
29,2019,0.217817,0.023258,0.180803,0.000000,0.024428
29,2020,0.197492,0.009783,0.179105,0.000000,0.020547
29,2021,0.190659,0.003589,0.204908,0.000000,0.097457
30,2017,-0.071010,0.045905,0.190284,0.030889,0.007546
30,2018,-0.090237,0.074298,0.223418,0.024900,0.081637
30,2019,-0.379383,0.174262,0.210324,0.021671,0.060937
30,2020,-0.478878,0.076222,0.215146,0.000000,0.036069
30,2021,0.119321,0.040092,0.206009,0.000000,-0.032032
31,2017,-0.012681,0.016970,0.295313,0.011926,0.171640
31,2018,-0.004279,0.018765,0.323739,0.007302,0.042126
31,2019,-0.011759,0.022698,0.304386,0.003776,0.009272
31,2020,-0.007644,0.025831,0.302731,0.001918,-0.133924
31,2021,0.111628,0.011394,0.229674,0.012077,0.543826
32,2017,-0.060197,0.053872,0.260535,0.000000,0.151622
32,2018,-0.333395,0.123421,0.242123,0.000000,-0.018748
32,2019,-1.849936,0.136358,0.217785,0.000000,0.004161
32,2020,-0.142544,0.060342,0.169107,0.000000,-0.082479
32,2021,-0.004932,0.016144,0.234880,0.000000,0.160886
33,2017,0.033009,0.025885,0.232637,0.054582,-0.040264
33,2018,0.049662,0.027607,0.267762,0.061040,-0.022141
33,2019,0.069764,0.040412,0.238795,0.054426,0.035704
33,2020,0.074765,0.028567,0.233176,0.045091,0.006452
33,2021,0.136439,0.011576,0.236851,0.027530,0.100323
34,2017,0.023315,0.022164,0.296717,0.003990,-0.068334
34,2018,0.024525,0.027193,0.298626,0.002646,0.082864
34,2019,0.029109,0.054012,0.288277,0.001653,0.025489
34,2020,-0.022363,0.056574,0.324263,0.000653,-0.080378
34,2021,-0.008581,0.027726,0.238440,0.000000,-0.016128
35,2017,0.031712,0.095623,0.269703,0.106965,-0.054232
35,2018,-0.007309,0.095443,0.277039,0.112687,0.352857
35,2019,-0.317174,0.108473,0.275780,0.104009,0.244838
35,2020,-0.277399,0.100576,0.276492,0.096933,0.134686
35,2021,0.028543,0.108688,0.245959,0.082281,0.052403
36,2017,0.092529,0.107804,0.233055,0.000256,0.123665
36,2018,0.054422,0.109147,0.251308,0.000318,-0.028739
36,2019,0.009369,0.096059,0.226028,0.000346,-0.005226
36,2020,0.060508,0.056877,0.181996,0.000326,0.045240
36,2021,0.124100,0.214641,0.248172,0.000864,0.164184
37,2017,-0.013797,0.005672,0.177162,0.005452,-0.033426
37,2018,0.073070,0.004162,0.218292,0.004753,0.009074
37,2019,0.096689,0.004277,0.227617,0.004453,0.059648
37,2020,0.061892,0.020936,0.196771,0.003590,-0.068760
37,2021,-0.009402,0.016442,0.262822,0.000618,0.065462
38,2017,-0.078235,0.190465,0.234513,0.000000,0.075526
38,2018,-0.198718,0.391477,0.302954,0.000000,0.028814
38,2019,-0.863878,0.412486,0.274080,0.000000,-0.042535
38,2020,-0.193844,0.268191,0.233171,0.000000,0.019391
38,2021,0.006614,0.114490,0.264406,0.000000,0.017228
39,2017,0.195066,0.055671,0.303924,0.010524,0.180286
39,2018,-2.021638,0.437371,0.292102,0.005523,-0.070951
39,2019,-0.521397,0.113565,0.263811,0.002489,-0.252977
39,2020,0.221614,0.202921,0.233766,0.002766,-0.001887
39,2021,-0.112618,0.017264,0.286802,0.001788,0.009102
40,2017,0.009891,0.002124,0.222514,0.203523,-0.024569
40,2018,0.024758,0.002157,0.252190,0.199678,0.040983
40,2019,0.035143,0.001179,0.215668,0.195428,0.052976
40,2020,0.037497,0.001241,0.202636,0.197563,-0.041516
40,2021,0.038555,0.001097,0.288681,0.176144,0.069818
41,2017,0.012348,0.002822,0.410123,0.000000,0.151836
41,2018,-0.005348,0.026193,0.333823,0.000000,-0.080885
41,2019,0.004875,0.017850,0.386596,0.000000,0.044319
41,2020,-0.008882,0.025824,0.349788,0.000000,-0.100525
41,2021,0.012394,0.009077,0.299142,0.000000,0.152611
42,2017,-0.018643,0.007747,0.204319,0.000000,0.032804
42,2018,-0.061904,0.004702,0.225390,0.000000,0.001168
42,2019,0.015962,0.003030,0.241512,0.000000,0.057718
42,2020,-0.015152,0.017241,0.281178,0.000000,0.080540
42,2021,-0.053901,0.045630,0.313493,0.000000,0.081044
43,2017,-0.033360,0.117533,0.331632,0.001534,-0.022668
43,2018,0.025784,0.105280,0.349144,0.001515,0.073136
43,2019,0.020662,0.121559,0.399542,0.001335,0.131620
43,2020,0.022261,0.149685,0.335817,0.001314,-0.083922
43,2021,-0.025043,0.103793,0.318653,0.000000,-0.045258
44,2017,-0.288464,0.302397,0.313178,0.014464,-0.015860
44,2018,-0.372274,0.296386,0.334829,0.014505,0.038447
44,2019,-0.129429,0.273728,0.274537,0.014391,-0.044257
44,2020,0.005559,0.068109,0.258419,0.012144,0.098905
44,2021,0.010412,0.080188,0.329675,0.010304,0.105693
45,2017,-0.133240,0.261690,0.379623,0.009052,-0.028198
45,2018,-0.075185,0.180979,0.413282,0.003041,0.023672
45,2019,-0.007798,0.182931,0.399736,0.000731,0.033547
45,2020,-0.048137,0.185150,0.381055,0.000372,-0.024875
45,2021,-0.022634,0.131548,0.366167,0.000314,0.026527
46,2017,0.058708,0.014658,0.366144,0.000000,0.055973
46,2018,0.077389,0.017636,0.356604,0.000000,0.075408
46,2019,0.076610,0.040223,0.378156,0.000000,0.059429
46,2020,-0.428904,0.149381,0.387068,0.000000,-0.028065
46,2021,-0.045644,0.076895,0.455219,0.000000,0.097832
47,2017,0.042583,0.181630,0.545631,0.007566,0.137133
47,2018,0.150853,0.118510,0.487038,0.006701,-0.051465
47,2019,0.056713,0.115400,0.506961,0.005855,0.208041
47,2020,0.073118,0.081865,0.446659,0.031960,0.131763
47,2021,0.026938,0.074395,0.536539,0.025278,0.105864
48,2017,-0.006045,0.195879,0.301659,0.227270,-0.102881
48,2018,-0.144363,0.235648,0.363272,0.210142,0.092720
48,2019,0.018917,0.278400,0.388060,0.125819,-0.154333
48,2020,-0.026086,0.284766,0.371300,0.129757,0.050677
48,2021,-0.138490,0.091900,0.559985,0.092128,0.165708
49,2017,0.006381,0.041555,0.394234,0.010096,0.088338
49,2018,0.014949,0.085769,0.340256,0.012653,-0.028521
49,2019,0.040921,0.051147,0.315451,0.010748,-0.065088
49,2020,0.047490,0.014261,0.478952,0.007433,0.081316
49,2021,-0.001837,0.001724,0.449702,0.006986,0.090402
50,2017,0.212289,0.028819,0.036577,0.058897,0.061034
50,2018,0.022678,0.067185,0.046230,0.058961,0.006565
50,2019,0.118657,0.017021,0.039132,0.056730,0.033626
50,2020,-0.333242,0.018909,0.048726,0.060609,-0.071253
50,2021,0.169710,0.006539,0.068788,0.055330,0.099021
51,2017,0.009132,0.033893,0.245172,0.027009,0.039775
51,2018,-0.003744,0.022684,0.267534,0.023995,0.007475
51,2019,0.036305,0.030536,0.226859,0.023485,0.050363
51,2020,-0.011489,0.019824,0.213474,0.022642,0.001847
51,2021,-0.031817,0.008681,0.292279,0.020041,0.144069
52,2017,0.027531,0.000933,0.306900,0.029565,-0.395525
52,2018,0.007995,0.000918,0.201077,0.129861,-0.002963
52,2019,-0.002150,0.002318,0.252144,0.074157,-0.099547
52,2020,0.027493,0.001830,0.237471,0.139026,0.044607
52,2021,-0.001411,0.013837,0.288426,0.136358,0.128851
53,2017,0.028694,0.008175,0.115648,0.000749,0.002964
53,2018,0.018846,0.000765,0.189439,0.000220,0.092896
53,2019,0.029452,0.001165,0.096648,0.000065,-0.065848
53,2020,0.179632,0.001637,0.192168,0.001391,0.143944
53,2021,0.051513,0.008051,0.105761,0.000736,0.192019
54,2017,0.150543,0.028533,0.081322,0.000121,0.179171
54,2018,0.198069,0.024464,0.173265,0.017089,-0.026427
54,2019,0.068577,0.047216,0.069417,0.010827,0.299102
54,2020,0.072114,0.007311,0.072048,0.010207,0.018194
54,2021,0.216058,0.000166,0.129637,0.008587,0.118825
55,2017,0.072329,0.141939,0.062922,0.077738,0.029898
55,2018,0.044827,0.095646,0.072622,0.071490,0.014304
55,2019,0.055510,0.127996,0.070305,0.061978,-0.002075
55,2020,-0.011681,0.219257,0.068857,0.058938,-0.025470
55,2021,0.147309,0.149594,0.070649,0.057508,0.010378
56,2017,-0.011288,0.249793,0.184213,0.000056,0.227075
56,2018,-0.004324,0.391472,0.074554,0.000025,0.130213
56,2019,-0.007483,0.521932,0.262739,0.000610,0.655533
56,2020,-0.004611,0.656855,0.347226,0.000279,0.030705
56,2021,-0.012900,0.652772,0.194214,0.000141,0.089894
57,2017,0.162495,0.004627,0.124003,0.019305,-0.038822
57,2018,0.082344,0.020807,0.165961,0.017070,0.011526
57,2019,0.017286,0.017780,0.130686,0.016798,0.032811
57,2020,-0.026477,0.043572,0.092369,0.013537,-0.129616
57,2021,0.076484,0.056889,0.088688,0.013776,-0.052298
58,2017,0.168147,-0.029126,0.039389,0.009527,-0.070784
58,2018,-0.165468,0.051090,0.055061,0.000000,0.050020
58,2019,0.006836,0.013013,0.058780,0.000000,-0.009669
58,2020,-0.032744,0.010180,0.053331,0.000000,0.029903
58,2021,-0.087156,0.010925,0.078573,0.000000,0.047381
59,2017,0.121214,0.397791,0.450212,0.041692,-0.038652
59,2018,0.025966,0.143075,0.493065,0.051190,-0.101518
59,2019,0.051629,0.174223,0.327108,0.037362,0.109713
59,2020,0.017992,0.370457,0.283918,0.040928,-0.040802
59,2021,-0.023589,0.543332,0.114173,0.043214,0.950879
60,2017,-0.011054,0.028561,0.062479,0.033734,-0.006895
60,2018,0.077379,0.035659,0.057284,0.031791,0.039353
60,2019,0.047112,0.132601,0.048650,0.028894,0.061251
60,2020,0.167017,0.094068,0.045543,0.021790,-0.004636
60,2021,0.101974,0.055865,0.030900,0.019396,0.054445
61,2017,0.097779,0.166398,0.189082,0.219562,0.005632
61,2018,-0.082909,0.312365,0.180257,0.216490,-0.003119
61,2019,0.009450,0.235002,0.144699,0.276243,0.001044
61,2020,0.091529,0.191493,0.154735,0.264903,0.017964
61,2021,0.035365,0.113414,0.183041,0.275225,0.008310
62,2017,0.033762,0.000018,0.151056,0.004312,0.016195
62,2018,0.086932,0.001329,0.153910,0.003291,0.063752
62,2019,0.035550,0.021572,0.148337,0.002864,0.016774
62,2020,0.038173,0.015043,0.148273,0.002232,-0.032695
62,2021,0.028158,0.010490,0.140260,0.003765,0.021159
63,2017,0.093170,0.173378,0.264161,0.000359,0.047870
63,2018,-0.032473,0.172223,0.243377,0.000133,-0.001564
63,2019,0.126462,0.246921,0.208534,0.000527,-0.017010
63,2020,0.012326,0.073868,0.238477,0.000509,-0.011046
63,2021,-0.006292,0.051251,0.313160,0.000986,0.088507
64,2017,0.048009,0.024981,0.382533,0.000000,0.176108
64,2018,0.048045,0.047347,0.294379,0.000000,-0.024371
64,2019,-0.024510,0.068646,0.157593,0.000000,-0.145162
64,2020,0.002257,0.088628,0.158169,0.000000,0.195077
64,2021,-0.081388,0.112002,0.298736,0.000000,0.112261
65,2017,-0.022583,0.008473,0.001429,0.020832,-0.275893
65,2018,-0.012963,0.014455,0.000984,0.012066,-0.010435
65,2019,-0.368971,0.023118,0.000716,0.050728,0.218406
65,2020,-0.028287,0.022862,0.000420,0.053168,-0.028045
65,2021,-0.007768,0.004021,0.000260,0.065988,-0.052201
66,2017,0.045114,0.017770,0.333337,0.013520,0.130055
66,2018,0.085856,0.031118,0.301755,0.010763,0.015911
66,2019,0.073028,0.030088,0.334778,0.006801,0.094579
66,2020,-0.054263,0.028262,0.407279,0.005633,0.003308
66,2021,-0.043194,0.029773,0.409312,0.005509,-0.022548
67,2017,0.105685,0.269749,0.417398,0.003216,0.095804
67,2018,0.031395,-0.747969,0.214993,0.002974,-0.190815
67,2019,0.136742,2.463225,0.214708,0.001744,0.141028
67,2020,-0.058669,0.206454,0.226224,0.000754,0.038126
67,2021,-0.079067,0.243067,0.231148,0.000207,0.102995
68,2017,0.031350,0.005144,0.162836,0.048348,-0.003821
68,2018,0.070853,0.009378,0.169822,0.046076,0.054281
68,2019,0.116647,0.019803,0.161295,0.045315,0.046319
68,2020,0.064573,0.019148,0.136064,0.043632,-0.017413
68,2021,0.147555,0.016110,0.120401,0.039384,0.011991
69,2017,0.067252,0.192373,0.300926,0.000143,-0.008285
69,2018,0.017690,0.232800,0.300202,0.000000,0.185545
69,2019,0.112356,0.117416,0.318148,0.000000,-0.047756
69,2020,0.079633,0.107595,0.177299,0.000000,-0.014948
69,2021,0.009890,0.069264,0.362883,0.000000,0.183138
70,2017,0.032568,0.100405,0.320583,0.003340,-0.012268
70,2018,0.077333,1.982054,0.258260,0.003042,0.199698
70,2019,0.094849,0.187058,0.287569,0.003580,-0.164024
70,2020,-0.071679,0.050531,0.264013,0.004963,0.067579
70,2021,0.031159,0.014551,0.280812,0.005414,0.075755
71,2017,0.095410,0.031051,0.052359,0.082433,-0.024104
71,2018,0.071997,0.022347,0.034092,0.051506,0.058804
71,2019,0.021968,0.019677,0.025380,0.045872,0.137127
71,2020,-0.555196,0.114502,0.023494,0.044521,0.002470
71,2021,0.009923,0.042413,0.049880,0.038503,0.007184
72,2017,0.056913,0.006337,0.111735,0.000452,-0.045609
72,2018,0.165366,0.000004,0.131067,0.001667,-0.008809
72,2019,0.148309,0.003549,0.145170,0.002619,0.090210
72,2020,0.146047,0.001735,0.140377,0.002010,-0.028648
72,2021,0.135572,0.000227,0.160467,0.001668,-0.012844
73,2017,0.012715,0.040562,0.064390,0.052990,-0.056534
73,2018,0.020684,0.087534,0.053651,0.048377,0.080162
73,2019,-0.288664,0.176944,0.065303,0.045288,0.020370
73,2020,-0.021461,0.081482,0.048310,0.014288,-0.052151
73,2021,0.014113,0.083953,0.042927,0.012662,0.005201
74,2017,-0.023272,0.047834,0.333455,0.000000,-0.014859
74,2018,0.041534,0.057747,0.408095,0.000000,0.100539
74,2019,-0.030812,0.080476,0.376618,0.000000,0.005566
74,2020,0.033339,0.067646,0.314360,0.004890,-0.064570
74,2021,0.021135,0.010105,0.244488,0.003288,-0.071518
75,2017,-0.237110,0.281406,0.273527,0.098314,-0.205110
75,2018,-0.184419,0.149887,0.308387,0.138739,-0.058396
75,2019,-0.068785,0.153473,0.294584,0.115675,0.009254
75,2020,-0.097955,0.079721,0.311343,0.093956,0.041208
75,2021,-0.092907,0.061584,0.315839,0.074482,-0.017589
76,2017,0.211617,0.102411,0.181726,0.228574,0.080280
76,2018,0.142410,0.180890,0.156264,0.218978,-0.054290
76,2019,0.205876,0.091338,0.103843,0.156151,0.019543
76,2020,0.217665,0.086978,0.128185,0.159033,0.015927
76,2021,0.098330,0.031592,0.207252,0.164348,0.082555
77,2017,0.193657,0.116038,0.137765,0.066998,-0.044836
77,2018,0.067747,0.151899,0.128953,0.069536,0.004656
77,2019,0.173526,0.208823,0.123917,0.105955,0.021984
77,2020,-0.015884,0.449199,0.108968,0.089728,-0.057151
77,2021,-0.102177,0.100150,0.091667,0.077375,0.002281
78,2017,-0.000032,0.004181,0.189497,0.000000,-0.127864
78,2018,-0.001235,0.004073,0.239966,0.000000,0.045910
78,2019,-0.002677,0.006032,0.380604,0.000000,0.167993
78,2020,-0.001306,0.002521,0.183416,0.000000,-0.195894
78,2021,-0.001444,0.002699,0.178802,0.000000,-0.048236
79,2017,0.067265,0.053877,0.040251,0.000185,0.041355
79,2018,0.064345,0.084231,0.037240,0.000092,0.069266
79,2019,0.091343,0.069187,0.038095,0.000064,0.072726
79,2020,0.130667,0.059462,0.038523,0.000122,0.062604
79,2021,0.107941,0.027551,0.048591,0.000081,0.100510
80,2017,-0.021020,0.023743,0.087204,0.017511,0.010106
80,2018,-0.088188,0.031735,0.114929,0.018075,0.011724
80,2019,0.022774,0.029716,0.100268,0.016826,0.028093
80,2020,-0.036934,0.023569,0.081891,0.016878,0.002405
80,2021,0.062936,0.014889,0.096716,0.018992,0.108325
81,2017,-0.103828,0.059588,0.208448,0.000000,0.170949
81,2018,-0.021431,0.048815,0.225920,0.000000,-0.043392
81,2019,-0.043640,0.057975,0.203745,0.000000,0.023307
81,2020,-0.041162,0.053554,0.159625,0.000000,0.045576
81,2021,-0.716560,0.192055,0.116295,0.091162,0.412751
82,2017,-0.000404,0.040508,0.186310,0.000789,-0.007419
82,2018,-0.001271,0.020367,0.205725,0.000304,0.001148
82,2019,-0.004706,0.032788,0.218309,0.000000,0.053979
82,2020,0.013291,0.029165,0.271145,0.000000,0.127091
82,2021,-0.003988,0.036518,0.255228,0.000000,0.057867
83,2017,-0.239692,0.033590,0.025478,0.000000,0.021398
83,2018,0.198817,0.007833,0.019464,0.000000,-0.000595
83,2019,0.080272,0.006053,0.018764,0.000036,0.123034
83,2020,0.088994,0.005577,0.013396,0.000034,0.021584
83,2021,0.092421,0.001954,0.016237,0.000000,0.039767
84,2017,-0.074429,0.224427,0.060724,0.550105,-0.024419
84,2018,0.015609,0.221847,0.065970,0.537835,-0.019015
84,2019,0.104549,0.233902,0.067585,0.532901,-0.009251
84,2020,0.052580,0.270406,0.059354,0.491817,-0.019911
84,2021,0.093970,0.270524,0.064298,0.487164,-0.015322
85,2017,0.022521,0.010755,0.093605,0.003045,0.028804
85,2018,0.020254,0.008935,0.080602,0.002281,-0.004238
85,2019,-0.008288,0.013416,0.073914,0.001638,-0.092541
85,2020,-0.013538,0.063762,0.081794,0.001976,0.359013
85,2021,-0.050641,0.038920,0.052212,0.001689,-0.263849
86,2017,0.006023,0.002084,0.631555,0.038071,0.242610
86,2018,0.006620,0.007022,0.649552,0.037904,0.101617
86,2019,0.007780,0.008945,0.659855,0.041232,-0.089610
86,2020,0.158792,0.038254,0.376512,0.012441,-0.246132
86,2021,0.125049,0.047433,0.266932,0.006501,-0.151605
87,2017,-10.201378,0.214255,0.183415,0.003721,0.001121
87,2018,0.029856,0.183492,0.169748,0.003556,-0.025382
87,2019,-0.044333,0.202516,0.077800,0.003246,0.020812
87,2020,0.076999,0.137334,0.083716,0.003166,-0.018209
87,2021,-0.097942,0.091371,0.082116,0.003177,-0.012182
88,2017,0.016385,0.221195,0.546518,0.076887,0.117673
88,2018,0.010789,0.272554,0.510712,0.075835,-0.024979
88,2019,-0.073812,0.430742,0.403623,0.069939,-0.111628
88,2020,0.028960,0.279378,0.387564,0.075904,-0.071654
88,2021,-0.000615,0.159668,0.657743,0.059897,0.199054
89,2017,-0.002865,0.127658,0.136270,0.091103,-0.079664
89,2018,0.006932,0.133830,0.201742,0.092051,0.119601
89,2019,-0.001239,0.139045,0.159261,0.006701,-0.157673
89,2020,-0.004031,0.136287,0.131166,0.003723,-0.128706
89,2021,-0.000686,0.235514,0.218070,0.003289,0.093524
90,2017,-0.006450,0.029758,0.490517,0.000000,0.136487
90,2018,-0.005816,0.015786,0.304785,0.000000,-0.166158
90,2019,-0.027176,0.001573,0.380456,0.000000,0.431082
90,2020,0.064492,0.006458,0.394922,0.000000,0.085594
90,2021,0.053786,0.031773,0.403323,0.000000,0.126059
91,2017,0.121539,0.108082,0.040006,0.001078,0.077046
91,2018,0.110905,0.109371,0.061078,0.000876,0.043741
91,2019,0.051859,0.000417,0.045149,0.000551,0.076997
91,2020,0.040275,0.000393,0.022125,0.000283,0.039065
91,2021,0.056006,0.000218,0.058889,0.000054,0.035840
92,2017,-0.023437,0.013784,0.106721,0.014392,-0.095260
92,2018,-0.034061,0.013790,0.087392,0.012745,-0.024013
92,2019,-0.000038,0.010612,0.090164,0.012291,0.073902
92,2020,-0.017347,0.010711,0.114284,0.012629,0.105975
92,2021,-0.006814,0.007722,0.114122,0.016137,-0.053957
93,2017,-0.058569,0.130483,0.186971,0.126784,-0.009767
93,2018,-0.114738,0.113247,0.155237,0.127083,-0.023213
93,2019,-0.168313,0.027935,0.174748,0.156179,-0.038567
93,2020,-0.446517,0.101871,0.170609,0.137500,-0.055351
93,2021,0.023270,0.053428,0.104512,0.126771,-0.092026
94,2017,-0.147793,0.112904,0.345177,0.000000,-0.083643
94,2018,-0.045933,0.155646,0.386765,0.000000,0.103841
94,2019,-0.008821,0.143601,0.333855,0.000000,-0.052335
94,2020,-0.075943,0.106830,0.382589,0.000000,-0.129752
94,2021,-0.024388,0.063032,0.526914,0.000000,0.302373
95,2017,-0.031385,0.022998,0.049704,0.000000,-0.009836
95,2018,0.135028,0.047856,0.091537,0.000000,0.004732
95,2019,-0.061914,0.001010,0.091086,0.000000,0.056329
95,2020,0.046915,0.005384,0.085897,0.000000,-0.013991
95,2021,0.028565,-0.003534,0.056980,0.000000,0.003184
96,2017,-0.025088,0.017799,0.333326,0.000000,-0.095939
96,2018,-0.028673,0.017787,0.331718,0.000000,-0.024824
96,2019,-0.003578,0.029647,0.311141,0.000497,0.047591
96,2020,-0.050094,0.023162,0.302441,0.000361,-0.009920
96,2021,-0.116021,0.016323,0.295840,0.000210,0.005928
97,2017,-0.001361,0.135750,0.084766,0.016957,0.130686
97,2018,0.234128,0.280467,0.071431,0.019120,0.012732
97,2019,0.053180,0.245485,0.080713,0.019620,-0.073331
97,2020,0.093845,0.142391,0.072771,0.013987,0.227654
97,2021,0.198811,0.033665,0.084980,0.020308,-0.018932
98,2017,0.117198,0.331882,0.489443,0.005075,-0.048479
98,2018,0.130781,0.206777,0.567769,0.004527,0.113975
98,2019,0.137103,0.292054,0.540865,0.005099,-0.029728
98,2020,0.137779,0.149038,0.468678,0.001837,0.015430
98,2021,0.142908,0.193104,0.366615,0.001493,0.010046
99,2017,-0.014004,0.025445,0.071263,0.016110,0.002171
99,2018,0.038353,0.038531,0.079690,0.015182,0.053255
99,2019,-0.001145,0.060651,0.075154,0.021869,0.027257
99,2020,0.082381,0.045319,0.073327,0.013930,0.051709
99,2021,0.112728,0.042502,0.065463,0.012984,0.022873
100,2017,0.091734,0.119118,0.185222,0.003187,0.084736
100,2018,-0.227724,0.239891,0.263171,0.002498,-0.024947
100,2019,-0.062781,0.234846,0.242662,0.007655,-0.063209
100,2020,-0.342785,0.188183,0.240912,0.009671,0.009050
100,2021,-0.341024,0.146396,0.330055,0.009230,0.059594
101,2017,-0.116742,0.141301,0.205625,0.034305,-0.028634
101,2018,-0.125717,0.224915,0.218802,0.034385,0.001070
101,2019,-0.525766,0.297655,0.200590,0.033283,0.020048
101,2020,0.060426,0.114354,0.162337,0.032790,-0.060429
101,2021,-0.009411,0.066431,0.148711,0.031107,-0.054087
102,2017,-0.001378,0.134865,0.555839,0.000000,-0.078567
102,2018,-0.001589,0.119975,0.628313,0.000000,0.052605
102,2019,-0.010961,0.154647,0.560654,0.000000,0.210871
102,2020,-0.001598,0.153290,0.609201,0.000000,-0.051857
102,2021,-0.004788,0.131487,0.674481,0.000000,-0.044715
103,2017,-0.045527,0.035943,0.052418,0.048121,0.130947
103,2018,-0.077193,0.056260,0.061951,0.040311,0.032622
103,2019,0.013998,0.035937,0.067092,0.038043,0.067535
103,2020,0.042084,0.021633,0.087167,0.034823,0.045223
103,2021,0.047063,0.021490,0.121819,0.034054,0.081720
104,2017,-0.267465,0.150164,0.130770,0.000715,0.019063
104,2018,-0.140765,0.179264,0.140737,0.000689,-0.000132
104,2019,0.225626,0.291927,0.166958,0.000753,-0.118022
104,2020,0.064325,0.023850,0.121770,0.000464,-0.060638
104,2021,0.040285,0.008171,0.110586,0.000337,0.142672
105,2017,0.028278,0.019508,0.105019,0.005252,-0.157118
105,2018,0.033769,0.020937,0.141714,0.004716,-0.121643
105,2019,0.025858,0.025350,0.098427,0.011773,-0.071186
105,2020,0.031104,0.028610,0.134824,0.011366,-0.047031
105,2021,0.027312,0.010528,0.097674,0.006845,-0.077075
106,2017,-0.085687,0.024808,0.032937,0.084475,0.091904
106,2018,-0.185496,0.043970,0.027734,0.080134,0.014870
106,2019,0.177324,0.146373,0.041312,0.000000,0.023564
106,2020,-0.113335,0.141499,0.063565,0.000000,0.030391
106,2021,0.125276,0.085972,0.057813,0.000000,0.034726
107,2017,0.051556,0.233131,0.057711,0.103076,0.034586
107,2018,0.170431,0.209878,0.039728,0.084672,0.005104
107,2019,0.141846,0.160405,0.028860,0.085818,0.066105
107,2020,-0.037604,0.215974,0.044244,0.093764,-0.014445
107,2021,-2.312426,0.481453,0.054128,0.084658,-0.002261
108,2017,-0.002741,0.004794,0.109146,0.110468,-0.141205
108,2018,-0.003685,0.016355,0.130047,0.050964,0.301351
108,2019,-0.001316,0.055238,0.223999,0.104258,0.052060
108,2020,-0.002812,0.105118,0.313394,0.107372,0.106026
108,2021,-0.010973,0.020990,0.469433,0.073827,0.402081
109,2017,-0.006667,0.243450,0.724793,0.015731,0.117255
109,2018,-0.011022,0.267786,0.771813,0.012123,0.113519
109,2019,-0.004323,0.291600,0.759854,0.037777,-0.036330
109,2020,-0.003903,0.194238,0.681117,0.052575,-0.199259
109,2021,-0.005291,0.177804,0.646158,0.040367,0.295735
110,2017,0.148722,0.100259,0.201855,0.000371,-0.061824
110,2018,0.095033,0.074899,0.240521,0.000205,0.003338
110,2019,0.047791,0.075637,0.253447,0.000155,0.091284
110,2020,0.077630,0.053262,0.235145,0.000124,-0.112802
110,2021,0.174596,0.013766,0.239204,0.000051,0.038610
111,2017,0.008492,0.131318,0.035607,0.132421,0.023215
111,2018,-0.195412,0.277103,0.051705,0.037285,0.001873
111,2019,-0.397392,0.167360,0.047354,0.035504,0.043013
111,2020,-0.061469,0.078721,0.034219,0.036037,-0.011737
111,2021,0.050027,0.031883,0.033918,0.035407,0.005054
112,2017,-0.192461,0.307655,0.148247,0.021518,0.005486
112,2018,-0.147402,0.398193,0.145210,0.019598,0.107560
112,2019,-0.056631,0.318377,0.111460,0.018675,0.034942
112,2020,-0.040325,0.279771,0.113565,0.017238,-0.007438
112,2021,-0.009701,0.191789,0.113123,0.002660,0.004465
113,2017,0.186189,0.369602,0.092869,0.195464,0.025573
113,2018,-0.024771,0.297844,0.094941,0.177745,0.032404
113,2019,0.015668,0.289772,0.096186,0.174571,0.013937
113,2020,0.000316,0.171941,0.068445,0.088888,-0.021185
113,2021,0.041407,0.349572,0.087140,0.088368,0.037403
114,2017,-0.027788,0.078270,0.293216,0.000000,0.203405
114,2018,-0.009216,0.089773,0.268358,0.000000,-0.166916
114,2019,-0.293080,0.144259,0.296265,0.000000,-0.050115
114,2020,-0.004424,0.020232,0.298707,0.000000,-0.031814
114,2021,0.028839,-0.037838,0.294479,0.000000,0.144767
115,2017,0.052968,0.014794,0.040362,0.000000,0.073796
115,2018,0.042160,0.000254,0.078979,0.000000,0.062680
115,2019,0.110436,0.000056,0.043952,0.000000,0.008557
115,2020,-0.079217,0.019212,0.037776,0.000000,-0.027573
115,2021,-0.016148,0.013354,0.030919,0.000000,-0.039629
116,2017,0.107530,-1.146479,0.251841,0.000000,-0.064466
116,2018,0.219978,0.101947,0.165985,0.000000,0.206325
116,2019,-0.230864,0.113997,0.096626,0.000000,0.084599
116,2020,-0.286676,0.212605,0.107990,0.000000,0.069452
116,2021,-0.174696,0.324567,0.032345,0.006335,0.513468
117,2017,0.004746,0.095792,0.330298,0.005345,-0.000350
117,2018,-0.012112,0.074387,0.299135,0.006695,-0.002930
117,2019,-0.299968,0.144516,0.227592,0.007131,0.005898
117,2020,-0.109966,0.091182,0.296696,0.005933,0.037591
117,2021,-0.023501,0.126274,0.302980,0.004977,0.060191
118,2017,0.043772,0.208559,0.060058,0.009747,0.032711
118,2018,0.013230,0.167924,0.078127,0.008581,0.004902
118,2019,-0.042239,0.242107,0.059645,0.009828,-0.028220
118,2020,0.000565,0.235721,0.047346,0.010072,-0.014841
118,2021,-0.016680,0.150875,0.063013,0.014346,0.036700
119,2017,0.162680,0.650953,0.154678,0.014279,0.320035
119,2018,0.103256,0.575003,0.210167,0.010077,0.464951
119,2019,0.080334,0.523357,0.220008,0.006400,-0.063823
119,2020,0.198707,-5.894709,0.236873,0.005982,-0.034341
119,2021,0.194248,-1.024745,0.221944,0.005120,-0.105110
120,2017,-0.001822,0.111301,0.229987,0.058340,-0.004419
120,2018,-0.035555,0.063724,0.220351,0.048205,-0.091375
120,2019,-0.001095,0.026852,0.202310,0.040524,-0.008120
120,2020,-0.000140,0.023420,0.177639,0.033373,-0.023993
120,2021,0.000000,0.009571,0.130943,0.028759,0.012000
121,2017,0.029187,0.002970,0.288535,0.004386,-0.028343
121,2018,0.007028,0.004901,0.257322,0.003933,-0.021362
121,2019,-0.009834,0.015021,0.234648,0.003348,-0.002439
121,2020,-0.017912,0.023951,0.276101,0.003009,0.017674
121,2021,-0.005678,0.009038,0.271569,0.002398,-0.002196
122,2017,0.183476,0.000394,0.002254,0.000000,-0.025789
122,2018,0.193699,0.002195,0.001350,0.000000,-0.014787
122,2019,-0.055380,0.004158,0.001503,0.000000,0.003227
122,2020,0.076251,0.007725,0.001713,0.000000,-0.019811
122,2021,0.123734,0.009047,0.003885,0.000000,-0.004096
123,2017,-0.049613,0.110637,0.101504,0.000000,0.015364
123,2018,-0.188765,0.498741,0.182494,0.000000,-0.029334
123,2019,-0.197621,0.419123,0.121035,0.000000,0.070600
123,2020,0.113220,-0.441653,0.085962,0.000000,-0.067905
123,2021,0.212776,0.260408,0.105744,0.000000,-0.092226
124,2017,-0.012323,0.000912,0.117153,0.000000,-0.082409
124,2018,-0.007514,0.001059,0.093923,0.000000,0.029094
124,2019,-0.011372,0.002602,0.099214,0.000000,0.037704
124,2020,-0.012824,0.006475,0.101169,0.000000,0.062527
124,2021,-0.014158,0.012120,0.165851,0.000000,0.118515
125,2017,-0.021175,0.000295,0.221210,0.094308,0.043807
125,2018,-0.019854,0.002848,0.258848,0.091208,0.143910
125,2019,-0.012264,0.016061,0.192185,0.082669,-0.107274
125,2020,-0.036838,0.019092,0.194168,0.078282,-0.123931
125,2021,-0.061869,0.021170,0.240879,0.078456,-0.001993
126,2017,0.000000,0.002939,0.152901,0.000666,-0.250716
126,2018,0.000000,0.009322,0.185523,0.001096,0.017287
126,2019,0.000000,0.023758,0.397173,0.000947,0.271228
126,2020,0.000000,0.005536,0.263727,0.000893,0.012796
126,2021,0.000000,0.005119,0.385946,0.000600,0.040488
127,2017,-0.001634,0.082709,0.117736,0.013061,0.659755
127,2018,0.011210,0.342615,0.123110,0.006169,0.005390
127,2019,0.059443,0.520978,0.114770,0.007743,0.056191
127,2020,0.134952,0.358179,0.134089,0.008845,0.149984
127,2021,0.009054,0.201757,0.151680,0.005878,0.144180
128,2017,-0.002467,0.002424,0.201519,0.000000,0.063913
128,2018,-0.009350,0.207960,0.114077,0.000000,0.332795
128,2019,-0.005873,0.323658,0.074498,0.000000,0.014715
128,2020,-0.000328,0.412610,0.080553,0.000000,0.127462
128,2021,-0.007181,7.428366,0.108089,0.000000,0.057933
129,2017,-0.001758,0.099497,0.228479,0.000497,0.012813
129,2018,-0.009556,0.111992,0.238901,0.000262,0.014236
129,2019,-0.016207,0.051451,0.146557,0.000020,-0.063183
129,2020,-0.001222,0.045595,0.130719,0.000644,0.050679
129,2021,-0.001269,0.038447,0.184431,0.000367,-0.009522
130,2017,0.032255,0.159890,0.213951,0.002254,-0.053068
130,2018,0.099952,0.131174,0.149846,0.001089,0.039854
130,2019,0.018096,0.101670,0.378308,0.000152,0.063277
130,2020,0.009677,0.077544,0.410026,0.000000,-0.070030
130,2021,-0.029568,0.033773,0.373421,0.000000,-0.115804
131,2017,0.043598,0.093222,0.252367,0.000000,0.197483
131,2018,-0.003130,0.103834,0.282351,0.000000,0.368062
131,2019,-0.000264,0.098911,0.231845,0.000000,0.138206
131,2020,0.059709,0.067171,0.294185,0.000000,-0.154560
131,2021,0.059933,0.042105,0.322076,0.000000,0.240750
132,2017,-0.045105,0.226947,0.564476,0.012180,0.110638
132,2018,-0.011633,0.232414,0.546774,0.007852,0.135911
132,2019,-0.033247,0.325540,0.566725,0.008988,0.025915
132,2020,-0.043539,0.354059,0.525593,0.008286,0.033115
132,2021,-0.114657,0.449910,0.589479,0.008578,0.092163
133,2017,0.013751,0.068467,0.030837,0.000000,0.009622
133,2018,0.016111,0.112246,0.023053,0.000000,0.206817
133,2019,0.040872,0.151872,0.033451,0.000999,-0.101880
133,2020,0.040719,0.182868,0.035251,0.005961,-0.103974
133,2021,-0.040263,0.110997,0.039199,0.004684,0.140379
134,2017,-0.003468,0.085504,0.259597,0.000000,0.094723
134,2018,-0.003715,0.117409,0.254470,0.000041,0.089434
134,2019,-0.005132,0.146543,0.188932,0.000038,0.057559
134,2020,-0.006034,0.124180,0.219207,0.000026,-0.084398
134,2021,-0.005722,0.132174,0.250192,0.000016,0.117992
135,2017,0.002392,0.170217,0.112771,0.105287,-0.077980
135,2018,-0.017918,0.148602,0.113918,0.119274,-0.086282
135,2019,-0.014634,0.147685,0.108909,0.127367,0.069257
135,2020,-0.049083,0.127567,0.096425,0.137420,-0.012030
135,2021,-0.018426,0.082951,0.138143,0.150842,-0.018924
136,2017,0.123923,0.023977,0.105157,0.000000,0.143651
136,2018,0.125286,0.035407,0.141066,0.000000,0.130167
136,2019,0.122741,0.026216,0.154391,0.000000,0.114286
136,2020,0.119778,0.055825,0.156004,0.000000,-0.229691
136,2021,0.043956,0.022679,0.210908,0.000000,-0.080005
137,2017,-0.006316,0.085132,0.091011,0.000000,-0.003123
137,2018,-0.003788,0.092797,0.104394,0.000000,-0.006167
137,2019,-0.037470,0.057626,0.099479,0.000000,-0.028226
137,2020,0.061247,0.060474,0.100328,0.000147,-0.053122
137,2021,-0.007427,0.007260,0.085560,0.000211,-0.087559
138,2017,-0.011180,0.054370,0.214264,0.000000,0.136934
138,2018,0.049252,0.084175,0.254447,0.000000,-0.130273
138,2019,0.023217,0.097470,0.256901,0.000000,0.163319
138,2020,-0.014690,0.126626,0.203962,0.000000,-0.076137
138,2021,0.000902,0.097677,0.208847,0.000000,-0.045977
139,2017,-0.000459,0.017406,0.179111,0.000000,-0.063107
139,2018,0.128144,0.036032,0.211597,0.000000,-0.013826
139,2019,0.140240,0.016003,0.181530,0.000323,0.011144
139,2020,0.068072,0.003598,0.285952,0.000692,0.134993
139,2021,0.065599,0.003187,0.286430,0.000593,-0.023907
140,2017,-0.043937,0.251946,0.009130,0.126308,0.067325
140,2018,0.067467,0.160403,0.405021,0.145770,0.062510
140,2019,0.066016,0.255859,0.381712,0.065385,0.358364
140,2020,0.087470,0.316219,0.357693,0.057032,0.040817
140,2021,0.057949,0.261160,0.442886,0.047654,0.106330
141,2017,0.085978,0.254785,0.014465,0.001329,0.053818
141,2018,0.093614,0.501323,0.028975,0.001224,0.043004
141,2019,0.185579,2.668182,0.039896,0.000934,-0.148889
141,2020,0.086133,2.492755,0.021359,0.000892,0.032679
141,2021,0.193805,0.650656,0.045918,0.001072,0.285154
142,2017,0.051329,0.103140,0.058485,0.000650,0.138759
142,2018,-0.018677,0.292002,0.045605,0.000529,0.117882
142,2019,-0.015473,0.314393,0.050225,0.000516,0.164803
142,2020,0.032265,0.241787,0.041824,0.000427,0.066396
142,2021,0.117539,0.112245,0.068636,0.000660,0.112179
143,2017,0.098427,0.109747,0.179469,0.001151,0.266652
143,2018,0.122336,0.098658,0.125509,0.025462,-0.028810
143,2019,0.132505,0.554834,0.136657,0.018427,0.379735
143,2020,-0.010856,0.683991,0.205968,0.021003,-0.217591
143,2021,-0.699586,0.280549,0.193045,0.017583,-0.031297
144,2017,-0.032701,0.011072,0.065059,0.053191,-0.076029
144,2018,-0.012874,0.000418,0.066407,0.045313,-0.020913
144,2019,-0.016174,0.000121,0.027706,0.043983,0.018150
144,2020,-0.019716,0.000015,0.025798,0.034363,-0.096379
144,2021,-0.035138,0.001988,0.045030,0.032058,-0.020791
145,2017,-0.026849,0.058098,0.330696,0.000000,-0.036389
145,2018,-0.014087,0.068570,0.307137,0.000000,-0.063985
145,2019,-0.003214,0.111061,0.368841,0.000000,0.305462
145,2020,0.057885,0.144434,0.254750,0.000000,0.054675
145,2021,-0.003137,0.161674,0.381087,0.000000,0.070020
146,2017,0.040868,0.010353,0.279905,0.019652,-0.070911
146,2018,0.038304,0.037695,0.315285,0.009065,0.342320
146,2019,-0.012624,0.075415,0.272182,0.009435,-0.070484
146,2020,0.056496,0.083532,0.450047,0.004211,0.007607
146,2021,-0.015103,0.072999,0.438756,0.000486,0.007287
147,2017,-0.179403,0.496107,0.388374,0.000000,-0.138786
147,2018,-0.042447,0.452792,0.305910,0.000000,-0.144154
147,2019,-0.504923,0.397369,0.312860,0.002003,0.136732
147,2020,0.200000,0.487861,0.347271,0.003794,-0.047763
147,2021,-0.021631,0.471923,0.310410,0.001913,0.036847
148,2017,-0.000968,0.085936,0.370939,0.006672,-0.165290
148,2018,-0.001023,0.106924,0.414034,0.005646,0.230174
148,2019,-0.001183,0.144361,0.323347,0.004658,0.023503
148,2020,-0.001259,0.128892,0.392495,0.004989,0.161375
148,2021,-0.000630,0.144849,0.602876,0.004273,0.281306
149,2017,0.028450,0.230995,0.135762,0.000000,1.331446
149,2018,0.006730,0.179735,0.308813,0.000000,2.583025
149,2019,0.074913,0.112345,0.190968,0.000000,0.047281
149,2020,0.108513,0.115664,0.184721,0.050610,0.002474
149,2021,0.056877,0.103647,0.172350,0.091579,-0.010697
150,2017,0.148050,0.133573,0.032547,0.000312,0.013569
150,2018,-0.016064,0.197168,0.055616,0.003889,0.043939
150,2019,-0.054478,0.194088,0.036266,0.004224,0.042482
150,2020,-0.085829,0.195697,0.054923,0.004582,0.029553
150,2021,-0.076949,0.082290,0.080560,0.005320,-0.053937
151,2017,0.112450,0.073765,0.228878,0.000000,-0.022134
151,2018,-0.587236,19.662655,0.037096,0.000000,-0.417716
151,2019,-0.617538,0.099223,0.174693,0.000000,0.078716
151,2020,-0.032548,0.091151,0.201578,0.000000,0.041985
151,2021,-0.131987,-0.744008,0.199766,0.000000,0.042688
152,2017,0.148755,0.045134,0.056082,0.000000,-0.044722
152,2018,0.148453,0.019521,0.047129,0.000000,0.035135
152,2019,0.147917,0.046785,0.039130,0.000000,0.041482
152,2020,0.148290,0.103662,0.029957,0.000000,-0.012415
152,2021,0.148976,0.127847,0.022588,0.000000,0.010838
153,2017,0.006369,1.799719,0.077209,0.049709,0.437789
153,2018,-0.062704,0.218021,0.196080,0.038296,0.272861
153,2019,-0.195213,0.404654,0.122967,0.033925,0.075872
153,2020,0.010670,0.412302,0.087616,0.031229,-0.062613
153,2021,0.009595,0.186512,0.208456,0.024379,0.098938
154,2017,-0.044061,0.104871,0.231078,0.000845,0.671669
154,2018,-0.002436,0.070569,0.180891,0.000657,-0.156038
154,2019,-0.013903,0.103588,0.115652,0.000482,0.239328
154,2020,0.005181,0.058483,0.207404,0.004404,0.073464
154,2021,-0.002424,0.079590,0.351678,0.001938,0.742615
155,2017,0.199159,0.116349,0.326762,0.000000,0.150886
155,2018,0.083099,0.210366,0.210255,0.000000,0.076560
155,2019,-0.094595,0.617413,0.103784,0.000000,0.214183
155,2020,0.092316,0.985460,0.049192,0.000184,0.046885
155,2021,-0.013462,0.390414,0.060598,0.000143,0.070469
156,2017,0.027421,0.229531,0.330756,0.027633,-0.067093
156,2018,-0.072698,0.283611,0.279132,0.027485,0.050474
156,2019,-0.116894,0.557939,0.237184,0.027265,-0.050650
156,2020,0.061442,0.286987,0.268392,0.020656,-0.015259
156,2021,0.019294,0.152235,0.282539,0.015359,0.262066
157,2017,0.041612,0.229829,0.274571,0.009130,0.132778
157,2018,0.041132,0.207679,0.316876,0.009570,0.059420
157,2019,-0.002687,0.227295,0.284204,0.007903,-0.007266
157,2020,0.027498,0.282818,0.288502,0.007518,0.023170
157,2021,0.027083,0.240755,0.265451,0.005609,0.110512
158,2017,-0.007265,0.023918,0.378466,0.032995,-0.042461
158,2018,-0.008935,0.021728,0.406955,0.025640,-0.091144
158,2019,0.000746,0.035543,0.157600,0.104387,0.106535
158,2020,0.025242,0.135801,0.388030,0.054577,0.683317
158,2021,0.014539,0.439638,0.456631,0.007068,0.546533
159,2017,0.003339,0.908629,0.276138,0.017480,-0.005400
159,2018,-0.004694,0.217622,0.250759,0.019972,0.027023
159,2019,-0.021505,-0.518650,0.243262,0.023486,0.139737
159,2020,-0.004851,-0.085740,0.212451,0.023463,0.067529
159,2021,-0.271733,-0.230583,0.188881,0.021864,0.004039
160,2017,-0.012031,0.369195,0.153117,0.000000,-0.128642
160,2018,0.125284,0.421214,0.166336,0.000000,0.057010
160,2019,0.111418,0.345526,0.234028,0.000000,0.011785
160,2020,0.054756,0.513028,0.243844,0.000000,-0.034629
160,2021,-0.025235,0.598032,0.299537,0.000000,0.031500
161,2017,-0.232852,0.485298,0.230156,0.003740,-0.014448
161,2018,-0.139244,0.925315,0.211775,0.000711,-0.008199
161,2019,-0.038784,0.430477,0.195327,0.000619,0.092048
161,2020,0.079686,0.599928,0.283443,0.000507,0.071641
161,2021,-0.010831,0.245737,0.368498,0.000425,0.228947
162,2017,-0.639982,1.391597,0.344633,0.001403,0.057284
162,2018,-0.413045,1.688073,0.290908,0.001712,-0.026368
162,2019,-0.763208,0.864369,0.280973,0.001246,-0.021037
162,2020,-0.149009,1.478230,0.063611,0.001018,-0.079333
162,2021,-0.205565,3.009024,0.034240,0.001021,0.266976
163,2017,0.017862,0.079442,0.356545,0.000486,0.206845
163,2018,0.013536,0.091016,0.304668,0.000418,-0.040122
163,2019,0.018570,0.125896,0.334236,0.000276,0.222019
163,2020,0.014186,0.139920,0.262090,0.000186,-0.072342
163,2021,0.012461,0.140169,0.420341,0.000065,0.305412
164,2017,0.048793,0.258192,0.309290,0.006111,0.053233
164,2018,0.003790,0.252641,0.304794,0.004424,0.003049
164,2019,0.010722,0.268748,0.338053,0.003667,0.060902
164,2020,0.025473,0.342385,0.362315,0.003507,-0.085680
164,2021,0.013825,0.315487,0.377464,0.003179,-0.099834
165,2017,0.005802,0.105066,0.254120,0.000149,-0.098708
165,2018,0.013076,0.160865,0.346779,0.000009,0.163799
165,2019,-0.024099,0.248116,0.336956,0.001561,-0.022952
165,2020,-0.021287,0.230081,0.330342,0.001694,-0.304611
165,2021,-0.006088,0.053578,0.338926,0.000636,-0.072636
166,2017,0.007867,0.001966,0.375975,0.000000,0.229018
166,2018,0.150002,0.459417,0.031459,0.000000,0.007772
166,2019,-0.018405,0.306496,0.231410,0.021145,0.093382
166,2020,-0.022829,0.414248,0.211090,0.019547,-0.053458
166,2021,0.000470,0.504149,0.293221,0.013511,0.173039
167,2017,0.033337,0.461254,0.081594,0.096273,0.055975
167,2018,0.006712,0.553002,0.058242,0.055929,0.050111
167,2019,-0.117088,0.669173,0.069223,0.070873,0.053807
167,2020,0.021641,0.682251,0.060961,0.067853,0.013913
167,2021,-0.276800,0.609516,0.089159,0.153897,0.042438
168,2017,0.060309,0.034709,0.174119,0.000052,0.181916
168,2018,0.065479,0.055869,0.186064,0.000009,0.197191
168,2019,0.024142,0.102091,0.147060,0.000134,0.078631
168,2020,0.155770,0.071475,0.137748,0.000121,-0.023161
168,2021,0.140918,0.025696,0.133221,0.000137,0.120549
169,2017,-0.010893,0.056490,0.454183,0.000000,-0.003693
169,2018,0.004437,0.064588,0.548134,0.000000,0.074534
169,2019,0.002637,0.036500,0.551295,0.000000,0.242722
169,2020,-0.006106,0.046451,0.508232,0.000000,0.000763
169,2021,-0.004242,0.039461,0.539283,0.001518,0.021267
170,2017,0.093139,0.112301,0.155061,0.059154,0.058882
170,2018,0.089730,0.124103,0.211958,0.055997,0.098287
170,2019,0.085120,0.122381,0.174939,0.050750,-0.023838
170,2020,0.099528,0.105254,0.185854,0.047236,-0.009053
170,2021,0.098476,0.099954,0.232283,0.044564,0.086122
171,2017,-0.000004,0.017002,0.392384,0.148243,0.479494
171,2018,-0.001440,0.203110,0.383421,0.106424,0.336319
171,2019,-0.000143,0.214726,0.550420,0.097780,0.237166
171,2020,-0.020696,0.705185,0.575153,0.072755,0.278519
171,2021,-0.015100,0.359781,0.768359,0.042553,0.725773
172,2017,-0.009511,0.078796,0.127072,0.023792,0.104214
172,2018,-0.011231,0.096930,0.105480,0.020333,-0.024818
172,2019,-0.005396,0.060147,0.115275,0.019947,0.132843
172,2020,0.055351,0.000576,0.093681,0.019249,0.032253
172,2021,0.060312,0.001980,0.106369,0.017866,0.082804
173,2017,0.011167,0.241238,0.292391,0.020191,-0.037226
173,2018,0.014555,0.316375,0.281865,0.016914,0.046098
173,2019,0.025461,0.318997,0.407118,0.013136,0.206714
173,2020,0.031507,0.513143,0.442636,0.010100,0.160289
173,2021,-0.079885,1.181894,0.509892,0.007408,0.064041
174,2017,-0.037911,0.148893,0.207765,0.053322,0.054767
174,2018,-0.165981,0.677463,0.172131,0.034419,0.081695
174,2019,0.030719,0.868423,0.132605,0.012540,0.038077
174,2020,0.002003,0.452478,0.126076,0.011867,0.000469
174,2021,-0.004271,0.301322,0.173044,0.011876,0.053496
175,2017,0.005610,0.103064,0.593709,0.000000,0.143797
175,2018,0.002447,0.125412,0.578843,0.000000,-0.006815
175,2019,-0.000934,0.132814,0.467943,0.001865,0.013438
175,2020,-0.002653,0.107666,0.405969,0.002203,0.020357
175,2021,-0.002462,0.173655,0.274490,0.001463,0.126158
176,2017,0.001046,0.222966,0.146959,0.136283,-0.000231
176,2018,0.006224,0.250218,0.201855,0.133339,0.028925
176,2019,-0.009549,0.097211,0.232546,0.128744,0.086116
176,2020,0.047526,0.086455,0.239956,0.135752,0.043434
176,2021,0.069560,0.016837,0.266188,0.121393,-0.002852
177,2017,-0.045026,0.031291,0.229952,0.000000,0.277084
177,2018,-0.359416,0.094584,0.207103,0.000164,0.070453
177,2019,-0.027942,0.135446,0.075617,0.000073,0.290666
177,2020,-0.067571,0.261156,0.073469,0.000051,-0.044294
177,2021,-0.024388,0.289908,0.089303,0.004951,0.114874
178,2017,0.110034,0.617900,0.319757,0.028984,0.005030
178,2018,0.073536,0.671441,0.314243,0.031441,-0.020576
178,2019,0.106600,0.799518,0.304745,0.049318,0.076409
178,2020,-0.148232,0.586523,0.346359,0.039357,0.075401
178,2021,-0.007484,0.759108,0.324837,0.041817,-0.028516
179,2017,-0.008304,0.037055,0.303566,0.015525,-0.025226
179,2018,-0.003976,0.061175,0.333104,0.012318,-0.037382
179,2019,-0.001845,0.093283,0.286809,0.013131,0.148212
179,2020,-0.000645,0.083169,0.305197,0.010748,0.078648
179,2021,-0.000884,0.093245,0.319333,0.009748,0.053347
180,2017,-0.332110,0.394839,0.510686,0.001098,0.135543
180,2018,-0.113652,0.438769,0.659836,0.000792,0.025231
180,2019,-0.026478,0.417433,0.671352,0.000511,-0.011598
180,2020,-0.021271,0.399598,0.731111,0.000312,-0.023257
180,2021,0.036924,0.359488,0.630603,0.000130,0.039923
181,2017,0.004792,0.003998,0.220609,0.146930,-0.019554
181,2018,0.009975,0.012223,0.294507,0.111936,0.115921
181,2019,-0.035378,0.025344,0.231893,0.100985,0.046454
181,2020,-0.011393,0.004844,0.132063,0.082718,-0.004661
181,2021,-0.002757,0.022324,0.113656,0.063100,0.058440
182,2017,0.016787,0.488857,0.201671,0.012841,0.004890
182,2018,-0.004980,0.543445,0.227264,0.010483,0.051753
182,2019,-0.000921,0.516570,0.142415,0.009255,0.004673
182,2020,-0.412862,0.493493,0.133916,0.007388,0.014991
182,2021,-0.020245,0.281073,0.138986,0.004886,0.041436
183,2017,-0.013887,0.087352,0.293498,0.003972,0.038968
183,2018,0.051105,0.072467,0.288364,0.002061,0.035410
183,2019,-0.025532,0.046628,0.321244,0.000959,-0.060665
183,2020,-0.084922,0.083844,0.195491,0.001295,-0.064947
183,2021,-0.009658,0.041229,0.080516,0.001511,-0.070390
184,2017,-0.022230,0.012872,0.360003,0.008625,0.307146
184,2018,-0.027544,0.025338,0.388587,0.006058,0.178390
184,2019,0.077199,0.032934,0.315820,0.004784,0.055752
184,2020,0.075905,0.031821,0.254421,0.004499,-0.061309
184,2021,0.025889,0.045864,0.277007,0.003332,0.074149
185,2017,0.063628,0.376339,0.135762,0.001007,0.029554
185,2018,-0.015562,0.313237,0.164065,0.001161,-0.007392
185,2019,-0.002068,0.367652,0.164650,0.001448,0.066338
185,2020,-0.010289,0.326672,0.144629,0.001163,-0.113887
185,2021,0.024684,0.124148,0.266663,0.000778,0.099106
186,2017,-0.002841,0.045371,0.121181,0.001560,-0.070321
186,2018,-0.001301,0.099791,0.139233,0.003744,0.013421
186,2019,-0.000562,0.088908,0.107866,0.003018,-0.053337
186,2020,-0.043422,0.046124,0.108722,0.001929,-0.044498
186,2021,-0.044699,0.037243,0.137079,0.001160,-0.007157
187,2017,-0.052343,0.001127,0.169943,0.005760,0.053700
187,2018,-0.002012,0.000114,0.173797,0.005849,-0.009005
187,2019,-0.043343,0.008178,0.170267,0.006808,0.140940
187,2020,-0.111990,0.004264,0.161477,0.006655,-0.083921
187,2021,-0.146458,0.012622,0.215162,0.005659,0.093765
188,2017,-0.002616,0.011649,0.177834,0.001706,-0.005579
188,2018,-0.001804,0.017556,0.262733,0.001557,0.140198
188,2019,-0.001710,0.033562,0.223500,0.002244,0.354631
188,2020,-0.000861,0.046066,0.180987,0.002745,-0.075335
188,2021,-0.000863,0.016056,0.235392,0.001927,0.071564
189,2017,-0.005652,0.079924,0.147106,0.000416,-0.118929
189,2018,-0.000295,0.053445,0.214571,0.000220,-0.071842
189,2019,-0.000218,0.081890,0.114077,0.000043,-0.143714
189,2020,-0.001491,0.113366,0.150910,0.000000,-0.186065
189,2021,-0.000289,0.094264,0.152620,0.000000,0.004611
190,2017,0.200000,0.002215,0.450410,0.001757,-0.218236
190,2018,0.200000,0.003220,0.375573,0.000770,0.303125
190,2019,0.167966,0.006097,0.366845,0.000483,0.433408
190,2020,-0.370624,0.076470,0.283565,0.000231,-0.109593
190,2021,-0.005464,0.080119,0.224869,0.000013,0.285209
191,2017,-0.049618,0.297122,0.059003,0.052571,-0.017031
191,2018,-0.123854,0.242799,0.062057,0.053223,-0.005867
191,2019,-0.092377,0.216529,0.064200,0.053812,0.093908
191,2020,0.001459,0.274188,0.068499,0.052997,0.031495
191,2021,-0.018990,0.239302,0.075889,0.046473,0.075483
192,2017,-0.006598,0.070111,0.387875,0.000000,-0.007634
192,2018,-0.006258,0.039459,0.389694,0.000000,-0.078026
192,2019,-0.023979,0.145981,0.259604,0.000000,-0.079588
192,2020,-0.005977,0.415488,0.297270,0.000000,0.063955
192,2021,-0.004310,0.093674,0.330901,0.000000,0.076761
193,2017,-0.003082,0.009716,0.090457,0.027996,-0.008711
193,2018,-0.013670,0.057290,0.503904,0.016608,0.846877
193,2019,-0.013987,0.167161,0.465331,0.017438,-0.005806
193,2020,-0.063315,0.169620,0.521392,0.018578,-0.129105
193,2021,-0.006131,0.180437,0.562112,0.004117,0.121658
194,2017,0.133513,0.150393,0.145896,0.079999,0.158980
194,2018,0.121031,0.180898,0.119794,0.066256,0.100743
194,2019,0.093450,0.148709,0.084779,0.059795,0.108371
194,2020,0.094175,0.109321,0.156277,0.054544,0.103565
194,2021,0.083490,0.110240,0.092078,0.047848,0.002853
195,2017,0.198321,0.461156,0.401185,0.002654,-0.120025
195,2018,0.200000,0.902351,0.401471,0.001498,0.571969
195,2019,0.200000,-20.986177,0.466725,0.001671,0.010004
195,2020,-0.213760,0.934630,0.241511,0.003374,-0.534196
195,2021,-0.084363,0.438639,0.102541,0.001798,0.983319
196,2017,-0.005514,0.039203,0.306819,0.000100,0.042710
196,2018,-0.009681,0.044914,0.286876,0.024299,0.026738
196,2019,-0.025475,0.023485,0.297984,0.014155,-0.028268
196,2020,-0.037223,0.061705,0.350341,0.001825,-0.041911
196,2021,-0.035270,0.026726,0.410186,0.002022,0.246394
197,2017,0.034369,0.176576,0.087486,0.000315,0.093475
197,2018,0.025945,0.030042,0.233027,0.000901,0.251472
197,2019,0.008328,0.119396,0.270816,0.000678,0.256378
197,2020,-0.006075,0.407847,0.333078,0.000449,0.114732
197,2021,-0.003892,0.349635,0.426867,0.002372,0.121324
198,2017,0.051041,0.119065,0.211621,0.014242,-0.012031
198,2018,-0.433486,0.234575,0.286526,0.012795,0.059343
198,2019,-0.643063,0.221083,0.217301,0.015635,-0.093479
198,2020,-0.048528,0.162999,0.113081,0.015861,-0.105250
198,2021,0.013748,0.084079,0.197816,0.013757,0.057637
199,2017,-0.000131,0.942057,0.192185,0.000641,0.102189
199,2018,-0.179511,0.397916,0.288164,0.000686,-0.077610
199,2019,-0.012232,0.694200,0.328124,0.000798,-0.173024
199,2020,-0.559970,0.611563,0.256023,0.000903,-0.178000
199,2021,-0.029006,0.363855,0.209257,0.000898,-0.209114
200,2017,0.002806,0.151398,0.117278,0.021090,0.159929
200,2018,0.035283,0.252532,0.114588,0.011288,0.083542
200,2019,0.021952,0.250437,0.152928,0.010260,0.038137
200,2020,0.088389,0.319365,0.110487,0.011078,-0.016591
200,2021,0.014700,0.240944,0.099644,0.011486,0.016699
201,2017,-0.004383,0.152909,0.220358,0.000000,0.139246
201,2018,-0.005140,0.192189,0.304497,0.000000,0.097908
201,2019,0.011572,0.237592,0.321328,0.049823,-0.029707
201,2020,-0.008862,0.180947,0.256075,0.045958,-0.058193
201,2021,-0.009215,0.195381,0.347343,0.041754,0.021094
202,2017,0.084288,0.090029,0.200148,0.009055,0.077079
202,2018,0.072769,0.177746,0.204142,0.007464,0.114276
202,2019,0.068077,0.160265,0.235868,0.017424,-0.103314
202,2020,0.054362,0.143327,0.165354,0.019662,-0.082413
202,2021,0.048875,0.100772,0.220802,0.001553,0.074442
203,2017,-0.002206,0.560432,0.426131,0.088661,-0.006569
203,2018,-0.003765,0.392342,0.438276,0.078602,0.006819
203,2019,0.082692,0.343284,0.461572,0.077049,0.143898
203,2020,0.040821,0.332298,0.476539,0.069024,-0.088184
203,2021,0.087682,0.350893,0.507352,0.046003,0.395136
204,2017,0.000000,0.000755,0.367897,0.183067,1.335086
204,2018,0.000000,0.013217,0.507154,0.139657,0.286449
204,2019,0.000000,0.019171,0.373476,0.113811,0.140838
204,2020,0.001286,0.015686,0.203429,0.110596,-0.172564
204,2021,0.000000,0.009668,0.250083,0.080921,0.160477
205,2017,0.144138,0.094424,0.029757,0.002566,-0.084540
205,2018,0.133249,0.074323,0.089083,0.003516,-0.033954
205,2019,0.123633,0.053602,0.127905,0.005225,-0.017001
205,2020,0.124515,0.023335,0.095685,0.006401,-0.081771
205,2021,0.133473,0.006552,0.199066,0.003517,-0.049234
206,2017,-0.003992,0.009263,0.571609,0.000000,0.100186
206,2018,-0.009178,0.016962,0.510718,0.000000,-0.037856
206,2019,-0.134161,0.025966,0.538261,0.000000,0.151177
206,2020,-0.009975,0.025382,0.487107,0.000442,0.013272
206,2021,-0.000858,0.024937,0.489530,0.000504,-0.208475
207,2017,-0.019158,0.006829,0.236511,0.001332,0.347564
207,2018,-0.001973,0.025643,0.279462,0.000885,0.233952
207,2019,-0.002515,0.000616,0.173488,0.000503,0.095778
207,2020,-0.002663,0.037649,0.130408,0.000203,0.112118
207,2021,-0.001728,0.189707,0.233370,0.000100,0.100017
208,2017,-0.023356,0.114667,0.352486,0.038789,0.103088
208,2018,0.000169,0.144278,0.293086,0.100208,0.050210
208,2019,-0.013633,0.195897,0.296887,0.089564,0.018099
208,2020,-0.015952,0.214316,0.287729,0.089897,-0.019202
208,2021,-0.018445,0.178662,0.271663,0.084343,-0.013482
209,2017,-0.017552,0.219690,0.281384,0.000000,0.112650
209,2018,-0.022355,0.301960,0.243126,0.000000,0.150379
209,2019,-0.401985,0.605834,0.285289,0.000000,0.033173
209,2020,-0.050895,0.550814,0.330515,0.000000,-0.028389
209,2021,-0.005300,0.159591,0.430050,0.000000,0.058645
210,2017,0.062896,0.210204,0.044174,0.006154,0.030307
210,2018,0.048082,0.280148,0.028388,0.005758,0.029660
210,2019,-0.037818,0.406138,0.016734,0.005237,0.067176
210,2020,-0.010575,0.458703,0.051137,0.004846,0.020451
210,2021,-0.029574,0.244394,0.045962,0.004603,0.027306
211,2017,0.083016,0.265556,0.191557,0.000000,0.014077
211,2018,0.076219,0.262287,0.184053,0.005391,0.757808
211,2019,0.017078,0.173349,0.171333,0.005112,0.119214
211,2020,0.007420,0.185486,0.138847,0.020446,0.104532
211,2021,0.020260,0.238681,0.176839,0.018386,0.071874
212,2017,0.020518,0.104768,0.107724,0.000000,0.038912
212,2018,0.150000,0.369994,0.102803,0.000000,0.054437
212,2019,0.094883,0.333127,0.194134,0.000000,0.306454
212,2020,0.059925,0.156879,0.119499,0.000000,-0.038216
212,2021,-0.010350,0.174463,0.382144,0.000000,0.103937
213,2017,0.071196,0.036475,0.092756,0.001365,-0.006370
213,2018,0.031386,0.052801,0.166885,0.001413,0.162456
213,2019,0.031878,0.084399,0.141642,0.001260,0.074262
213,2020,0.003566,0.084081,0.143080,0.013421,0.223233
213,2021,0.014256,0.182327,0.187634,0.012237,0.038812
214,2017,0.151764,0.051249,0.207317,0.016211,0.165503
214,2018,0.142543,0.052094,0.222811,0.014192,0.080367
214,2019,0.072645,0.068576,0.203242,0.013021,-0.011568
214,2020,0.112220,0.058958,0.202386,0.010009,0.097593
214,2021,0.087009,0.101947,0.210874,0.000000,0.153660
215,2017,0.122946,0.300881,0.404704,0.065711,0.288234
215,2018,0.086181,0.301097,0.393227,0.063540,0.116529
215,2019,0.062202,0.360541,0.354627,0.056875,0.062499
215,2020,0.085006,0.393190,0.305842,0.050248,-0.043961
215,2021,0.094050,0.464081,0.380183,0.046178,0.103012
216,2017,-0.010243,0.130214,0.219837,0.000000,0.014191
216,2018,-0.012903,0.221830,0.268408,0.000120,0.060514
216,2019,-0.603880,0.595306,0.289623,0.000073,0.008430
216,2020,-0.284833,0.305631,0.327643,0.000031,-0.322811
216,2021,-0.014424,0.105446,0.425501,0.000100,0.085897
217,2017,-0.001534,0.141968,0.061602,0.000000,0.071619
217,2018,-0.016985,0.143059,0.087408,0.000000,-0.026831
217,2019,0.075237,0.128491,0.080647,0.000000,0.020027
217,2020,0.180004,0.190028,0.095720,0.000000,-0.121977
217,2021,-0.208130,0.143547,0.049742,0.000000,0.008879
218,2017,0.015978,0.127285,0.100704,0.004243,-0.104958
218,2018,0.013014,0.052902,0.102589,0.008025,-0.001156
218,2019,-0.001982,0.049999,0.133092,0.007579,0.013637
218,2020,0.153125,0.054452,0.098331,0.007081,0.027920
218,2021,0.004434,0.044873,0.110056,0.006590,0.078972
219,2017,0.010677,0.171657,0.413793,0.013761,0.320289
219,2018,-0.026799,0.355970,0.310847,0.014717,0.024137
219,2019,-0.017928,0.346155,0.264001,0.014005,-0.165708
219,2020,0.038164,0.176895,0.311090,0.012399,-0.024374
219,2021,0.077532,0.056569,0.463937,0.008237,0.195482
220,2017,-0.018337,0.013961,0.084450,0.000000,0.264048
220,2018,-0.001393,0.025756,0.093979,0.000000,0.435752
220,2019,-0.002596,0.023189,0.087529,0.000000,-0.002471
220,2020,-0.002456,0.030018,0.118414,0.000000,0.502816
220,2021,-0.001431,0.007567,0.212465,0.000000,-0.034792
221,2017,-0.005430,0.564658,0.475353,0.000000,0.087483
221,2018,-0.126414,0.796345,0.508370,0.000000,0.016409
221,2019,-0.020727,0.748928,0.594465,0.000000,0.021961
221,2020,-0.011260,0.663917,0.602848,0.000000,0.056435
221,2021,-0.025504,0.479470,0.636824,0.000000,0.001129
222,2017,0.058588,0.250214,0.418668,0.001034,0.196567
222,2018,0.011886,0.282750,0.366392,0.000790,-0.007058
222,2019,-0.053508,0.295190,0.395947,0.000527,0.062974
222,2020,-0.206010,0.444441,0.345599,0.000367,-0.009094
222,2021,-0.313288,0.464214,0.383654,0.000209,0.045234
223,2017,-0.032760,0.346921,0.415324,0.015936,-0.068746
223,2018,-0.011416,0.244701,0.359551,0.015629,0.004801
223,2019,-0.151575,0.377727,0.375223,0.016651,0.026943
223,2020,-0.041092,0.324696,0.396166,0.017667,-0.027702
223,2021,-0.007262,0.149430,0.378606,0.072580,-0.071734
224,2017,0.101493,0.171567,0.428294,0.006387,0.122252
224,2018,0.098400,0.261929,0.514080,0.016796,0.083919
224,2019,0.091802,0.195954,0.358880,0.018347,-0.189904
224,2020,0.083744,0.103302,0.339043,0.015297,0.051560
224,2021,0.046817,0.056770,0.466764,0.016038,0.168066
225,2017,-0.246646,0.265406,0.029179,0.001254,-0.086748
225,2018,0.013048,0.147191,0.032603,0.001290,-0.038661
225,2019,0.015471,0.145710,0.040501,0.022787,0.082457
225,2020,-0.046464,0.179104,0.029306,0.012178,0.056116
225,2021,-0.014856,0.150086,0.018246,0.008700,0.045642
226,2017,-0.032911,0.225758,0.298115,0.000000,-0.047383
226,2018,0.003527,0.386005,0.307620,0.000879,0.345363
226,2019,-0.079428,0.263691,0.353322,0.000725,0.057007
226,2020,0.047934,0.207394,0.340755,0.000835,-0.293345
226,2021,-0.002541,0.269863,0.522707,0.000304,0.732607
227,2017,-0.004551,0.031411,0.530150,0.000000,0.121870
227,2018,-0.007129,0.054189,0.551743,0.000000,0.342017
227,2019,-0.001223,0.058815,0.600086,0.000000,-0.009766
227,2020,-0.006495,0.020469,0.278286,0.000000,-0.304547
227,2021,-0.002577,0.018541,0.745919,0.000516,0.592842
228,2017,-0.006686,0.024810,0.323019,0.000000,0.056320
228,2018,-0.000421,0.118868,0.587651,0.000000,0.584951
228,2019,-0.003572,0.207651,0.518564,0.000000,-0.113286
228,2020,0.002622,0.130408,0.367431,0.000000,-0.542679
228,2021,-0.000537,0.086741,0.610654,0.000000,0.932581
229,2017,-0.079180,0.303787,0.127452,0.001038,0.217202
229,2018,-0.066308,0.365738,0.128419,0.000847,-0.296642
229,2019,-0.145769,0.452004,0.102309,0.000830,0.026770
229,2020,0.144066,0.419944,0.089248,0.000877,-0.011954
229,2021,-0.080562,0.400526,0.112016,0.000778,0.062652
230,2017,-0.004799,0.018538,0.230023,0.001178,0.082473
230,2018,-0.001713,0.023392,0.268659,0.000968,0.200067
230,2019,-0.011549,0.014364,0.214056,0.000726,-0.053127
230,2020,-0.002044,0.006420,0.226056,0.000584,0.090144
230,2021,-0.007021,0.011738,0.232303,0.000566,-0.003064
231,2017,0.200000,0.754035,0.027443,0.000000,0.166083
231,2018,0.038445,0.351410,0.021696,0.000000,0.029158
231,2019,0.120685,0.530925,0.027601,0.000000,0.127080
231,2020,0.077162,0.283722,0.136983,0.025064,0.252395
231,2021,0.052320,0.154281,0.116929,0.137089,0.049162
232,2017,-0.015872,0.068805,0.117610,0.000000,0.288237
232,2018,-0.003946,0.319080,0.103371,0.000000,0.092822
232,2019,-0.014557,0.385710,0.068857,0.000000,0.052044
232,2020,0.073837,0.352024,0.081245,0.000557,0.033429
232,2021,0.194688,0.369883,0.080501,0.000470,-0.006272
233,2017,-0.031441,0.019281,0.101775,0.000000,-0.335517
233,2018,-0.022751,0.068982,0.131370,0.000000,-0.031675
233,2019,-0.001482,0.001845,0.268336,0.000000,0.263433
233,2020,-0.022689,0.001179,0.107908,0.000746,-0.146344
233,2021,-0.000052,0.002105,0.226021,0.003594,0.128244
234,2017,0.095683,0.117772,0.003341,0.005226,0.028900
234,2018,0.133576,0.081978,0.000760,0.004367,-0.021526
234,2019,0.128111,0.062450,0.002271,0.002741,0.059284
234,2020,0.137913,0.044277,0.001012,0.001277,-0.010909
234,2021,0.124469,0.017613,0.000958,0.000420,-0.046063
235,2017,0.051044,0.019764,0.044933,0.000000,-0.004706
235,2018,0.034310,0.014775,0.045206,0.000000,-0.061516
235,2019,0.063837,0.019676,0.025032,0.003016,0.092211
235,2020,0.054839,0.047885,0.027216,0.000000,0.028918
235,2021,0.041435,0.040449,0.055599,0.000000,0.044186
236,2017,-0.032901,0.179396,0.168962,0.015034,-0.044566
236,2018,-0.020007,0.162812,0.123294,0.015786,-0.135653
236,2019,-0.015905,0.131545,0.120381,0.058476,0.044555
236,2020,0.005575,0.025825,0.177678,0.055809,-0.221406
236,2021,-0.143289,0.126650,0.254293,0.055301,0.020414
237,2017,-0.021690,0.283427,0.193611,0.000000,0.076207
237,2018,-0.019086,0.315797,0.120935,0.001207,-0.101590
237,2019,-0.092498,0.239365,0.159742,0.000886,0.129926
237,2020,-0.012586,0.214291,0.213297,0.000568,-0.025253
237,2021,-0.121321,0.292495,0.269983,0.000315,-0.075738
238,2017,-0.045627,0.002121,0.115010,0.001090,-0.239900
238,2018,-0.004290,0.000050,0.036278,0.000000,-0.058736
238,2019,-0.003881,0.000004,0.022585,0.000000,0.112023
238,2020,-0.013191,0.000011,0.030054,0.000000,0.097712
238,2021,-0.039987,-3.055355,0.016858,0.000000,0.080256
239,2017,-0.007191,0.010314,0.152852,0.029772,-0.063097
239,2018,-0.010483,0.052606,0.240618,0.043765,0.119092
239,2019,-0.036173,0.056028,0.409190,0.059727,0.061483
239,2020,0.007045,0.028678,0.357428,0.062885,-0.038893
239,2021,0.036855,0.007925,0.200898,0.069327,-0.202635
240,2017,0.028898,0.104761,0.312103,0.000032,0.044696
240,2018,0.000720,0.105361,0.310466,0.013271,-0.021819
240,2019,0.001476,0.086129,0.314268,0.009934,0.051338
240,2020,0.001464,0.097655,0.327399,0.007919,-0.025067
240,2021,-0.018537,0.108865,0.381369,0.006239,0.011524
241,2017,-0.003250,0.200153,0.242029,0.000082,0.002641
241,2018,-1.284747,0.382747,0.291225,0.000021,0.008471
241,2019,-0.099814,0.268173,0.348510,0.000000,0.189526
241,2020,0.024941,0.331768,0.352087,0.000000,-0.006667
241,2021,-0.044295,0.321544,0.341854,0.000000,-0.014204
242,2017,-0.039469,0.164735,0.379656,0.000000,0.156173
242,2018,-0.022749,0.219259,0.435311,0.000000,0.116364
242,2019,-0.101105,0.203859,0.449354,0.000000,0.101562
242,2020,-0.032396,0.242035,0.433828,0.000000,-0.061037
242,2021,-0.009352,0.186262,0.395795,0.000000,-0.039944
243,2017,-0.000110,0.101506,0.227547,0.000000,0.113246
243,2018,-0.009345,0.188229,0.129706,0.000489,0.087391
243,2019,-0.131878,0.502430,0.125632,0.000000,0.001116
243,2020,0.021147,0.313067,0.147007,0.000000,0.034413
243,2021,-0.213349,0.409047,0.183401,0.000000,0.027683
244,2017,-0.088128,0.388057,0.186806,0.028166,0.042409
244,2018,-0.355824,0.708758,0.312986,0.026814,0.141861
244,2019,-0.102744,0.523367,0.202601,0.028633,-0.030629
244,2020,-0.017955,0.617926,0.204682,0.025473,0.082514
244,2021,-0.057483,0.648423,0.234902,0.011464,0.195970
245,2017,-0.007054,0.012739,0.315865,0.006447,-0.049952
245,2018,-0.017441,0.014407,0.318093,0.005659,-0.077707
245,2019,-0.094261,0.177860,0.311350,0.010206,-0.016051
245,2020,-0.041298,0.075386,0.367471,0.010053,-0.153558
245,2021,-0.072501,0.031508,0.339429,0.019321,-0.148613
246,2017,-0.744012,0.380442,0.154851,0.004375,-0.031559
246,2018,-0.009574,0.317809,0.124775,0.004575,0.043322
246,2019,-0.006803,0.338395,0.123569,0.004804,0.017960
246,2020,0.055211,0.206539,0.135264,0.005016,0.009675
246,2021,-0.080455,0.165398,0.153918,0.004941,0.036328
247,2017,-0.537165,0.146732,0.151804,0.000419,-0.009114
247,2018,0.021802,0.114845,0.152694,0.000326,-0.068287
247,2019,0.033079,0.125679,0.178816,0.000534,0.070218
247,2020,-0.046312,0.102835,0.201278,0.000673,0.002657
247,2021,-0.069711,0.072317,0.140865,0.001851,-0.108298
248,2017,-0.023364,0.175050,0.270625,0.068664,0.002593
248,2018,-0.002134,0.184811,0.319025,0.062676,0.073649
248,2019,-0.032686,0.251095,0.262856,0.059012,0.013035
248,2020,-0.006762,0.275372,0.271491,0.067488,-0.105461
248,2021,-0.412259,0.386101,0.459098,0.058241,0.248543
249,2017,0.145663,0.301980,0.306564,0.180752,-0.179381
249,2018,0.034872,0.226297,0.539926,0.135406,0.390793
249,2019,-0.187726,0.248171,0.580628,0.126828,0.001889
249,2020,0.094680,0.143408,0.324248,0.122628,-0.246391
249,2021,-0.002652,-0.617298,0.165704,0.066162,0.506953
250,2017,-0.004738,0.018684,0.150953,0.000000,-0.100578
250,2018,-0.003252,0.016817,0.224607,0.000000,0.078670
250,2019,-0.003278,0.018964,0.226617,0.000000,0.080864
250,2020,-0.002585,0.008172,0.215726,0.000000,-0.022105
250,2021,-0.001028,0.023800,0.249727,0.000000,0.120434
251,2017,0.054235,0.344011,0.149519,0.019965,0.018069
251,2018,0.107211,0.143562,0.229094,0.022858,0.012708
251,2019,0.160372,0.142497,0.301391,0.021947,0.165514
251,2020,0.073072,0.188882,0.285023,0.020958,0.021098
251,2021,0.128928,0.074455,0.297269,0.018460,0.082002
252,2017,0.048377,0.389430,0.343124,0.043571,-0.045961
252,2018,0.048792,0.349973,0.289376,0.041765,-0.049806
252,2019,-0.007948,0.388397,0.381882,0.035201,0.107718
252,2020,-0.007145,0.531655,0.362332,0.029472,0.046850
252,2021,-0.000140,0.397850,0.316733,0.026896,-0.034425
253,2017,-0.000260,0.001083,0.187586,0.037072,-0.079145
253,2018,-0.000350,0.001803,0.181894,0.032667,0.158857
253,2019,-0.000337,0.006109,0.142943,0.031359,0.106848
253,2020,-0.000523,0.012603,0.170014,0.031944,0.154576
253,2021,-0.000410,0.013095,0.214885,0.028120,0.007654
254,2017,0.108942,0.024932,0.141190,0.034766,0.166730
254,2018,0.170503,0.048403,0.178013,0.029988,0.074334
254,2019,0.159458,0.061657,0.172385,0.030226,-0.016406
254,2020,0.150199,0.059875,0.178819,0.032481,-0.002058
254,2021,0.154919,0.020799,0.225773,0.000022,0.048135
255,2017,0.132288,0.532958,0.417681,0.000000,-0.068987
255,2018,0.118124,0.367614,0.456426,0.001518,-0.050057
255,2019,0.060156,0.357940,0.490791,0.001354,0.076850
255,2020,0.161571,0.318226,0.593215,0.001235,0.072141
255,2021,0.152103,0.560960,0.655009,0.001030,0.064353
256,2017,0.008833,0.001204,0.076284,0.000000,0.005730
256,2018,0.008123,0.003476,0.083446,0.000000,0.003425
256,2019,0.009971,0.001773,0.120564,0.000000,0.020282
256,2020,-0.029841,0.003407,0.106609,0.000000,-0.044532
256,2021,0.017147,0.002580,0.137279,0.000000,0.020334
257,2017,-0.002874,0.005440,0.307317,0.000291,0.033647
257,2018,-0.000860,0.005940,0.348225,0.000255,0.066621
257,2019,0.009209,0.015830,0.316210,0.000210,0.054075
257,2020,-0.000320,0.021575,0.286694,0.000180,-0.028380
257,2021,0.058854,0.006042,0.350167,0.000133,0.188072
258,2017,-0.003960,0.105406,0.389589,0.000000,0.002679
258,2018,0.109364,0.072304,0.505195,0.000000,0.116287
258,2019,-0.015347,0.053216,0.469995,0.000000,-0.001555
258,2020,0.002877,0.038808,0.429777,0.000000,0.002624
258,2021,-0.052177,0.125769,0.435069,0.000000,-0.060977
259,2017,0.114323,0.038346,0.256623,0.145018,0.119647
259,2018,0.126970,0.035803,0.284844,0.150368,-0.065963
259,2019,0.095798,0.052260,0.226281,0.151021,-0.072530
259,2020,0.087103,0.043412,0.229698,0.132633,0.005554
259,2021,0.120753,0.035315,0.201661,0.092712,0.120781
260,2017,-0.030292,0.179477,0.332936,0.000000,-0.005478
260,2018,-0.005503,0.237213,0.302082,0.000000,0.060273
260,2019,-0.083202,0.306370,0.277809,0.000000,0.099418
260,2020,0.031542,0.280643,0.349230,0.000000,-0.058025
260,2021,-0.017406,0.250117,0.384383,0.000000,-0.007736
261,2017,0.084860,0.247219,0.187784,0.000830,0.154371
261,2018,0.117602,0.282653,0.233581,0.000702,0.085896
261,2019,0.059389,0.504328,0.223805,0.000638,0.030727
261,2020,0.069818,0.527469,0.258407,0.000550,0.044809
261,2021,0.084511,0.197291,0.286338,0.000461,-0.001106
262,2017,-0.000707,0.135479,0.213295,0.005358,-0.090712
262,2018,-0.005722,0.154908,0.298534,0.001716,0.004803
262,2019,0.000011,0.119119,0.425596,0.001533,0.004651
262,2020,-0.000329,0.107507,0.324167,0.001417,-0.194043
262,2021,-0.001289,0.089422,0.455754,0.000873,0.184604
263,2017,-0.008611,0.000762,0.192437,0.000000,0.033971
263,2018,-0.009976,0.000439,0.208391,0.000000,0.086831
263,2019,-0.006663,0.000353,0.191742,0.000000,0.022051
263,2020,-0.014692,0.008557,0.191899,0.000000,0.040520
263,2021,-0.002688,0.016336,0.173987,0.008396,0.024474
264,2017,-0.010966,0.001406,0.512984,0.000456,0.268411
264,2018,-0.011644,0.010089,0.651604,0.000900,0.176263
264,2019,-0.011067,0.005201,0.540397,0.001398,0.033881
264,2020,-0.024169,0.029984,0.549423,0.001252,0.056022
264,2021,-0.016570,0.029495,0.385543,0.000984,0.006592
265,2017,-0.233202,0.061257,0.184524,0.024279,0.008060
265,2018,-0.249846,0.057583,0.211053,0.061711,0.045597
265,2019,-0.182502,0.060554,0.217256,0.053632,0.031467
265,2020,-0.197852,0.072168,0.200913,0.054684,-0.041483
265,2021,-0.165580,0.018206,0.178175,0.053708,-0.102266
266,2017,-0.037534,0.002860,0.166486,0.020374,0.022441
266,2018,0.165170,0.001523,0.196283,0.023540,0.029951
266,2019,0.193679,0.000416,0.195035,0.022400,-0.017355
266,2020,0.171401,0.000130,0.221174,0.016304,0.010923
266,2021,0.185631,0.000489,0.282393,0.009992,0.104556
267,2017,0.005923,0.016426,0.190875,0.006754,-0.099779
267,2018,0.008509,0.010586,0.242843,0.005222,0.008810
267,2019,0.007720,0.007086,0.256711,0.004659,0.042951
267,2020,0.031439,0.008302,0.205285,0.003559,-0.044221
267,2021,0.027280,0.009547,0.235454,0.002789,-0.011181
268,2017,0.015069,0.009842,0.191880,0.059617,0.102853
268,2018,-0.000829,0.057038,0.194090,0.050648,0.069258
268,2019,0.000990,0.136005,0.281057,0.060132,0.028981
268,2020,0.014454,0.327211,0.216891,0.064143,-0.008348
268,2021,0.117742,0.101219,0.264086,0.063689,0.062657
269,2017,-0.023571,0.076567,0.326545,0.000099,0.025827
269,2018,-0.023707,0.096251,0.338469,0.000073,0.007278
269,2019,-0.119444,0.234948,0.272312,0.144765,0.026891
269,2020,-0.103873,0.188276,0.276047,0.141272,0.007626
269,2021,-0.040636,0.130843,0.271229,0.137915,-0.030029
270,2017,0.049659,0.026515,0.053416,0.003022,0.169795
270,2018,0.066525,0.037312,0.074613,0.020736,0.020791
270,2019,0.072696,-0.022985,0.072995,0.020033,0.013258
270,2020,-0.028528,0.007059,0.067762,0.111933,0.046657
270,2021,-0.003441,0.012232,0.076030,0.112063,0.067014
271,2017,-0.004563,0.115926,0.166422,0.121324,-0.065864
271,2018,-0.005423,0.151228,0.260653,0.104547,0.100234
271,2019,-0.008506,0.107199,0.171859,0.113791,-0.013069
271,2020,0.057942,0.088862,0.170155,0.109059,-0.122126
271,2021,-0.040875,0.096383,0.234153,0.115401,0.039127
272,2017,0.167173,0.020784,0.051234,0.003034,-0.147902
272,2018,0.192306,0.011204,0.017506,0.000857,0.565639
272,2019,0.139594,0.067900,0.072730,0.086599,0.179177
272,2020,-0.000794,0.025144,0.142104,0.006601,-0.104135
272,2021,0.079435,0.019834,0.069738,0.003479,0.092479
273,2017,0.031095,0.165451,0.229911,0.001917,0.068869
273,2018,0.027389,0.169010,0.256118,0.001667,0.167324
273,2019,-0.019643,0.229176,0.286088,0.001591,0.027065
273,2020,-0.113261,0.276066,0.232324,0.001547,-0.059279
273,2021,-0.037987,0.185063,0.191110,0.001528,-0.068159
274,2017,-0.003298,0.033908,0.180238,0.000000,-0.046492
274,2018,-0.000318,0.010497,0.204598,0.000000,0.274732
274,2019,-0.008360,0.010156,0.222375,0.000000,-0.048581
274,2020,-0.004756,0.014643,0.193680,0.000000,0.128236
274,2021,-0.007772,0.028211,0.252209,0.000000,0.101322
275,2017,-0.001844,0.004743,0.301787,0.000000,0.210594
275,2018,-0.003477,0.161193,0.885184,0.000000,0.554400
275,2019,-0.008846,-1.760355,0.643579,0.000000,-0.187479
275,2020,-0.005265,1.719213,0.359820,0.000000,-0.207385
275,2021,-0.000738,0.023654,0.381504,0.000000,0.192243
276,2017,0.032790,0.025689,0.038292,0.000378,0.011711
276,2018,-0.020807,0.029631,0.040013,0.000311,0.001071
276,2019,-0.016115,0.067318,0.034346,0.000373,0.018267
276,2020,-0.014064,0.043980,0.042999,0.000370,0.061742
276,2021,0.018536,0.012030,0.053029,0.000305,-0.023078
277,2017,0.029399,0.051750,0.353016,0.000039,0.062692
277,2018,-0.014012,0.311181,0.326041,0.000152,0.034899
277,2019,0.054379,0.155227,0.276532,0.000437,0.006144
277,2020,0.000381,0.253123,0.150923,0.000073,-0.180212
277,2021,0.058459,0.151936,0.168795,0.000300,0.279430
278,2017,0.008273,0.011136,0.169239,0.033080,0.144380
278,2018,-0.001696,0.025279,0.225655,0.032872,0.121434
278,2019,0.000232,0.014203,0.219315,0.028429,0.069979
278,2020,-0.000911,0.028812,0.178702,0.140954,0.029371
278,2021,-0.003752,0.034366,0.247673,0.143262,0.081286
279,2017,0.060192,0.066068,0.193272,0.023021,0.013012
279,2018,0.038461,0.083909,0.166919,0.023199,0.000966
279,2019,0.020593,0.079679,0.156559,0.030564,0.050312
279,2020,0.009594,0.065475,0.142915,0.033130,0.017267
279,2021,0.031524,0.057704,0.190865,0.033952,0.065407
280,2017,0.003317,0.017253,0.253197,0.003641,-0.018824
280,2018,0.049297,0.021532,0.245426,0.003403,-0.006862
280,2019,0.001783,0.021290,0.248148,0.002028,0.056962
280,2020,0.015048,0.018005,0.237551,0.001446,-0.068188
280,2021,0.002683,0.006281,0.254227,0.001102,-0.003515
281,2017,0.157570,0.029053,0.164039,0.022116,0.000456
281,2018,0.133895,-0.007870,0.179495,0.023281,-0.011394
281,2019,0.145911,0.026743,0.179766,0.021303,0.022479
281,2020,0.136062,0.018569,0.171858,0.018357,-0.002807
281,2021,0.171862,0.030761,0.166233,0.017576,-0.016828
282,2017,-0.019301,0.056794,0.189838,0.011567,-0.080913
282,2018,0.006006,0.037360,0.173635,0.008578,-0.025437
282,2019,-0.003422,0.044029,0.138405,0.005612,0.018145
282,2020,-0.033812,0.078099,0.128446,0.004065,0.006239
282,2021,-0.015742,0.069002,0.131491,0.002396,0.074458
283,2017,0.085613,0.183270,0.256619,0.004830,-0.037687
283,2018,0.004323,-0.101321,0.262221,0.005844,-0.170997
283,2019,0.167219,0.117086,0.250498,0.005141,0.111446
283,2020,-0.000193,0.090785,0.248497,0.000253,-0.067936
283,2021,0.023321,0.061757,0.427722,0.000143,0.198189
284,2017,-0.006726,0.028043,0.186743,0.004656,-0.040235
284,2018,-0.079750,0.065636,0.157558,0.004739,0.032910
284,2019,-0.014200,0.042609,0.156084,0.002424,-0.000149
284,2020,-0.025003,0.100706,0.154915,0.001821,-0.160044
284,2021,0.055677,0.059082,0.121149,0.001816,0.100515
285,2017,-0.000088,0.001786,0.400117,0.000000,0.043614
285,2018,-0.033369,0.139207,0.204247,0.000000,-0.235752
285,2019,-0.074593,0.241714,0.309590,0.000000,0.448381
285,2020,-0.070644,0.440508,0.408629,0.000000,-0.015133
285,2021,-0.094059,0.437004,0.382755,0.000000,-0.005109
286,2017,-0.265495,0.107034,0.454478,0.006835,0.020787
286,2018,-1.514455,0.241801,0.494236,0.006594,0.002985
286,2019,-0.082284,0.155385,0.525173,0.006651,0.080996
286,2020,-0.506098,0.178972,0.496930,0.006806,-0.018270
286,2021,0.038590,-0.700219,0.506140,0.008111,0.014816
287,2017,-0.013081,0.154748,0.125324,0.029856,-0.009642
287,2018,-0.003536,0.177618,0.116861,0.027786,-0.017214
287,2019,-0.001933,0.228318,0.112709,0.025978,0.038215
287,2020,-0.011379,0.256578,0.138637,0.026648,0.018833
287,2021,0.030501,0.283963,0.130450,0.027675,0.015866
288,2017,0.005042,0.078345,0.308943,0.007163,-0.035530
288,2018,-0.003708,0.122976,0.269008,0.005460,0.006794
288,2019,-0.035005,0.125227,0.258615,0.003865,0.045948
288,2020,-0.055523,0.203354,0.250915,0.003301,-0.064221
288,2021,0.000145,0.241450,0.273126,0.002230,0.100758
289,2017,-0.399933,0.143410,0.135610,0.000217,0.062064
289,2018,-0.129792,0.157187,0.167640,0.000000,-0.030219
289,2019,0.053848,0.179613,0.171027,0.000000,0.003595
289,2020,0.061126,0.109917,0.192243,0.000000,-0.011936
289,2021,0.006436,0.117306,0.231452,0.000000,0.055605
290,2017,-0.286542,0.494009,0.255530,0.000050,-0.073944
290,2018,-0.040932,0.113876,0.235361,0.000314,0.198469
290,2019,0.024431,0.120471,0.011264,0.000267,-0.064537
290,2020,-0.151939,0.165012,0.007170,0.000000,-0.064142
290,2021,0.052838,0.116200,0.013541,0.000000,-0.060406
291,2017,0.141899,0.022638,0.108236,0.012449,-0.022349
291,2018,0.143733,0.008397,0.089179,0.010804,-0.012584
291,2019,0.196341,0.011066,0.094066,0.011206,0.068064
291,2020,0.163436,0.005468,0.078760,0.007112,-0.069630
291,2021,0.160359,0.002889,0.099517,0.005000,0.034304
292,2017,-0.234220,-0.261468,0.023422,0.007537,-0.012729
292,2018,-6.880482,0.014743,0.018424,0.007613,-0.015538
292,2019,0.183283,0.042918,0.028547,0.009014,0.098727
292,2020,0.177728,-0.026891,0.024880,0.000000,0.107414
292,2021,0.162205,0.040248,0.028480,0.000000,0.095162
293,2017,0.000651,0.330306,0.109840,0.018961,0.081421
293,2018,0.011995,0.254997,0.110251,0.028118,0.114939
293,2019,-0.035112,0.256687,0.119593,0.010437,0.071382
293,2020,-0.005744,0.292673,0.151636,0.015507,0.020410
293,2021,-0.155462,0.432927,0.221728,0.011459,0.052230
294,2017,-0.099560,0.144650,0.087706,0.012242,0.130063
294,2018,0.154403,-0.260909,0.107223,0.014013,-0.095350
294,2019,-2.908584,0.870679,0.087168,0.013081,0.044639
294,2020,-0.028734,0.642344,0.140545,0.005751,0.044796
294,2021,-0.063656,0.245432,0.091374,0.004323,-0.144242
295,2017,-0.045672,0.112134,0.180557,0.000688,0.046473
295,2018,-0.002003,0.121317,0.188284,0.000000,0.003001
295,2019,-0.027727,0.167572,0.337673,0.000000,0.058561
295,2020,-0.071335,0.134360,0.346724,0.000000,-0.024692
295,2021,-0.059685,0.103481,0.358948,0.000000,-0.021058
296,2017,-0.000982,0.061099,0.318464,0.001641,0.172639
296,2018,-0.003751,0.045418,0.267989,0.002230,-0.040264
296,2019,0.000633,0.039482,0.249304,0.002743,0.004696
296,2020,0.002140,0.048623,0.292124,0.002737,0.075420
296,2021,-0.000012,0.046143,0.337940,0.003595,0.039892
297,2017,0.195479,-1.815950,0.115871,0.004513,0.002530
297,2018,-0.198529,0.738109,0.115398,0.002758,0.023102
297,2019,-0.648922,0.260920,0.073539,0.000629,0.108387
297,2020,0.150315,0.115657,0.065182,0.000385,0.018215
297,2021,-0.280038,0.082708,0.076893,0.000271,0.050846
298,2017,-0.089439,0.044245,0.192137,0.041833,-0.053658
298,2018,0.061005,0.043795,0.206513,0.042265,0.028766
298,2019,-0.015185,0.040040,0.181578,0.033626,0.004430
298,2020,-0.009339,0.020202,0.160339,0.033082,0.002153
298,2021,-0.095030,0.039000,0.216212,0.030417,0.048119
299,2017,0.101830,0.102880,0.135458,0.008301,-0.068584
299,2018,0.059346,0.082549,0.109096,0.011873,0.050101
299,2019,0.065011,0.079015,0.128514,0.014797,-0.115485
299,2020,0.067390,0.063564,0.114229,0.014608,-0.054318
299,2021,0.023536,0.046850,0.164093,0.012764,0.042290
300,2017,0.154151,0.033784,0.167327,0.037821,0.056460
300,2018,0.151273,0.030257,0.148618,0.036556,-0.024354
300,2019,0.009715,0.007290,0.165077,0.034432,0.000852
300,2020,0.024652,0.007478,0.186355,0.013046,0.046644
300,2021,0.064199,0.005253,0.181661,0.024319,-0.024214
301,2017,0.159027,0.111267,0.050517,0.024675,0.343334
301,2018,0.071290,0.173230,0.053985,0.029323,0.012037
301,2019,-0.039268,0.098991,0.055530,0.033632,0.019321
301,2020,0.019755,0.107999,0.062145,0.033729,0.046343
301,2021,0.019178,0.103843,0.060467,0.034694,0.003598
302,2017,0.006814,0.036309,0.266935,0.059409,0.015456
302,2018,-0.074373,0.042185,0.311854,0.042446,0.027035
302,2019,-0.039685,0.037038,0.277914,0.034581,-0.084219
302,2020,-0.000118,0.031262,0.253994,0.020774,-0.057585
302,2021,0.008204,0.025639,0.295118,0.028285,0.052841
303,2017,0.028957,0.013589,0.031258,0.078315,-0.062125
303,2018,-0.006155,0.006122,0.030128,0.074190,0.006101
303,2019,0.011112,0.006626,0.029281,0.065463,-0.044937
303,2020,0.013004,0.005068,0.032309,0.054606,-0.045550
303,2021,0.002161,0.003673,0.027286,0.046979,-0.006245
304,2017,-0.001673,0.115307,0.643949,0.015853,-0.145676
304,2018,-0.003132,0.084934,0.618276,0.012767,0.068566
304,2019,-0.003174,0.098575,0.605260,0.011213,0.065529
304,2020,0.001019,0.048720,0.525595,0.011675,-0.137387
304,2021,0.000101,0.043080,0.493802,0.011833,-0.030323
305,2017,0.039700,0.059174,0.331791,0.001559,0.061588
305,2018,0.039771,0.081883,0.375182,0.003977,-0.008591
305,2019,0.033539,0.112874,0.438985,0.005191,-0.076318
305,2020,0.013083,0.107009,0.457617,0.004456,-0.430244
305,2021,0.029485,0.095614,0.439898,0.002904,0.107707
306,2017,-0.004739,0.022030,0.047407,0.005712,-0.095748
306,2018,0.016082,0.015194,0.050140,0.006165,-0.019633
306,2019,-0.084695,0.029200,0.071964,0.006734,0.272270
306,2020,-0.026271,0.056528,0.067885,0.029961,0.052418
306,2021,0.061810,0.070726,0.071376,0.026802,0.129537
307,2017,0.089077,0.024753,0.207779,0.001290,-0.010429
307,2018,0.006070,0.038817,0.194597,0.003240,-0.050373
307,2019,0.023529,0.039005,0.197493,0.002268,0.020038
307,2020,0.069306,0.045250,0.186102,0.001359,-0.025300
307,2021,0.106563,0.054887,0.164841,0.001259,0.018601
308,2017,-0.065023,0.132969,0.249575,0.012482,-0.102962
308,2018,-0.026597,0.083701,0.300154,0.012282,-0.081365
308,2019,-0.062240,0.044637,0.417010,0.009903,-0.006288
308,2020,-0.011529,0.023024,0.370424,0.008509,-0.160758
308,2021,0.051517,0.007606,0.474536,0.008918,0.121061
309,2017,0.023806,0.038966,0.031700,0.024357,-0.103906
309,2018,-0.052081,0.054326,0.030319,0.020470,-0.075843
309,2019,0.011681,0.035134,0.032111,0.018504,-0.034183
309,2020,0.003114,0.017761,0.024761,0.014878,-0.017391
309,2021,0.081569,0.018421,0.018530,0.011200,0.003650
310,2017,0.196646,0.076656,0.191135,0.005214,-0.118534
310,2018,-0.034937,-0.066359,0.113874,0.005700,-0.128975
310,2019,-0.386184,0.092787,0.123435,0.005355,0.010347
310,2020,0.174160,0.055760,0.151272,0.005190,0.032366
310,2021,-0.016462,0.045601,0.149748,0.004943,-0.023971
311,2017,-0.031678,0.070224,0.349696,0.138857,0.054141
311,2018,-0.091893,0.084655,0.336107,0.138248,-0.017721
311,2019,0.149750,0.363003,0.305194,0.108803,-0.217849
311,2020,0.005147,0.078274,0.351137,0.109770,-0.067330
311,2021,-20.758571,0.133145,0.330630,0.099969,0.030435
312,2017,-0.261873,0.352308,0.140784,0.017102,0.036743
312,2018,-0.206994,0.331253,0.156071,0.014470,0.037792
312,2019,-0.114034,0.319889,0.146756,0.010598,0.072806
312,2020,-0.305823,0.700518,0.129278,0.010517,-0.001907
312,2021,-0.078716,0.249816,0.137503,0.008360,0.056236
313,2017,-0.235415,0.068317,0.169393,0.000231,0.118877
313,2018,-0.000112,0.088291,0.286113,0.000146,0.030466
313,2019,0.037549,0.135361,0.233494,0.000085,0.014710
313,2020,-0.273684,0.149189,0.264894,0.000057,-0.001026
313,2021,-2.675817,0.189016,0.308359,0.000034,-0.013046
314,2017,0.228997,0.025828,0.071182,0.000000,0.207625
314,2018,0.235543,0.016127,0.023590,0.000000,-0.396086
314,2019,0.148376,0.014618,0.008313,0.000000,-0.272441
314,2020,0.215243,0.010813,0.025665,0.000000,-0.030448
314,2021,0.215964,0.004940,0.020246,0.000000,0.060609
315,2017,-0.126846,0.002242,0.133430,0.023250,0.031810
315,2018,-0.090174,0.029818,0.153757,0.020992,-0.007343
315,2019,-0.142658,0.049146,0.149281,0.019635,0.001688
315,2020,-0.067496,0.025938,0.141179,0.001205,0.113317
315,2021,0.037377,0.047128,0.267910,0.000948,0.059717
316,2017,0.110692,0.374718,0.013292,0.145876,0.083173
316,2018,0.119264,0.295554,0.015163,0.122856,0.052281
316,2019,0.181893,0.227306,0.016720,0.105440,0.050717
316,2020,0.166313,0.259269,0.013847,0.077731,0.113372
316,2021,0.122997,0.221764,0.019040,0.081522,-0.005858
317,2017,0.009410,0.191369,0.075065,0.009729,0.014634
317,2018,-0.019979,0.166466,0.061758,0.009701,-0.058763
317,2019,-0.001893,0.143293,0.070852,0.009592,0.048954
317,2020,-0.008005,0.129870,0.071401,0.009497,-0.015794
317,2021,-0.000458,0.118961,0.075392,0.010838,0.024369
318,2017,0.084863,0.300394,0.231526,0.001264,-0.002502
318,2018,0.179507,0.383726,0.316471,0.001334,0.045761
318,2019,0.180098,0.402367,0.324454,0.001401,0.159949
318,2020,0.089306,0.161155,0.316336,0.001511,-0.072093
318,2021,0.075725,0.108229,0.442564,0.001544,0.091082
319,2017,0.142328,0.064118,0.054807,0.003923,-0.026893
319,2018,0.123727,0.051764,0.058885,0.012906,-0.020739
319,2019,0.123817,0.030495,0.064368,0.010610,0.035641
319,2020,0.093425,0.017234,0.057871,0.009329,-0.042534
319,2021,0.048245,0.013333,0.061621,0.010008,0.022846
320,2017,0.026998,0.193987,0.222328,0.019066,0.016144
320,2018,0.014024,0.193787,0.241876,0.129202,0.000365
320,2019,0.034438,0.214888,0.226706,0.000000,0.017783
320,2020,0.054185,0.161700,0.226527,0.000000,-0.031955
320,2021,-0.016414,0.097653,0.161697,0.000000,0.008742
321,2017,-0.009355,0.123764,0.216742,0.002100,0.601463
321,2018,-0.010374,0.141112,0.245541,0.002937,-0.143011
321,2019,-0.013768,0.102932,0.212711,0.001322,0.200770
321,2020,-0.006410,0.060534,0.143256,0.001208,-0.053830
321,2021,-0.022744,0.254701,0.473927,0.000562,0.018466
322,2017,0.025670,0.032069,0.132122,0.026940,0.014926
322,2018,0.092312,0.044096,0.152836,0.021456,-0.018654
322,2019,-0.020047,0.049965,0.154222,0.018778,-0.050186
322,2020,0.030276,0.045442,0.147722,0.013225,-0.087127
322,2021,0.102619,0.028208,0.168788,0.051149,-0.000465
323,2017,0.156296,0.002159,0.167310,0.002047,0.013097
323,2018,0.144137,0.001974,0.205880,0.002030,0.015289
323,2019,0.143401,0.005197,0.184981,0.011317,-0.021336
323,2020,0.169446,0.003177,0.178559,0.014387,-0.021610
323,2021,0.167017,0.002141,0.246170,0.015148,0.054136
324,2017,-0.034536,0.718758,0.425830,0.047836,0.488120
324,2018,-0.011689,0.392752,0.324838,0.034811,0.039982
324,2019,-0.026121,0.754415,0.441660,0.034398,0.012615
324,2020,-0.004729,0.205422,0.449201,0.039862,-0.174451
324,2021,-0.008492,0.076604,0.455031,0.032751,-0.120262
325,2017,-0.002806,0.033130,0.170019,0.000000,-0.021643
325,2018,-0.002856,0.009608,0.146195,0.007223,-0.035352
325,2019,-0.016471,0.154552,0.096730,0.011140,0.466874
325,2020,0.097420,0.263302,0.122981,0.006707,-0.029358
325,2021,0.001463,0.277517,0.175234,0.004762,0.138866
326,2017,0.051848,0.002210,0.118260,0.008658,0.024176
326,2018,0.075121,0.013621,0.110667,0.007692,0.075580
326,2019,0.065915,0.015636,0.092085,0.007654,0.032506
326,2020,0.022091,0.014884,0.082654,0.008701,-0.025305
326,2021,0.001462,0.001652,0.092260,0.004747,0.010875
327,2017,0.014364,0.216477,0.253117,0.006209,-0.045496
327,2018,0.027192,0.191783,0.292380,0.006069,-0.000833
327,2019,0.030262,0.157977,0.222069,0.053539,-0.030086
327,2020,0.027944,0.152856,0.240030,0.027764,-0.007460
327,2021,-0.032039,0.133864,0.313212,0.078877,-0.011292
328,2017,0.035329,0.230639,0.138214,0.035186,0.164445
328,2018,0.174607,0.160771,0.275552,0.026558,0.369550
328,2019,0.200000,0.199215,0.252161,0.025868,0.028471
328,2020,0.099830,0.469833,0.310963,0.025528,0.026849
328,2021,0.060159,0.081798,0.342524,0.021316,0.105837
329,2017,0.157874,0.202982,0.514705,0.011291,0.127056
329,2018,0.144728,0.264325,0.501688,0.011137,-0.012617
329,2019,-0.199926,0.330279,0.358931,0.008286,-0.051479
329,2020,-0.136976,0.504606,0.383507,0.006576,0.125502
329,2021,-0.076166,0.491927,0.370938,0.005528,0.060398
330,2017,-0.000239,0.000004,0.000611,0.167704,0.024220
330,2018,0.005776,0.007854,0.000510,0.141031,0.069426
330,2019,0.009855,0.000772,0.000339,0.126823,0.069587
330,2020,0.008176,0.000075,0.000294,0.100185,-0.010339
330,2021,0.004169,0.002106,0.000263,0.079302,-0.089283
331,2017,0.062881,0.042786,0.221584,0.004525,0.095712
331,2018,0.053986,0.044432,0.180447,0.003905,0.080094
331,2019,0.033080,0.077223,0.190732,0.003248,0.106590
331,2020,0.079481,0.104596,0.199882,0.002258,0.055697
331,2021,0.131569,0.060594,0.236397,0.003220,0.113305
332,2017,0.056688,0.351122,0.040872,0.001224,0.272337
332,2018,0.055487,0.408048,0.039203,0.001055,0.016886
332,2019,0.142764,0.462801,0.053713,0.008561,0.093821
332,2020,0.103745,0.520340,0.034503,0.007544,0.037237
332,2021,-2.354349,0.815345,0.039761,0.008037,0.040056
333,2017,-0.069541,0.019309,0.106801,0.074870,-0.015653
333,2018,0.016758,0.066814,0.108639,0.056430,-0.036505
333,2019,0.048542,0.085898,0.068652,0.059396,0.007565
333,2020,0.043928,0.072696,0.068926,0.064188,-0.030499
333,2021,0.045611,0.024442,0.107730,0.066125,0.045908
334,2017,-0.103354,0.128747,0.124147,0.035600,-0.008336
334,2018,-0.065181,0.125700,0.116811,0.031001,0.019441
334,2019,-0.031518,0.131925,0.116165,0.028466,-0.034346
334,2020,-0.043305,0.113759,0.165263,0.045212,-0.017712
334,2021,0.066744,0.101617,0.199426,0.055925,0.015587
335,2017,0.024981,0.019392,0.123535,0.014107,-0.101496
335,2018,0.106400,0.013314,0.104467,0.007441,-0.031981
335,2019,0.057329,0.007353,0.102432,0.008364,-0.027485
335,2020,0.002478,0.008998,0.096674,0.006961,-0.071401
335,2021,0.042148,0.004704,0.127933,0.008084,0.018647
336,2017,0.046390,0.035275,0.182800,0.000000,-0.039075
336,2018,0.117097,0.050706,0.182631,0.000000,0.053605
336,2019,0.038999,0.087892,0.160535,0.000000,0.088249
336,2020,0.102967,0.068798,0.160226,0.000000,-0.034002
336,2021,0.017703,0.034280,0.165964,0.000000,0.029595
337,2017,-0.026068,0.198236,0.056013,0.000000,0.034239
337,2018,0.061862,1.036651,0.067704,0.000000,0.006958
337,2019,0.107986,-3.531168,0.061800,0.000000,0.051761
337,2020,0.069251,0.732781,0.048852,0.000000,0.003643
337,2021,0.171626,0.387713,0.067918,0.000000,0.006984
338,2017,0.014458,0.546796,0.247953,0.123901,0.108840
338,2018,0.011366,0.489368,0.196589,0.113900,0.079616
338,2019,0.001143,0.466172,0.221218,0.102503,0.057369
338,2020,-0.011648,0.509609,0.270339,0.098628,0.031311
338,2021,-0.010766,0.565037,0.275239,0.097287,0.021076
339,2017,0.061250,0.001625,0.065413,0.005435,0.011665
339,2018,0.072072,0.000391,0.088719,0.002997,0.041889
339,2019,0.074457,0.000246,0.068931,0.000000,0.094757
339,2020,0.090625,0.005557,0.106597,0.000000,0.071466
339,2021,0.036729,0.003904,0.090488,0.000000,0.069903
340,2017,-0.005450,0.004595,0.268785,0.016161,0.033611
340,2018,-0.008548,0.004906,0.177964,0.015088,0.026148
340,2019,-0.002753,0.001821,0.133918,0.014060,-0.054379
340,2020,-0.000562,0.006863,0.091175,0.016972,-0.047438
340,2021,-0.014449,0.014072,0.169535,0.016581,0.185730
341,2017,-0.003470,0.000629,0.172598,0.000000,0.061503
341,2018,0.018071,0.011027,0.152431,0.000000,-0.002624
341,2019,0.023325,0.011481,0.155411,0.000337,0.006444
341,2020,0.033406,0.004418,0.138449,0.000325,-0.015533
341,2021,0.021271,0.002214,0.224414,0.000314,0.119647
342,2017,0.118800,0.157047,0.070360,0.002132,0.035899
342,2018,0.054653,0.198973,0.013286,0.002054,0.026811
342,2019,0.030745,0.229855,0.036426,0.000736,0.018803
342,2020,-0.090943,0.408632,0.000180,0.000690,0.003024
342,2021,-0.078948,0.251477,0.000159,0.000591,0.022052
343,2017,0.000772,0.073903,0.159097,0.040794,0.050703
343,2018,-0.001914,0.060991,0.182505,0.040991,0.031780
343,2019,0.002190,0.071741,0.189726,0.038481,0.122742
343,2020,0.020920,0.058487,0.202359,0.036520,0.109788
343,2021,-0.008341,0.065514,0.214440,0.032066,0.020502
344,2017,0.188094,0.080375,0.026561,0.000001,0.027350
344,2018,0.154280,0.076274,0.039416,0.000000,0.158530
344,2019,0.155150,-0.098142,0.066100,0.000000,0.342956
344,2020,0.170403,-0.144082,0.033444,0.000000,0.209350
344,2021,0.073918,0.016215,0.062118,0.000000,0.014779
345,2017,0.193271,0.163392,0.006398,0.011813,0.098287
345,2018,0.136226,0.315472,0.005586,0.011727,-0.020778
345,2019,0.119897,0.510139,0.005112,0.011136,0.073354
345,2020,-0.163554,2.179417,0.005339,0.011551,-0.042009
345,2021,0.182167,0.120549,0.004512,0.010503,0.067522
346,2017,0.100319,0.026799,0.265992,0.010085,0.039824
346,2018,0.062516,0.009765,0.310586,0.008508,0.014191
346,2019,-0.029931,0.000088,0.220785,0.004988,-0.004788
346,2020,-0.002629,0.000064,0.184838,0.003012,-0.075795
346,2021,-0.001199,0.000027,0.140691,0.001578,-0.063770
347,2017,0.080594,0.067109,0.236016,0.004153,-0.034952
347,2018,0.070953,0.062464,0.186426,0.005312,0.036858
347,2019,0.184840,0.118077,0.263185,0.004619,0.138373
347,2020,-0.013512,0.206496,0.265825,0.005661,-0.031677
347,2021,0.193232,0.126842,0.288107,0.006219,0.028015
348,2017,0.005209,0.195898,0.034828,0.002792,0.123301
348,2018,-0.009085,0.130798,0.046174,0.002943,0.178083
348,2019,-0.016742,0.177823,0.056281,0.002603,0.066801
348,2020,-0.046142,0.241663,0.044491,0.002806,0.048897
348,2021,-0.033076,0.134535,0.063988,0.002210,0.038518
349,2017,0.181331,0.019267,0.175395,0.000000,0.068419
349,2018,0.208390,0.031990,0.192220,0.000000,-0.068220
349,2019,0.203891,0.035558,0.154699,0.000000,-0.037556
349,2020,-0.062759,0.075921,0.160471,0.000000,-0.051364
349,2021,0.179960,0.075451,0.215570,0.000000,0.073151
350,2017,0.038906,0.087316,0.162846,0.003699,-0.001207
350,2018,0.071390,0.111366,0.155985,0.002995,-0.012406
350,2019,-0.204666,0.335536,0.146164,0.003168,0.041123
350,2020,-0.002211,0.733707,0.122017,0.004463,-0.050287
350,2021,0.060741,0.062311,0.177258,0.003992,0.067857
351,2017,-0.100361,0.035521,0.211509,0.054919,0.052425
351,2018,-0.130388,0.036127,0.191136,0.046749,0.027895
351,2019,-0.128190,0.079762,0.176069,0.044492,0.036268
351,2020,-0.126824,0.039296,0.155291,0.037546,-0.018361
351,2021,-0.085541,0.027133,0.186710,0.032384,0.100179
352,2017,0.085900,0.001450,0.147207,0.017014,-0.001184
352,2018,0.051859,0.002149,0.157283,0.012393,0.016603
352,2019,0.038993,0.002879,0.138879,0.009740,0.068268
352,2020,0.026586,0.003454,0.132923,0.006829,-0.014842
352,2021,0.023305,0.003495,0.128345,0.005032,0.006332
353,2017,0.055475,0.023488,0.182964,0.003104,-0.000377
353,2018,-0.019385,0.031184,0.194284,0.003021,0.005307
353,2019,-0.064293,0.021536,0.187784,0.002963,0.014831
353,2020,-0.084815,0.027690,0.160410,0.002735,-0.024663
353,2021,-0.010145,0.019951,0.164607,0.002704,-0.028586
354,2017,0.010850,0.096998,0.421102,0.009169,-0.122430
354,2018,-0.044240,0.064190,0.454464,0.006368,0.120224
354,2019,-0.002593,0.120520,0.496710,0.000617,0.356882
354,2020,0.033371,0.143862,0.466828,0.006587,-0.031383
354,2021,-0.075314,0.125280,0.500920,0.006498,0.128352
355,2017,-1.550472,0.202843,0.117568,0.153970,-0.018225
355,2018,-0.108529,0.142924,0.140369,0.159345,-0.037871
355,2019,0.111908,0.119137,0.125434,0.148347,-0.028605
355,2020,-0.618350,0.078212,0.124384,0.105660,-0.060027
355,2021,-0.005346,0.053047,0.156130,0.093783,0.000149
356,2017,0.001898,0.005630,0.535642,0.004115,-0.052748
356,2018,0.002052,0.001211,0.472988,0.007275,-0.056235
356,2019,0.001617,0.000083,0.429166,0.009895,-0.045429
356,2020,-0.011097,0.012642,0.324664,0.007983,-0.028512
356,2021,-0.009012,0.011561,0.273409,0.005531,-0.059735
357,2017,0.017511,0.026309,0.170066,0.163259,0.038438
357,2018,-0.046455,0.041578,0.209209,0.162918,0.036723
357,2019,0.043628,0.069907,0.201023,0.162263,0.003884
357,2020,-0.088197,0.097190,0.207268,0.156837,-0.013455
357,2021,-1.033408,0.112178,0.194473,0.141590,0.016911
358,2017,0.170300,0.036667,0.136038,0.024330,-0.023007
358,2018,0.176585,0.034727,0.176139,0.024118,-0.006654
358,2019,0.158855,0.029768,0.158898,0.024914,-0.013130
358,2020,0.129214,0.024714,0.149306,0.023016,-0.035895
358,2021,0.117434,0.011708,0.220561,0.016623,0.079876
359,2017,0.023569,0.152903,0.113449,0.000000,-0.025401
359,2018,-0.163707,0.180021,0.097560,0.000000,-0.057713
359,2019,-0.130087,0.171301,0.085511,0.000000,-0.016714
359,2020,0.041479,0.174395,0.081164,0.000000,-0.070211
359,2021,0.039486,0.098545,0.101563,0.000000,0.054543
360,2017,-0.375844,0.443720,0.021630,0.098345,0.021262
360,2018,0.037678,0.635233,0.036314,0.097247,-0.132676
360,2019,-8.227436,0.520865,0.033850,0.097315,-0.120264
360,2020,-0.297629,0.392441,0.032099,0.099209,-0.008917
360,2021,-0.163770,0.279285,0.038693,0.085638,-0.018220
361,2017,-0.012131,0.043772,0.060613,0.298134,0.005583
361,2018,0.009966,0.036013,0.078441,0.265428,0.056475
361,2019,-0.005526,0.004019,0.120627,0.247909,0.056290
361,2020,-0.000671,0.006380,0.112263,0.239150,0.055826
361,2021,-0.024742,0.006414,0.142562,0.164947,0.054178
362,2017,0.159549,0.021344,0.015015,0.000000,-0.104898
362,2018,0.140472,0.033651,0.018718,0.000000,-0.055123
362,2019,-0.099924,0.050719,0.016367,0.000000,-0.113727
362,2020,-0.743096,0.041335,0.014608,0.000000,-0.164192
362,2021,-0.094694,0.015324,0.018859,0.000000,-0.044179
363,2017,-0.878022,0.329081,0.048247,0.000000,0.038287
363,2018,-1.560730,0.244738,0.060043,0.006817,-0.032574
363,2019,0.000000,0.063511,0.046836,0.004997,-0.098763
363,2020,-0.031748,0.130001,0.058199,0.003947,-0.006263
363,2021,-0.003507,0.086410,0.056270,0.002507,0.164906
364,2017,-0.000352,0.006561,0.108768,0.060352,0.135001
364,2018,0.000245,0.012036,0.178797,0.059003,-0.011858
364,2019,-0.085701,0.066257,0.171819,0.064566,0.400048
364,2020,0.040699,0.013130,0.207610,0.069119,-0.084467
364,2021,0.046541,0.015932,0.285451,0.071552,0.154493
365,2017,0.200000,3.748125,0.029031,0.000000,-0.078009
365,2018,0.180102,0.067682,0.062659,0.000000,-0.016132
365,2019,0.036311,0.081636,0.092035,0.000000,0.251711
365,2020,0.021729,0.105159,0.068344,0.000000,0.132570
365,2021,-0.047768,0.106006,0.037853,0.032510,-0.005933
366,2017,-0.022907,0.395795,0.072108,0.001120,0.096576
366,2018,0.051919,0.342842,0.089785,0.000943,0.075867
366,2019,0.047780,0.266745,0.062881,0.000901,0.034824
366,2020,-0.205385,0.286385,0.049835,0.000908,0.007437
366,2021,0.070237,0.292147,0.065206,0.000716,0.057010
367,2017,-0.014993,0.421046,0.090432,0.187402,0.066181
367,2018,0.036251,0.932912,0.095405,0.189430,0.025747
367,2019,-0.068450,0.291124,0.076097,0.187097,0.003974
367,2020,-0.006307,0.186762,0.098097,0.170306,0.024126
367,2021,0.149786,0.188521,0.177269,0.139923,0.061422
368,2017,-0.015808,0.002742,0.342004,0.003161,0.076174
368,2018,-0.058907,0.003353,0.262679,0.003901,-0.007349
368,2019,0.046006,0.099237,0.204050,0.005104,-0.061139
368,2020,0.088420,-0.345205,0.277714,0.003636,0.041831
368,2021,0.086563,0.026369,0.267844,0.001066,0.122063
369,2017,-0.122528,0.007582,0.077850,0.000486,0.002004
369,2018,-0.049797,0.008750,0.072052,0.000381,-0.029186
369,2019,-0.019964,0.015724,0.075336,0.000404,0.113681
369,2020,-0.046002,0.024896,0.095012,0.000346,0.062957
369,2021,0.001185,0.025545,0.055234,0.000338,0.017268
370,2017,0.169555,0.054787,0.314749,0.004125,1.200557
370,2018,0.078773,0.509797,0.021056,0.002531,0.059965
370,2019,0.135444,0.580492,0.031576,0.003410,-0.158071
370,2020,0.027800,0.486885,0.119876,0.003208,0.175496
370,2021,-0.020647,0.533352,0.024890,0.002895,0.088129
371,2017,0.041711,0.175330,0.222315,0.001190,-0.036589
371,2018,0.199555,0.286511,0.221431,0.004529,-0.028930
371,2019,0.049544,0.241632,0.290475,0.005179,-0.015214
371,2020,-0.018924,0.147462,0.190414,0.004247,-0.041603
371,2021,-0.246667,0.201607,0.326622,0.003436,0.017373
372,2017,-0.012471,0.013654,0.392558,0.004722,0.072782
372,2018,-0.140895,0.051150,0.430279,0.003052,0.033504
372,2019,-0.037294,0.066264,0.272370,0.003817,0.047237
372,2020,-0.010807,0.052271,0.276131,0.003297,-0.001921
372,2021,0.035462,0.037742,0.261890,0.003352,0.075945
373,2017,-0.001398,0.166384,0.044765,0.038626,-0.058713
373,2018,-0.002893,0.103614,0.041908,0.042281,-0.106324
373,2019,-0.001853,0.074199,0.040526,0.000000,-0.043469
373,2020,-0.001548,0.037871,0.073068,0.000000,-0.024521
373,2021,-0.003196,0.010657,0.044062,0.000000,-0.177360
374,2017,0.053185,0.052219,0.240463,0.034213,0.036807
374,2018,0.030227,0.032203,0.209440,0.039634,-0.089580
374,2019,0.017666,0.015320,0.155999,0.075388,-0.048830
374,2020,-0.008350,0.017119,0.243459,0.070174,0.073084
374,2021,0.026950,0.012263,0.234545,0.031567,0.094834
375,2017,0.135870,0.000220,0.018978,0.000000,0.066069
375,2018,-0.267806,0.062463,0.018071,0.000000,0.025928
375,2019,-0.064521,0.002773,0.000000,0.000000,-0.022043
375,2020,-0.455146,-0.141026,0.021037,0.000000,-0.016448
375,2021,0.057447,0.008120,0.011902,0.000000,0.046460
376,2017,-0.036843,0.155509,0.213378,0.000220,0.102623
376,2018,0.133015,0.187903,0.306408,0.000201,0.039656
376,2019,-0.048946,0.796389,0.261314,0.000212,0.059190
376,2020,-0.043721,0.187250,0.179626,0.000226,-0.019074
376,2021,-0.015317,0.043174,0.267418,0.000186,0.196875
377,2017,0.122018,0.034939,0.133531,0.060898,-0.078328
377,2018,0.113040,0.014746,0.118961,0.069011,-0.032786
377,2019,0.069180,0.033580,0.113800,0.062922,0.058823
377,2020,0.021923,0.029768,0.103146,0.063573,-0.072347
377,2021,0.070883,0.030019,0.146189,0.058964,0.096165
378,2017,0.082515,0.090578,0.386505,0.000000,0.202314
378,2018,-0.029250,0.221692,0.368719,0.000000,0.033925
378,2019,-0.255946,0.385317,0.378803,0.000000,0.029424
378,2020,0.093435,0.195585,0.342364,0.000000,0.041682
378,2021,0.026699,0.068662,0.407533,0.000000,0.329574
379,2017,0.127875,0.129043,0.055271,0.000000,-0.028311
379,2018,0.187134,0.155291,0.064483,0.000000,0.000146
379,2019,0.160134,0.499338,0.046685,0.000095,-0.023578
379,2020,0.094360,0.156454,0.086382,0.000024,0.002757
379,2021,0.103979,0.168163,0.045369,0.000000,0.059478
380,2017,0.053640,0.275273,0.151215,0.004583,-0.115086
380,2018,0.055901,0.205486,0.197001,0.003388,0.200690
380,2019,-0.042911,0.201105,0.174793,0.002564,0.082117
380,2020,0.035906,0.428711,0.093585,0.008670,-0.022402
380,2021,-0.004579,0.227471,0.144120,0.008076,-0.002677
381,2017,-0.051753,0.219759,0.308293,0.000000,0.066736
381,2018,-0.045700,0.162132,0.284969,0.000000,0.069505
381,2019,-0.068773,0.186184,0.285146,0.000000,-0.039569
381,2020,-0.068936,0.185046,0.286828,0.000000,-0.144794
381,2021,0.004763,0.167793,0.348147,0.014205,0.053915
382,2017,0.002111,0.011601,0.208640,0.001197,0.139006
382,2018,0.033246,0.015493,0.195696,0.001068,0.006992
382,2019,-0.007273,0.011947,0.164924,0.000009,-0.053789
382,2020,0.009400,0.008912,0.241310,0.000005,0.101702
382,2021,0.010160,0.015158,0.251727,0.000003,0.045762
383,2017,-0.000711,0.538055,0.457998,0.000893,0.102207
383,2018,0.005743,0.611125,0.450230,0.000801,0.103341
383,2019,-0.098313,0.647240,0.346577,0.000756,0.002932
383,2020,0.200000,0.639708,0.281080,0.000707,0.060859
383,2021,-0.711718,0.562879,0.462829,0.000703,-0.051449
384,2017,-0.009697,0.019388,0.175504,0.039547,-0.045143
384,2018,-0.010874,0.018543,0.196130,0.038327,0.048400
384,2019,-0.004659,0.017237,0.202408,0.048893,0.078905
384,2020,-0.013037,0.013421,0.273476,0.041932,0.138849
384,2021,-0.006879,0.016073,0.266084,0.035499,-0.009823
385,2017,-0.012769,0.154969,0.326141,0.053422,0.111630
385,2018,-0.045676,0.246199,0.401657,0.036167,0.162457
385,2019,-0.076214,0.286345,0.381821,0.041625,-0.110259
385,2020,0.014759,0.256826,0.361309,0.038831,-0.059304
385,2021,-0.006603,0.362089,0.301744,0.042368,0.070471
386,2017,0.001262,0.022117,0.348986,0.000335,-0.085544
386,2018,-0.001010,0.011727,0.280825,0.000239,-0.090195
386,2019,0.002499,0.017971,0.305421,0.000157,0.051923
386,2020,0.051076,0.017243,0.277903,0.000822,-0.045843
386,2021,0.030986,0.008772,0.241756,0.001554,-0.026234
387,2017,-0.041854,0.002874,0.156933,0.000000,0.054471
387,2018,-0.210434,0.008160,0.129281,0.000000,0.002484
387,2019,-0.348303,0.035555,0.146267,0.010817,0.063437
387,2020,-0.259706,0.033693,0.282054,0.008692,0.088765
387,2021,-0.310506,1.130265,0.263883,0.008698,0.015151
388,2017,0.041725,0.010385,0.244419,0.045544,-0.032075
388,2018,0.155233,0.016187,0.276268,0.006926,-0.080113
388,2019,0.162024,0.009731,0.375287,0.005962,0.116878
388,2020,0.102014,0.019990,0.399010,0.005386,0.110984
388,2021,0.099283,0.009422,0.320543,0.006423,0.096099
389,2017,-0.014294,0.001355,0.139709,0.000000,0.083110
389,2018,-0.005495,0.000394,0.097263,0.000000,-0.047994
389,2019,-0.004755,0.003985,0.081389,0.000000,0.019318
389,2020,-0.004610,0.003862,0.073259,0.000149,0.006806
389,2021,0.046051,0.005569,0.087320,0.000105,0.077140
390,2017,-0.060843,-0.269876,0.137206,0.015355,0.080126
390,2018,-0.059960,0.679375,0.126049,0.014834,0.009949
390,2019,-0.011134,0.389257,0.131178,0.015157,0.071195
390,2020,-0.058414,0.354432,0.173478,0.012997,0.161664
390,2021,-0.727790,0.435492,0.215172,0.013464,0.024601
391,2017,0.018282,0.004395,0.301196,0.000000,0.131622
391,2018,0.008434,0.005357,0.290866,0.000000,-0.015693
391,2019,0.011008,0.005085,0.326905,0.000000,0.109729
391,2020,0.014258,0.004354,0.325059,0.000000,0.042206
391,2021,0.009360,0.003744,0.316108,0.000000,0.044678
392,2017,0.000478,0.034550,0.088090,0.000809,0.000598
392,2018,0.018513,0.054479,0.105835,0.000797,-0.048099
392,2019,-0.010264,0.049933,0.114334,0.000775,-0.023441
392,2020,-0.095801,0.187170,0.107889,0.000753,-0.025687
392,2021,0.025733,0.155481,0.103572,0.000727,0.006752
393,2017,-0.014215,0.158475,0.243130,0.001455,0.002697
393,2018,-0.072198,0.219713,0.215352,0.001184,0.006613
393,2019,0.014021,0.190241,0.197596,0.000671,0.029376
393,2020,-0.188651,0.298337,0.165838,0.001416,-0.045045
393,2021,-0.130274,0.088815,0.180846,0.000125,0.103098
394,2017,-0.189644,0.265137,0.537131,0.006795,0.190254
394,2018,-0.071075,0.211879,0.550699,0.005949,-0.036658
394,2019,-0.072951,0.197171,0.567106,0.004929,0.007272
394,2020,-0.154253,0.247048,0.607482,0.003183,0.165055
394,2021,-0.011803,0.073943,0.600710,0.002734,0.115497
395,2017,0.111519,0.005511,0.067961,0.000000,-0.064022
395,2018,0.073179,0.008901,0.069627,0.000000,-0.103779
395,2019,0.083128,0.008956,0.061715,0.000000,-0.089383
395,2020,0.085324,0.004907,0.058276,0.000000,-0.110482
395,2021,0.150238,0.006649,0.066380,0.000000,-0.073033
396,2017,0.060473,0.041273,0.237847,0.008321,0.080439
396,2018,-0.077702,-0.736785,0.200878,0.059300,-0.066247
396,2019,-0.038213,0.981664,0.122187,0.079649,-0.064014
396,2020,-0.044458,0.597304,0.135822,0.057091,-0.074629
396,2021,0.065218,0.276927,0.128208,0.046380,0.003377
397,2017,0.056608,0.044248,0.057295,0.087997,0.021000
397,2018,0.072400,0.042622,0.071274,0.076155,-0.016008
397,2019,0.104247,0.049218,0.057065,0.053099,0.033631
397,2020,0.052819,0.051676,0.072126,0.054841,0.005256
397,2021,0.062042,0.034797,0.074655,0.039167,0.006401
398,2017,-0.029352,0.087310,0.118924,0.001817,0.104576
398,2018,-0.061664,0.089523,0.110022,0.001474,0.020632
398,2019,0.130194,0.063691,0.087538,0.001365,0.015599
398,2020,0.120951,0.038819,0.083191,0.001381,-0.089144
398,2021,0.032858,0.019732,0.109924,0.001240,0.043728
399,2017,0.195878,0.039801,0.094143,0.000000,0.125019
399,2018,0.181425,0.032306,0.035154,0.002328,0.409422
399,2019,-0.014594,0.048786,0.191322,0.018993,0.083421
399,2020,0.036386,0.028115,0.032536,0.000621,0.168271
399,2021,-0.588827,-0.054070,0.033655,0.000000,0.054897
400,2017,0.104655,0.002832,0.436127,0.057794,-0.012388
400,2018,0.128876,0.001047,0.444344,0.059265,-0.002389
400,2019,0.063084,0.000194,0.373879,0.037903,-0.192509
400,2020,0.090432,0.000007,0.344825,0.037263,-0.013143
400,2021,0.050918,0.029727,0.239792,0.025965,-0.032862
401,2017,0.079962,0.411281,0.436195,0.005497,0.013766
401,2018,-0.016275,0.431741,0.557742,0.000000,0.033424
401,2019,-0.009497,0.645738,0.611910,0.004066,-0.003018
401,2020,-0.016496,0.626220,0.652649,0.007088,-0.120614
401,2021,0.003377,0.170860,0.699067,0.006028,0.010780
402,2017,0.056931,0.016815,0.254508,0.084158,0.036180
402,2018,0.056083,0.021268,0.268456,0.105757,0.043703
402,2019,0.076764,0.040770,0.271136,0.094144,-0.014825
402,2020,0.055601,0.038530,0.299806,0.113231,-0.012036
402,2021,0.052419,0.011543,0.288048,0.101957,-0.045929
403,2017,-0.743947,0.193974,0.065813,0.000000,-0.305416
403,2018,-0.019229,0.060050,0.139630,0.055154,0.178924
403,2019,-0.330257,0.205678,0.163751,0.035739,0.130707
403,2020,-0.312251,0.232754,0.145639,0.025010,-0.121383
403,2021,-0.450860,0.180909,0.110227,0.018146,-0.003193
404,2017,0.195822,0.044911,0.248024,0.000000,-0.007298
404,2018,0.130696,0.005560,0.250293,0.132220,0.034857
404,2019,-0.000990,0.031731,0.356887,0.110864,0.332075
404,2020,0.055913,0.035151,0.282568,0.079038,0.187291
404,2021,-0.007767,0.068736,0.380081,0.060274,0.226662
405,2017,-0.017588,0.067218,0.141097,0.000000,-0.006120
405,2018,0.002681,0.074161,0.142501,0.000000,0.100311
405,2019,-0.224286,0.167192,0.124107,0.000000,0.069848
405,2020,-0.050781,0.031170,0.166398,0.000000,0.063127
405,2021,-0.077443,0.014004,0.123572,0.031142,-0.017165
406,2017,-0.002698,0.042410,0.119112,0.004195,0.016444
406,2018,0.015389,0.039559,0.127336,0.004761,0.196163
406,2019,0.014143,0.034067,0.122066,0.006307,-0.090801
406,2020,0.039404,0.029762,0.104949,0.011745,-0.065133
406,2021,-0.014956,0.020712,0.112670,0.012470,0.026049
407,2017,-0.071818,0.054885,0.066294,0.315957,0.201918
407,2018,-0.096743,0.091645,0.055286,0.248210,0.120789
407,2019,-0.162994,0.210781,0.020346,0.264844,-0.070930
407,2020,-0.160890,0.184724,0.002830,0.264709,-0.010637
407,2021,-0.095168,0.091733,0.004156,0.271704,-0.037710
408,2017,0.064178,0.003670,0.126778,0.141213,-0.042984
408,2018,-0.124710,0.003412,0.155699,0.140259,0.064981
408,2019,0.048867,0.008617,0.168849,0.152173,0.090149
408,2020,-0.103287,0.005884,0.114505,0.316342,-0.062513
408,2021,-0.002945,0.003947,0.155995,0.288115,0.025602
409,2017,-0.143168,0.130554,0.318794,0.029186,0.068579
409,2018,-0.292269,0.151887,0.407943,0.019218,0.104261
409,2019,-0.271615,0.177153,0.457401,0.011676,0.040670
409,2020,-0.706885,0.202069,0.520198,0.010280,-0.023477
409,2021,-0.025543,0.159877,0.555200,0.010184,0.032564
410,2017,-0.283280,0.129998,0.071757,0.000000,0.034792
410,2018,-0.194079,0.261161,0.170656,0.000000,0.063389
410,2019,-0.543576,-0.502782,0.161482,0.000000,0.018280
410,2020,-0.267203,0.257789,0.000214,0.000000,0.016312
410,2021,0.027212,0.223410,0.000196,0.000000,0.008453
411,2017,0.005655,0.021199,0.354184,0.002211,0.002072
411,2018,-0.145791,0.032380,0.329734,0.003310,0.043899
411,2019,-0.133998,0.040147,0.343836,0.004391,-0.085910
411,2020,0.017489,0.044350,0.296817,0.004380,-0.045225
411,2021,-0.033505,0.057411,0.334269,0.004042,-0.013726
412,2017,0.156405,0.178815,0.137476,0.005300,0.034926
412,2018,0.029624,0.154065,0.152279,0.005948,0.031514
412,2019,-0.142368,0.164150,0.136333,0.006029,0.037418
412,2020,0.051467,0.091309,0.126403,0.006006,0.043533
412,2021,0.025257,0.096258,0.153811,0.006630,0.029943
413,2017,-0.007788,0.077708,0.246723,0.000000,-0.161228
413,2018,-0.026279,0.033223,0.319833,0.000000,0.079616
413,2019,-0.032363,0.011119,0.252451,0.000000,-0.151549
413,2020,-0.010315,0.013282,0.235409,0.000000,-0.118236
413,2021,0.009975,0.006540,0.253795,0.000000,0.087589
414,2017,-0.075635,0.024561,0.136564,0.002284,0.001882
414,2018,-0.268866,0.032890,0.134527,0.002140,0.048037
414,2019,-0.160220,0.048877,0.149151,0.002136,0.040132
414,2020,-0.072255,0.013875,0.158404,0.002688,-0.104382
414,2021,-0.069687,0.009077,0.172327,0.002459,0.005893
415,2017,0.031791,0.075338,0.060868,0.069713,0.110103
415,2018,0.092551,0.226178,0.078673,0.064967,-0.002144
415,2019,0.114078,0.322200,0.115908,0.053463,0.355133
415,2020,0.141996,0.328774,0.114558,0.043211,0.037177
415,2021,0.058244,0.249840,0.080362,0.041292,-0.000089
416,2017,-0.013085,0.368342,0.444512,0.012790,0.061620
416,2018,-0.072073,0.599620,0.465704,0.008193,0.324791
416,2019,-0.040875,0.649913,0.475720,0.008180,0.038695
416,2020,-0.233822,0.625656,0.523174,0.006969,0.044038
416,2021,-0.120522,0.594351,0.515937,0.029061,0.411800
417,2017,0.105342,0.199135,0.402005,0.026222,0.373523
417,2018,0.122045,0.417429,0.298018,0.032009,-0.196465
417,2019,-0.274705,0.469773,0.321088,0.030584,-0.081740
417,2020,0.120381,0.251290,0.305429,0.032073,0.060476
417,2021,0.068554,0.077920,0.537821,0.015644,0.357978
418,2017,0.031107,0.037247,0.178581,0.075944,-0.002157
418,2018,-0.007757,0.039175,0.186275,0.115588,-0.113123
418,2019,0.008407,0.037063,0.202391,0.117357,0.039441
418,2020,0.002606,0.037788,0.208736,0.022542,-0.093826
418,2021,-0.002088,0.036569,0.249591,0.021221,-0.053525
419,2017,0.072671,0.030089,0.089124,0.000000,-0.000232
419,2018,-0.034986,0.036166,0.100682,0.000000,-0.018097
419,2019,0.032570,0.032480,0.096463,0.000009,0.035489
419,2020,0.037116,0.018639,0.095020,0.000020,-0.031401
419,2021,0.020177,0.009360,0.111859,0.001680,0.039964
420,2017,-0.003511,0.105124,0.372646,0.000285,0.044278
420,2018,-0.003462,0.113627,0.378626,0.000255,0.103391
420,2019,-0.020592,0.326698,0.356590,0.000320,0.013593
420,2020,-0.017418,0.075584,0.270386,0.002945,0.021284
420,2021,0.022078,0.018266,0.301599,0.002669,-0.027433
421,2017,-0.010652,0.036317,0.076577,0.000000,-0.008708
421,2018,-0.033018,0.025923,0.081340,0.000000,0.007629
421,2019,-0.001993,0.048076,0.082786,0.000599,0.001586
421,2020,0.003012,0.028541,0.059909,0.000738,-0.054092
421,2021,0.061477,0.016646,0.043383,0.001207,0.048911
422,2017,-0.013563,0.010833,0.635289,0.000045,0.075519
422,2018,0.007326,0.051772,0.725086,0.000000,0.144767
422,2019,-0.002266,0.111410,0.598716,0.000000,-0.108243
422,2020,-0.043936,0.051746,0.565887,0.000000,0.001619
422,2021,-0.005811,0.082967,0.700037,0.000000,-0.048332
423,2017,0.158856,0.497109,0.349767,0.000130,0.117687
423,2018,0.176686,0.294548,0.745409,0.000091,0.262372
423,2019,0.157354,0.285156,0.750210,0.000065,0.127674
423,2020,0.166660,0.176336,0.677054,0.000047,0.111597
423,2021,0.180741,0.126507,0.777248,0.000031,0.323053
424,2017,0.141426,0.026349,0.109086,0.000000,-0.044800
424,2018,-0.051778,0.008051,0.070153,0.002529,0.153408
424,2019,-0.224656,0.122652,0.083419,0.008723,0.131355
424,2020,0.164415,0.160101,0.082782,0.010466,-0.013994
424,2021,0.000319,0.180672,0.125778,0.000000,0.059019
425,2017,-0.010645,0.091464,0.285763,0.006038,-0.079819
425,2018,-0.201839,0.093545,0.305428,0.005900,0.028441
425,2019,0.048851,0.099318,0.310834,0.005626,0.048817
425,2020,0.008724,-0.547921,0.264966,0.003197,-0.021440
425,2021,-0.369862,0.094609,0.246171,0.002517,-0.015052
426,2017,0.146556,0.052796,0.103634,0.052552,-0.014584
426,2018,0.038896,0.048490,0.084757,0.049226,-0.014406
426,2019,0.026972,0.035907,0.098538,0.000000,0.075836
426,2020,0.130770,0.040075,0.062518,0.000000,-0.045206
426,2021,0.033406,0.031435,0.090175,0.000000,0.029153
427,2017,-0.111893,0.020730,0.013902,0.006941,-0.108980
427,2018,-0.031014,0.048736,0.023249,0.005637,-0.081448
427,2019,-0.028448,0.043832,0.021545,0.004478,-0.031016
427,2020,-0.335245,0.154044,0.018964,0.002745,-0.239451
427,2021,0.045614,0.024445,0.013786,0.002043,-0.245046
428,2017,-0.029009,0.070806,0.295377,0.032931,-0.004499
428,2018,-0.026371,0.082210,0.501517,0.066794,0.102574
428,2019,-0.028190,0.087800,0.466579,0.066380,0.070280
428,2020,-0.024968,0.064061,0.467250,0.067004,-0.005548
428,2021,-0.025306,0.061236,0.292358,0.061485,-0.041514
429,2017,0.056251,0.029939,0.032964,0.003099,-0.023669
429,2018,0.034710,0.025322,0.032860,0.002904,-0.003328
429,2019,0.009937,0.046770,0.031139,0.002140,0.020752
429,2020,-0.077895,0.070188,0.021157,0.002252,0.001266
429,2021,0.064739,0.051289,0.022054,0.002207,0.024831
430,2017,0.039475,0.087960,0.197186,0.030721,0.093516
430,2018,-0.027534,0.121565,0.170779,0.029409,-0.076607
430,2019,-0.017521,0.098739,0.183363,0.005525,0.009591
430,2020,-0.035114,0.087331,0.164332,0.005112,-0.057008
430,2021,-0.069619,0.092769,0.211150,0.005087,0.013227
431,2017,0.003169,0.021504,0.114723,0.012615,-0.059752
431,2018,0.015667,0.017327,0.066389,0.023195,-0.009528
431,2019,0.019881,0.002664,0.062620,0.025089,0.033831
431,2020,0.054051,0.013094,0.080316,0.015419,0.047219
431,2021,0.027491,0.019681,0.097929,0.014577,-0.003099
432,2017,-0.003242,0.001277,0.278728,0.003290,0.093693
432,2018,0.012780,0.006532,0.198627,0.019962,-0.005639
432,2019,0.038170,0.012074,0.196451,0.015003,-0.078068
432,2020,0.044943,0.000252,0.247060,0.002595,0.116659
432,2021,0.051352,0.003176,0.364167,0.002084,0.150776
433,2017,0.004305,0.078769,0.300629,0.005094,0.171353
433,2018,-0.007114,0.185001,0.305522,0.005720,0.061045
433,2019,-0.016243,0.200599,0.298980,0.005839,-0.059586
433,2020,0.000420,0.089568,0.321533,0.008363,0.045211
433,2021,-0.001819,0.041570,0.418511,0.005934,0.173113
434,2017,-0.081102,0.213947,0.044018,0.005539,-0.001912
434,2018,-0.105892,0.163666,0.052846,0.011587,0.021729
434,2019,-0.030542,0.094693,0.050585,0.012800,0.010621
434,2020,0.043126,0.123460,0.059426,0.016075,-0.100514
434,2021,-0.012689,0.056768,0.059676,0.016766,-0.057133
435,2017,0.007568,0.002533,0.226758,0.038677,-0.069372
435,2018,0.004124,0.008012,0.367465,0.030332,0.187080
435,2019,0.007296,0.015155,0.364505,0.034825,-0.104204
435,2020,0.001201,0.003316,0.213177,0.031390,-0.181173
435,2021,0.008560,0.001537,0.249591,0.026058,0.109006
436,2017,-0.157739,0.328324,0.171249,0.108924,0.066579
436,2018,-0.486179,0.308655,0.177023,0.116349,-0.001334
436,2019,-0.316200,0.306336,0.170969,0.114639,0.030810
436,2020,0.018598,0.273493,0.176690,0.118973,0.006978
436,2021,-0.086581,0.084525,0.163330,0.119007,0.046625
437,2017,0.210816,0.314366,0.285793,0.004218,-0.010311
437,2018,-1.548221,0.303687,0.300353,0.003831,-0.050750
437,2019,-0.523435,0.368346,0.255852,0.003155,0.039958
437,2020,0.065653,0.965045,0.172629,0.003368,-0.084204
437,2021,0.140064,0.129708,0.243346,0.003092,0.026134
438,2017,0.130657,0.003404,0.341250,0.008455,0.058661
438,2018,0.183910,0.001981,0.213788,0.016711,0.064401
438,2019,0.183850,0.001398,0.080613,0.060462,0.006777
438,2020,0.232204,0.001045,0.040615,0.054262,0.077296
438,2021,0.207941,0.000795,0.073139,0.046693,0.006923
439,2017,0.206041,0.103658,0.033714,0.073880,0.310502
439,2018,0.058434,0.295438,0.019841,0.308034,0.145393
439,2019,0.122808,0.477330,0.006770,0.041807,0.196201
439,2020,0.006351,0.524284,0.014547,0.034218,0.105000
439,2021,0.143476,0.408429,0.008000,0.034238,0.027973
440,2017,-0.061499,0.067997,0.250109,0.000000,0.051507
440,2018,-0.063175,0.099950,0.349929,0.000000,0.043737
440,2019,-0.011051,0.063838,0.096024,0.000000,-0.022375
440,2020,-0.044900,0.036366,0.050771,0.000000,-0.063610
440,2021,-0.046444,0.075632,0.197395,0.089246,0.166735
441,2017,0.158970,0.199470,0.185062,0.005038,0.072728
441,2018,0.119275,0.324841,0.173003,0.004173,0.134406
441,2019,0.093125,0.237848,0.143156,0.004589,-0.092452
441,2020,0.090587,0.087086,0.090122,0.004365,0.059419
441,2021,0.107875,0.063568,0.249841,0.004164,-0.000090
442,2017,-0.024267,0.024845,0.294063,0.012518,0.034363
442,2018,-0.002049,0.017532,0.438829,0.016718,0.002918
442,2019,-0.001731,0.010916,0.404402,0.016226,0.202226
442,2020,-0.007245,0.004283,0.359143,0.014606,-0.056902
442,2021,-0.001020,0.056588,0.293084,0.010901,0.008619
443,2017,0.014564,0.020925,0.249021,0.000026,0.041166
443,2018,-0.002302,0.042554,0.206793,0.000007,0.120531
443,2019,-0.019958,0.018327,0.222210,0.000053,-0.171678
443,2020,-0.156720,0.059421,0.140990,0.000470,0.003009
443,2021,0.014249,0.043246,0.208018,0.000270,0.223844
444,2017,0.046553,0.035832,0.003782,0.000000,-0.015561
444,2018,0.049939,0.046871,0.003647,0.000000,-0.032849
444,2019,0.045580,0.065880,0.003991,0.000000,0.017813
444,2020,0.037747,0.059399,0.002450,0.000000,-0.030475
444,2021,0.039268,0.035321,0.002395,0.000000,0.004956
445,2017,-0.420301,0.310289,0.061346,0.106379,-0.004920
445,2018,-0.201065,0.285630,0.070091,0.092707,-0.073761
445,2019,-0.009961,0.335942,0.061652,0.081709,0.084563
445,2020,0.136605,0.336477,0.065706,0.074601,-0.001664
445,2021,0.250974,0.221811,0.065624,0.063355,0.075574
446,2017,0.190187,0.328089,0.187602,0.007289,0.136467
446,2018,0.183943,0.340508,0.246319,0.007086,0.061699
446,2019,0.176670,0.340863,0.218855,0.006663,0.085192
446,2020,0.192354,0.169744,0.142365,0.006062,-0.042507
446,2021,0.196119,0.077879,0.138451,0.005072,0.079216
447,2017,0.045579,0.054145,0.489307,0.000000,0.035590
447,2018,0.018033,0.067712,0.541412,0.000000,0.411470
447,2019,0.003091,0.231951,0.411474,0.000000,-0.175235
447,2020,-0.001792,0.300034,0.261847,0.000000,0.139540
447,2021,-0.017650,0.048485,0.303841,0.000313,-0.021122
448,2017,-0.001154,0.055812,0.744199,0.061579,0.172610
448,2018,-0.003747,0.047073,0.771703,0.076629,0.274788
448,2019,-0.007596,0.069306,0.817209,0.076723,0.289333
448,2020,-0.005553,0.099878,0.771637,0.076666,-0.047774
448,2021,0.004423,0.073849,0.824440,0.061291,0.209682
449,2017,0.002390,0.192293,0.060057,0.000072,0.095682
449,2018,0.035777,0.100267,0.060523,0.000050,0.076410
449,2019,0.003638,0.098003,0.055876,0.000031,0.031441
449,2020,0.013921,0.118924,0.044958,0.000044,0.084218
449,2021,0.059240,0.041590,0.055774,0.000135,0.071386
450,2017,0.053493,0.037561,0.264680,0.000744,0.016539
450,2018,-0.003864,0.070279,0.245026,0.000695,-0.083432
450,2019,0.000788,0.132180,0.247016,0.001005,0.055896
450,2020,0.002733,-0.419738,0.115729,0.000016,-0.198127
450,2021,-0.130129,0.118347,0.166617,0.000013,0.071484
451,2017,0.014956,0.006710,0.227044,0.003690,-0.044288
451,2018,0.036365,0.006083,0.249709,0.003749,0.000907
451,2019,0.092276,0.018920,0.199189,0.002341,0.086022
451,2020,0.187298,0.003298,0.214413,0.004380,-0.051437
451,2021,0.018599,0.000979,0.308945,0.004562,0.159269
452,2017,0.024662,3.241563,0.211564,0.000000,-0.116558
452,2018,-0.173601,0.301019,0.117510,0.015854,-0.135376
452,2019,-1.171184,0.389232,0.065858,0.013633,0.218899
452,2020,-0.459696,0.298038,0.057708,0.012348,-0.248028
452,2021,-0.339876,0.164506,0.055090,0.012192,-0.113069
453,2017,-0.002682,0.214959,0.335332,0.000000,-0.063699
453,2018,-0.085654,0.296532,0.284938,0.000000,0.288803
453,2019,-0.022317,0.257502,0.271520,0.000000,0.313854
453,2020,0.076307,0.219474,0.265708,0.000000,0.119787
453,2021,-0.005669,0.186503,0.266229,0.000000,0.194247
454,2017,-0.038375,0.190397,0.104512,0.001837,0.015455
454,2018,-0.100808,0.210416,0.142831,0.001021,0.027050
454,2019,0.046663,0.200929,0.133466,0.000696,0.199644
454,2020,0.161563,0.181314,0.094341,0.000680,0.003811
454,2021,0.029156,0.082496,0.176180,0.000543,0.150498
455,2017,0.069842,0.019449,0.178884,0.000000,0.013896
455,2018,0.061603,0.020150,0.177419,0.000000,0.014372
455,2019,0.033623,0.014352,0.155344,0.000000,0.008003
455,2020,0.032625,0.015353,0.163445,0.000000,0.033173
455,2021,0.101974,0.021864,0.227703,0.000000,0.094025
456,2017,0.183143,0.074730,0.119840,0.000454,-0.005202
456,2018,0.174806,0.052133,0.139535,0.000424,0.006181
456,2019,0.182606,0.040138,0.147504,0.000341,0.076282
456,2020,0.076918,0.022191,0.134582,0.000256,-0.021039
456,2021,0.116540,0.014638,0.144145,0.000184,0.005425
457,2017,-0.172104,0.001481,0.286781,0.000729,-0.077029
457,2018,-0.017026,0.009469,0.270104,0.001218,0.013690
457,2019,-0.075761,0.002284,0.336210,0.001047,0.085265
457,2020,-0.132491,0.002917,0.289982,0.000986,0.061155
457,2021,0.000019,0.001496,0.325091,0.000599,-0.057274
458,2017,-0.172237,0.590887,0.253864,0.012398,-0.054923
458,2018,-0.677657,0.542119,0.289733,0.001040,-0.037296
458,2019,-0.505044,0.578346,0.297620,0.001180,0.055346
458,2020,-0.655837,0.561755,0.260733,0.001373,-0.017718
458,2021,-0.200799,0.443294,0.226153,0.000801,-0.045870
459,2017,0.102238,0.006418,0.136949,0.000144,0.020394
459,2018,0.183744,0.027671,0.195673,0.000104,-0.007818
459,2019,-0.001430,0.013488,0.200750,0.000066,-0.000635
459,2020,0.066283,0.008119,0.172238,0.000016,-0.093510
459,2021,0.051424,0.004679,0.183912,0.000000,-0.014929
460,2017,0.103079,0.005672,0.025636,0.001440,-0.020652
460,2018,0.094237,0.003447,0.021102,0.001433,-0.029999
460,2019,0.089836,0.002692,0.018381,0.001173,0.007552
460,2020,0.084889,0.000341,0.016343,0.001083,-0.028234
460,2021,0.087508,0.000297,0.016882,0.001025,0.003719
461,2017,0.162955,0.134975,0.147971,0.001329,0.098849
461,2018,0.127888,0.133038,0.184558,0.004690,-0.001961
461,2019,0.161515,0.162384,0.147132,0.006659,-0.010966
461,2020,0.136523,0.157538,0.130922,0.005356,-0.034885
461,2021,0.137660,0.086283,0.192354,0.004469,0.126991
462,2017,0.000103,0.002405,0.054694,0.000138,-0.031493
462,2018,-0.006299,0.002049,0.101356,0.000028,-0.048850
462,2019,-0.021282,0.001978,0.089073,0.000012,-0.026161
462,2020,0.013053,0.001567,0.082732,0.000086,-0.055716
462,2021,-0.000087,0.002590,0.117842,0.000060,-0.079121
463,2017,-0.011389,0.033545,0.036502,0.047745,0.017709
463,2018,-0.020267,0.072049,0.084132,0.038609,0.138983
463,2019,-0.018253,0.168782,0.097448,0.033310,0.036077
463,2020,0.077844,0.112270,0.098581,0.006395,-0.030758
463,2021,0.046895,0.130585,0.080822,0.006929,0.005740
464,2017,0.114156,0.016777,0.081654,0.007327,0.041981
464,2018,0.116229,0.016353,0.092455,0.006094,0.018271
464,2019,0.076094,0.022608,0.093672,0.005363,0.074060
464,2020,0.088718,0.024513,0.119754,0.004754,0.008242
464,2021,0.173603,0.025982,0.124172,0.003356,0.016360
465,2017,-0.039532,0.029451,0.088328,0.002065,0.052568
465,2018,-0.048130,0.039278,0.087488,0.001914,0.001332
465,2019,-0.155546,0.098691,0.092995,0.002175,-0.022531
465,2020,-0.007456,0.053169,0.099630,0.002091,0.003697
465,2021,-0.033809,0.045363,0.110274,0.002000,0.035276
466,2017,-0.001551,0.222692,0.128508,0.000248,-0.023436
466,2018,0.005895,0.178247,0.123840,0.002414,-0.072309
466,2019,0.011352,0.089576,0.095765,0.005371,-0.048082
466,2020,0.028658,0.003750,0.083561,0.004049,-0.081922
466,2021,0.006667,0.002032,0.075389,0.001665,0.004575
467,2017,0.001788,0.149705,0.262714,0.000000,0.059185
467,2018,-0.023419,0.160340,0.221390,0.000000,0.048756
467,2019,-0.005963,0.126052,0.277980,0.000000,0.059194
467,2020,-0.001909,0.127967,0.217313,0.000000,-0.028018
467,2021,-0.003453,0.069371,0.213814,0.000000,0.075968
468,2017,0.156778,0.684650,0.012410,0.000000,-0.051789
468,2018,-0.027622,0.384733,0.020490,0.000000,0.037081
468,2019,-0.004449,0.372053,0.013625,0.000000,-0.082177
468,2020,-0.065471,0.696938,0.018927,0.000000,-0.041944
468,2021,-0.225384,0.370847,0.033619,0.000000,0.001993
469,2017,0.216091,30.248366,0.157810,0.000000,-0.083117
469,2018,0.151641,-1.106667,0.119481,0.000000,-0.019703
469,2019,0.191275,-1.924903,0.093399,0.001117,0.069083
469,2020,0.013601,-1.362219,0.075051,0.001659,0.034763
469,2021,0.157305,-3.854952,0.058800,0.003181,0.057648
470,2017,-0.023451,0.366707,0.376741,0.001003,0.037972
470,2018,-0.000927,0.222933,0.361635,0.000759,0.029101
470,2019,0.001642,0.269744,0.368413,0.000775,0.046685
470,2020,-0.006562,0.250900,0.362390,0.000506,0.037190
470,2021,-0.058842,0.210410,0.350608,0.001145,0.036203
471,2017,-0.014856,0.070766,0.093797,0.000000,-0.043869
471,2018,-0.002785,0.064458,0.074856,0.000000,-0.085801
471,2019,-0.003533,0.021391,0.052095,0.000000,-0.027332
471,2020,-0.004391,0.019694,0.061982,0.000000,-0.023368
471,2021,0.000744,0.007342,0.070748,0.000000,0.023924
472,2017,-0.143464,0.068607,0.182587,0.000638,0.002937
472,2018,-0.160229,0.303362,0.154045,0.000375,0.027519
472,2019,0.035098,0.418169,0.161373,0.014931,0.084992
472,2020,0.145365,0.498885,0.143082,0.000211,-0.069153
472,2021,0.061269,0.069724,0.170782,0.000220,-0.028086
473,2017,0.043527,0.065086,0.065930,0.039232,0.015193
473,2018,0.032169,0.068956,0.076890,0.060863,0.015927
473,2019,0.031729,0.090118,0.069005,0.040616,0.054053
473,2020,0.074193,0.091475,0.053013,0.044479,-0.034434
473,2021,0.010912,0.048875,0.059391,0.040973,-0.017318
474,2017,0.019424,0.088556,0.146913,0.014167,0.026686
474,2018,0.040193,0.066218,0.155575,0.013744,0.014800
474,2019,0.004176,0.082995,0.131730,0.013367,0.012553
474,2020,-1.097334,0.084355,0.102598,0.012801,-0.054553
474,2021,0.060825,0.050514,0.139046,0.011763,0.001134
475,2017,-0.103751,0.036757,0.015649,0.012253,0.111443
475,2018,-0.823957,0.090622,0.016727,0.011479,0.059723
475,2019,-1.359603,0.014614,0.018753,0.010427,0.027512
475,2020,-0.632826,0.098327,0.026931,0.009672,-0.005605
475,2021,-0.118498,0.062012,0.028771,0.009084,0.000841
476,2017,-0.104585,0.183093,0.037450,0.245227,0.004253
476,2018,-0.199721,0.271350,0.039062,0.239203,-0.020837
476,2019,-0.253450,0.330581,0.042875,0.234454,0.005406
476,2020,-0.191416,0.361666,0.035939,0.211842,-0.011998
476,2021,-0.165010,0.236974,0.041347,0.170162,0.027105
477,2017,-0.001164,0.359327,0.150482,0.000000,0.034563
477,2018,-0.046931,0.411590,0.199116,0.000000,0.047197
477,2019,0.013018,0.363636,0.165203,0.000000,0.006746
477,2020,0.187985,0.313154,0.172589,0.000000,-0.003112
477,2021,0.024835,0.272611,0.121497,0.000000,0.003326
478,2017,-0.019955,0.173779,0.135594,0.000000,-0.018492
478,2018,-0.000864,0.095329,0.151605,0.000000,0.068738
478,2019,-0.239055,0.219194,0.145552,0.000000,-0.023695
478,2020,-0.716775,0.081603,0.103415,0.000000,-0.005550
478,2021,-0.082743,0.109663,0.114109,0.000000,0.048226
479,2017,-0.006275,0.278678,0.125313,0.007910,0.025899
479,2018,-0.012873,0.064398,0.166195,0.007949,-0.022158
479,2019,0.021171,0.003739,0.161698,0.006039,-0.050075
479,2020,-0.004769,0.004057,0.127263,0.004407,-0.131749
479,2021,0.013192,0.002828,0.105440,0.002783,-0.085361
480,2017,0.005776,0.008227,0.208293,0.001752,-0.026526
480,2018,-0.026536,0.010235,0.248545,0.001576,0.091396
480,2019,-0.021717,0.002917,0.170148,0.001455,-0.041152
480,2020,-0.049291,0.003174,0.186261,0.005601,-0.008689
480,2021,-0.014755,0.001647,0.189565,0.004219,0.086657
481,2017,0.016875,0.109221,0.232217,0.020380,0.060792
481,2018,0.020478,0.069561,0.222663,0.017590,0.011190
481,2019,0.040304,0.075390,0.199652,0.016234,0.077387
481,2020,0.026644,0.071395,0.182710,0.014804,-0.001031
481,2021,0.001045,0.052489,0.215967,0.012899,0.096173
482,2017,0.023725,0.042568,0.193002,0.002472,0.026204
482,2018,-0.136415,0.097978,0.264786,0.002051,0.077168
482,2019,-0.230362,0.152952,0.279286,0.001606,0.094974
482,2020,-0.742060,0.294558,0.296342,0.001339,0.016276
482,2021,0.209779,-0.118074,0.183723,0.001008,-0.148160
483,2017,0.028604,0.029054,0.215086,0.000000,-0.009833
483,2018,0.224484,0.057793,0.233083,0.000000,0.082581
483,2019,-0.107872,0.077503,0.213247,0.000000,0.081438
483,2020,-0.082268,0.063775,0.189960,0.000000,-0.051218
483,2021,0.061385,0.066115,0.252358,0.000000,-0.095514
484,2017,0.001911,0.107408,0.348672,0.000437,-0.022202
484,2018,-0.007109,0.046080,0.321436,0.000345,0.081544
484,2019,-0.003509,0.034530,0.270390,0.000142,0.174221
484,2020,0.030812,0.072793,0.261901,0.000044,-0.001194
484,2021,-0.033734,0.038080,0.363715,0.000687,0.198441
485,2017,-0.071282,0.208985,0.069555,0.021513,-0.022866
485,2018,-0.045082,0.311191,0.074161,0.020690,0.067989
485,2019,-0.113891,0.456203,0.061143,0.020393,0.042133
485,2020,-0.092277,0.364454,0.047373,0.015962,-0.005033
485,2021,-0.014226,0.238214,0.056378,0.016473,0.015684
486,2017,0.007191,0.242253,0.226391,0.000000,0.192368
486,2018,-0.025938,0.457186,0.245926,0.000000,0.032522
486,2019,0.004591,-0.104948,0.204122,0.000000,-0.026723
486,2020,0.024326,-0.181471,0.154117,0.000000,-0.127072
486,2021,-0.003398,-0.075023,0.100094,0.000000,0.014857
487,2017,-0.007709,0.028402,0.214805,0.000000,0.067233
487,2018,-0.020170,0.026934,0.250364,0.001426,0.042690
487,2019,-0.057883,0.018886,0.189533,0.000943,0.034138
487,2020,-0.003389,0.022706,0.079862,0.000562,-0.104364
487,2021,0.007760,0.017039,0.144384,0.000439,0.096893
488,2017,0.044263,0.005898,0.073892,0.032947,0.172558
488,2018,0.017334,0.018032,0.065294,0.031267,0.046134
488,2019,0.023408,0.030407,0.079311,0.032909,0.088768
488,2020,0.020164,0.020198,0.065052,0.031041,0.019676
488,2021,0.045826,0.009157,0.071220,0.030434,0.066579
489,2017,0.034164,0.331922,0.119947,0.013302,-0.516229
489,2018,-0.008874,0.410108,0.121120,0.010232,-0.002167
489,2019,-0.094198,0.445149,0.091595,0.005250,-0.413846
489,2020,0.028939,-0.161529,0.055500,0.000000,-0.127694
489,2021,0.003087,-2.656321,0.036660,0.003960,-0.272255
490,2017,-0.027324,0.208613,0.116749,0.000176,-0.009115
490,2018,-0.043107,0.114682,0.102233,0.000153,0.015293
490,2019,0.043738,0.184880,0.101785,0.000137,0.083643
490,2020,0.193795,0.215773,0.094716,0.000287,0.041587
490,2021,-0.045891,0.148898,0.129393,0.000250,0.107704
491,2017,0.040722,0.118228,0.415470,0.001079,-0.014937
491,2018,-0.008935,0.186177,0.356683,0.000616,0.045861
491,2019,-0.071003,0.259837,0.341967,0.000415,-0.018500
491,2020,-0.007970,0.148342,0.339519,0.000569,-0.024003
491,2021,0.020645,0.109192,0.349023,0.001097,0.213717
492,2017,-0.328484,0.511220,0.138887,0.000000,-0.004565
492,2018,0.121146,0.502738,0.166106,0.000000,0.003477
492,2019,-0.162271,0.467530,0.133462,0.000000,0.009445
492,2020,-0.110543,0.349927,0.105721,0.000000,-0.086707
492,2021,0.005466,0.483148,0.158301,0.000000,0.031243
493,2017,0.002524,0.162531,0.203573,0.008006,-0.010977
493,2018,-0.019568,0.100652,0.192442,0.008084,-0.021073
493,2019,0.000588,0.116256,0.158972,0.005872,0.077052
493,2020,-0.059075,0.148642,0.129190,0.120865,-0.077948
493,2021,-0.001316,0.140326,0.148586,0.118259,0.010918
494,2017,0.134139,0.338385,0.095675,0.018460,0.108701
494,2018,-0.070675,0.365968,0.133955,0.013137,0.002039
494,2019,-0.205068,0.353252,0.122769,0.014266,-0.062153
494,2020,-0.633267,0.453913,0.115351,0.012680,-0.031411
494,2021,-0.007079,0.359401,0.110327,0.009328,0.061375
495,2017,-0.006902,0.059332,0.568010,0.000000,0.016004
495,2018,-0.006333,0.057959,0.558055,0.000000,-0.026831
495,2019,0.001029,0.033216,0.544804,0.000000,0.040515
495,2020,0.011434,0.029876,0.510216,0.000000,-0.097508
495,2021,-0.010762,0.007315,0.527500,0.000000,0.037733
496,2017,-0.000034,0.001505,0.417775,0.001401,-0.052150
496,2018,0.003756,0.001698,0.325803,0.001297,-0.133778
496,2019,0.001476,0.002890,0.321716,0.001187,-0.056546
496,2020,-0.011160,0.004239,0.364249,0.001216,-0.051616
496,2021,-0.000174,0.005615,0.334933,0.001138,-0.052072
497,2017,-0.015982,0.508812,0.260201,0.000000,0.015972
497,2018,0.024747,0.390202,0.307701,0.000000,0.327375
497,2019,0.001539,0.368698,0.321074,0.000000,0.203754
497,2020,0.094197,-0.282684,0.342792,0.000000,-0.100860
497,2021,0.128570,2.852427,0.308854,0.002712,-0.232364
498,2017,0.069424,0.358830,0.227225,0.060356,0.052106
498,2018,0.148382,0.299941,0.229458,0.065048,0.045413
498,2019,-0.054747,0.261647,0.229136,0.071577,0.030978
498,2020,-0.120054,0.217268,0.223830,0.067748,-0.022423
498,2021,-0.040055,0.111492,0.271723,0.070384,0.012576
499,2017,0.154165,0.137378,0.124382,0.000000,0.001468
499,2018,0.049459,0.144638,0.135063,0.000000,0.040043
499,2019,-0.060399,0.202156,0.047944,0.000000,0.025602
499,2020,-0.013144,0.219537,0.042948,0.000000,-0.001318
499,2021,0.016612,0.201200,0.049181,0.000000,0.019051
500,2017,-0.010850,0.365940,0.173268,0.000204,0.000679
500,2018,-0.125155,0.348229,0.161850,0.000127,-0.060158
500,2019,-0.052564,0.548577,0.185004,0.000113,0.099171
500,2020,-0.627776,0.425160,0.250931,0.000091,0.004702
500,2021,-0.648001,0.429165,0.314334,0.001029,0.079056
501,2017,0.183016,0.426381,0.405410,0.000000,-0.076912
501,2018,0.011816,0.181278,0.337796,0.000000,0.030217
501,2019,0.000997,0.161883,0.366771,0.000000,0.103674
501,2020,-0.056523,0.218847,0.356401,0.000000,0.070228
501,2021,0.042852,0.334105,0.396290,0.000000,-0.020814
502,2017,-0.028883,0.051917,0.201315,0.010861,0.040589
502,2018,-0.034902,0.049322,0.181991,0.008124,-0.037816
502,2019,-0.039985,0.036143,0.161837,0.008541,-0.008680
502,2020,0.169085,0.090017,0.164142,0.007651,0.014204
502,2021,-0.041749,0.014773,0.218992,0.005804,0.096915
503,2017,0.063116,0.007464,0.061274,0.003719,0.003380
503,2018,0.068393,0.007625,0.066134,0.003799,0.004453
503,2019,0.056931,0.002434,0.068399,0.003743,0.002728
503,2020,0.060811,0.015023,0.066696,0.000225,-0.026681
503,2021,0.020579,0.009305,0.086754,0.000218,0.017461
504,2017,-0.069479,0.024508,0.103153,0.102917,-0.036950
504,2018,-0.027348,0.031398,0.116427,0.113845,0.021315
504,2019,-0.029273,0.018589,0.099219,0.097830,-0.020089
504,2020,-0.035062,0.063496,0.044280,0.539300,-0.027874
504,2021,0.015157,0.131214,0.049631,0.472243,0.011713
505,2017,-0.078850,0.130647,0.110777,0.065597,0.015614
505,2018,-0.083708,0.175766,0.120618,0.066888,0.019626
505,2019,-0.075356,0.131620,0.100404,0.065660,-0.022256
505,2020,-0.075684,0.138799,0.068350,0.357503,-0.022404
505,2021,-0.004932,0.130458,0.070752,0.324583,0.005323
506,2017,-0.042321,0.271323,0.092236,0.009736,0.023878
506,2018,-0.085777,0.224233,0.103530,0.008572,0.044446
506,2019,-0.066563,0.456825,0.105862,0.008615,0.022165
506,2020,-0.095688,0.152911,0.093974,0.008852,-0.056694
506,2021,-0.077151,0.134275,0.123478,0.008241,0.082512
507,2017,-0.591277,0.138069,0.155028,0.000000,-0.044420
507,2018,0.124185,0.095191,0.197378,0.000000,0.044980
507,2019,0.143932,0.182035,0.195368,0.000000,0.072265
507,2020,0.133114,0.174673,0.181966,0.000000,0.034702
507,2021,0.058311,0.014651,0.196024,0.000000,0.037681
508,2017,-0.041263,0.029034,0.147170,0.000000,-0.049537
508,2018,-0.002029,0.017248,0.144629,0.000000,0.021843
508,2019,0.030079,0.015721,0.145029,0.000000,0.073335
508,2020,0.000056,0.004180,0.118923,0.000000,-0.045286
508,2021,-0.034324,0.015102,0.220186,0.000000,0.225535
509,2017,0.019277,0.315027,0.139767,0.000000,0.163776
509,2018,-0.010467,0.391172,0.174283,0.000000,-0.040394
509,2019,0.018529,0.646950,0.193412,0.000257,0.249529
509,2020,0.178592,0.471911,0.123842,0.000272,0.008399
509,2021,0.015056,0.250968,0.160771,0.000204,0.066347
510,2017,-0.000173,0.024879,0.080275,0.000000,0.041935
510,2018,0.006595,0.030024,0.148661,0.000000,0.046105
510,2019,0.015742,0.025014,0.081983,0.000000,0.088930
510,2020,0.003236,0.011326,0.058642,0.000000,-0.020897
510,2021,0.020430,0.031214,0.143139,0.000000,0.099155
511,2017,-0.140017,0.189261,0.321346,0.004883,0.036918
511,2018,-0.034405,0.185893,0.326615,0.005655,0.038243
511,2019,-0.030846,0.189455,0.297126,0.007541,0.051938
511,2020,-0.052282,0.216581,0.264356,0.007055,-0.078623
511,2021,-0.017290,0.158299,0.317189,0.006687,0.094707
512,2017,0.098648,5.106210,0.015498,0.005395,0.046521
512,2018,0.236358,18.206337,0.022912,0.005223,0.059330
512,2019,0.142319,6.434133,0.020781,0.005152,0.088558
512,2020,0.181144,11.141097,0.011853,0.005146,0.045037
512,2021,0.161085,1.366927,0.026729,0.005042,0.061397
513,2017,-0.003246,0.253839,0.294388,0.000000,0.021450
513,2018,-0.025462,0.259783,0.289215,0.000000,0.061207
513,2019,-0.042836,0.229433,0.267875,0.000000,0.003468
513,2020,-0.218806,0.318982,0.231065,0.000000,-0.178992
513,2021,-0.139708,2.957381,0.331194,0.000000,0.171393
514,2017,0.006899,0.010097,0.214098,0.025251,0.052696
514,2018,0.005281,0.007939,0.191477,0.023886,0.008051
514,2019,-0.004221,0.009989,0.184457,0.032695,0.057134
514,2020,-0.008251,0.022666,0.159533,0.029251,-0.043642
514,2021,0.000063,0.011249,0.198207,0.044132,0.050014
515,2017,-0.002977,0.062679,0.421846,0.000000,0.020257
515,2018,0.035442,0.250734,0.469189,0.000000,0.008634
515,2019,0.006530,-1.150023,0.478957,0.000000,0.015825
515,2020,-0.788870,0.116327,0.459408,0.000000,0.006720
515,2021,0.007499,0.017928,0.525687,0.000000,0.218221
516,2017,-0.011322,0.243210,0.243675,0.000000,0.137559
516,2018,-0.011591,0.251657,0.273901,0.000000,0.015449
516,2019,-0.074839,0.240004,0.179109,0.000000,-0.082471
516,2020,-0.054547,0.171739,0.215084,0.000000,0.005548
516,2021,-0.042360,0.189658,0.236306,0.000778,0.135160
517,2017,-0.012396,0.130880,0.195589,0.001108,0.094638
517,2018,-0.041556,0.191972,0.187660,0.016351,0.089283
517,2019,-0.335274,0.607214,0.155240,0.010206,0.280445
517,2020,-0.501565,0.775778,0.139831,0.010767,-0.021727
517,2021,-0.042151,0.406167,0.151516,0.010922,0.079347
518,2017,-0.020732,0.300813,0.153369,0.001298,0.042158
518,2018,0.013271,0.324257,0.203722,0.000974,0.042396
518,2019,-0.002857,0.380883,0.198389,0.001511,-0.005919
518,2020,-0.177979,0.292201,0.135028,0.001529,-0.095842
518,2021,-0.071885,0.202855,0.167954,0.001851,0.008078
519,2017,0.041478,0.007602,0.261393,0.041302,0.016722
519,2018,-0.034630,0.002848,0.300997,0.040750,0.044136
519,2019,0.008366,-0.011504,0.273744,0.047735,0.007228
519,2020,-0.148051,0.018879,0.299651,0.001834,-0.028351
519,2021,0.001884,0.007521,0.298073,0.001300,-0.163427
520,2017,0.006981,0.121308,0.223829,0.000000,0.000272
520,2018,-0.020091,0.152659,0.206846,0.000000,-0.049001
520,2019,-0.010869,0.378395,0.227323,0.000000,0.076498
520,2020,-0.028466,0.236543,0.260766,0.000000,0.110664
520,2021,-0.122144,0.327131,0.256463,0.000000,0.020628
521,2017,-31.935637,0.322873,0.154906,0.000000,-0.022079
521,2018,-0.036147,0.156893,0.184767,0.000000,0.012596
521,2019,-0.137302,0.277197,0.187910,0.000000,0.031444
521,2020,-2.720805,0.367009,0.189491,0.000000,-0.033911
521,2021,0.011750,0.306017,0.224551,0.000000,0.118271
522,2017,-0.019546,0.020718,0.185232,0.000000,0.029443
522,2018,-0.013508,0.011658,0.175861,0.000000,0.163533
522,2019,-0.008535,0.027319,0.190019,0.000000,0.255366
522,2020,-0.007632,0.021370,0.229465,0.000000,-0.122608
522,2021,-0.004451,0.011664,0.231497,0.000000,0.145684
523,2017,-0.004211,0.129736,0.122371,0.000000,0.048100
523,2018,-0.010925,0.153375,0.190533,0.000000,0.099235
523,2019,0.004087,0.093449,0.146583,0.000000,-0.039852
523,2020,0.001764,0.096183,0.141833,0.000000,-0.062786
523,2021,0.001501,0.117269,0.152338,0.000000,0.038129
524,2017,-0.002653,0.194019,0.482338,0.001282,0.097422
524,2018,0.000614,0.208035,0.481549,0.001052,0.078724
524,2019,-0.001404,0.150152,0.434255,0.057239,0.257919
524,2020,0.065490,0.341113,0.413602,0.054451,-0.123531
524,2021,0.046721,0.153872,0.456064,0.054294,-0.087408
525,2017,-0.046948,0.015055,0.341277,0.001157,0.033300
525,2018,-0.043775,0.007592,0.214165,0.000974,-0.019702
525,2019,-0.128417,0.015047,0.261540,0.001667,0.272822
525,2020,-0.101676,0.027979,0.341258,0.001454,0.016755
525,2021,-0.088865,0.011448,0.264025,0.001093,-0.016730
526,2017,-0.064108,0.508257,0.342526,0.000072,0.046231
526,2018,-0.069915,0.511041,0.383527,0.000000,0.146242
526,2019,-0.091716,0.706856,0.381374,0.000000,0.036517
526,2020,-0.417654,0.617212,0.334254,0.000000,-0.051397
526,2021,-0.245966,0.425629,0.375751,0.000000,0.027934
527,2017,0.186006,0.418625,0.099209,0.000000,0.008826
527,2018,-0.036010,0.232697,0.109501,0.000000,0.042071
527,2019,-0.072708,0.293559,0.105020,0.000000,0.102865
527,2020,-0.322995,0.322423,0.080420,0.000000,-0.008602
527,2021,0.007141,0.117240,0.073672,0.000000,0.031108
528,2017,-0.007274,0.012527,0.068372,0.000000,0.035745
528,2018,-0.017421,0.018228,0.059601,0.000000,-0.032519
528,2019,-0.008545,0.022747,0.057175,0.000000,0.029855
528,2020,-0.059600,0.082240,0.058828,0.000000,-0.160432
528,2021,-0.021439,0.021388,0.071295,0.000000,-0.125811
529,2017,0.196710,0.534076,0.220688,0.000000,0.023453
529,2018,-1.952106,0.502271,0.246848,0.000000,0.011944
529,2019,-0.695736,0.418613,0.240920,0.000000,0.045773
529,2020,-1.875087,0.319894,0.261922,0.000000,0.029613
529,2021,-0.732889,0.187311,0.330077,0.000000,0.023191
530,2017,-0.071778,0.041051,0.256522,0.000000,-0.064437
530,2018,-0.091849,0.107342,0.279375,0.000000,0.212152
530,2019,-0.130987,0.131676,0.359967,0.000000,-0.148758
530,2020,-0.023595,0.066077,0.174497,0.000000,-0.036555
530,2021,-0.065437,0.023837,0.124840,0.000000,-0.194470
531,2017,-0.036379,0.415946,0.208270,0.008883,0.072090
531,2018,0.041318,0.371539,0.221792,0.008678,0.061266
531,2019,-0.050357,0.349580,0.236901,0.006877,0.087827
531,2020,-0.033536,0.309195,0.297775,0.004962,0.087865
531,2021,-0.049537,0.333588,0.320996,0.004134,0.039462
532,2017,0.012507,0.067818,0.255138,0.018376,0.088854
532,2018,0.022960,0.049459,0.419150,0.013761,0.303393
532,2019,0.000875,0.069393,0.316353,0.012811,-0.108864
532,2020,-0.016222,0.026301,0.253006,0.011624,-0.045055
532,2021,0.003642,0.020430,0.343444,0.009395,0.150121
533,2017,0.193095,0.421433,0.238246,0.000000,0.119173
533,2018,0.125285,0.425645,0.272742,0.000000,0.089433
533,2019,-0.062035,0.265594,0.197490,0.000000,-0.021322
533,2020,-0.031652,0.193878,0.207383,0.000000,-0.023455
533,2021,-0.250848,0.112172,0.242631,0.000000,0.077195
534,2017,-1.555283,0.603277,0.147465,0.000000,0.034784
534,2018,0.029110,0.565116,0.135736,0.000000,0.031147
534,2019,0.061193,135.486332,0.145915,0.000000,0.068706
534,2020,-7.811676,0.423772,0.156170,0.000000,0.042957
534,2021,-2.119263,0.960533,0.162268,0.000000,0.044423
535,2017,-0.007507,0.117314,0.231199,0.000627,-0.062655
535,2018,-0.003579,0.146879,0.222339,0.000649,0.049520
535,2019,-0.003706,0.120167,0.232039,0.000741,0.065628
535,2020,-0.034294,0.060277,0.223279,0.001164,0.144498
535,2021,-0.158192,0.473218,0.181018,0.055605,0.009863
536,2017,-0.065578,0.007815,0.052087,0.013660,-0.049213
536,2018,-0.325514,0.039343,0.094359,0.011436,-0.019460
536,2019,-0.075654,0.049960,0.072273,0.011048,-0.047411
536,2020,0.146563,0.324309,0.058240,0.012632,-0.077913
536,2021,-0.102604,0.013631,0.063632,0.010266,-0.100206
537,2017,0.249193,0.000425,0.000591,0.000000,-0.003991
537,2018,0.248431,0.000205,0.000621,0.000000,0.004560
537,2019,0.249632,0.000105,0.000384,0.000000,-0.011043
537,2020,0.219417,0.000186,0.000434,0.000000,0.011955
537,2021,0.219927,0.000089,0.000524,0.000000,-0.033963
538,2017,0.000194,0.374352,0.295461,0.000000,0.073986
538,2018,0.014753,0.349316,0.351440,0.000000,0.126842
538,2019,0.029625,0.328725,0.321893,0.000000,-0.083961
538,2020,0.003750,0.251829,0.284085,0.000000,-0.069794
538,2021,0.003251,0.146691,0.430212,0.000000,0.172392
539,2017,0.054809,0.155883,0.097103,0.000000,-0.004819
539,2018,0.027584,0.133992,0.113820,0.000000,-0.047031
539,2019,0.008700,0.057149,0.080489,0.000000,0.069267
539,2020,0.007435,0.086592,0.077637,0.000000,-0.021227
539,2021,0.005766,0.038044,0.090295,0.000000,-0.022342
540,2017,-0.101779,0.001620,0.141108,0.000000,-0.057448
540,2018,-0.017936,0.015174,0.371891,0.000000,0.012432
540,2019,-0.080609,0.093021,0.233110,0.000000,0.039692
540,2020,-0.046687,0.087290,0.101846,0.000000,0.001952
540,2021,-0.010332,0.074567,0.140375,0.007136,-0.069415
541,2017,0.064850,0.377798,0.180627,0.151904,0.154292
541,2018,0.013838,0.588603,0.170574,0.138697,0.063104
541,2019,-0.564617,0.755344,0.225667,0.134597,0.096940
541,2020,-0.380867,0.419636,0.219395,0.138490,-0.000056
541,2021,-0.107164,0.304943,0.222658,0.124271,0.065655
542,2017,0.089249,0.246155,0.189846,0.000000,0.070202
542,2018,0.057582,0.226557,0.207201,0.000000,0.055374
542,2019,0.041509,0.198346,0.204723,0.000000,0.057589
542,2020,-0.016264,0.177027,0.189567,0.000000,-0.042213
542,2021,0.050905,0.073674,0.151899,0.000000,-0.005725
543,2017,0.020689,0.012165,0.268999,0.002404,0.067830
543,2018,0.014897,0.010446,0.270710,0.002344,0.053426
543,2019,0.026938,0.007868,0.252201,0.003627,0.024455
543,2020,0.007873,0.022123,0.213461,0.003279,-0.108736
543,2021,0.009729,0.017652,0.284302,0.003270,0.092362
544,2017,-0.048155,0.002188,0.040154,0.003625,0.051055
544,2018,-0.226634,0.278424,0.052559,0.014176,0.051212
544,2019,-0.402593,0.384586,0.061182,0.031754,0.090400
544,2020,-0.478865,0.474778,0.043544,0.042020,-0.016367
544,2021,-0.102195,0.411736,0.044206,0.005292,0.043038
545,2017,-0.017931,0.157276,0.075126,0.025875,0.025036
545,2018,0.001702,0.144710,0.069281,0.023686,0.015357
545,2019,-0.008010,0.359220,0.058161,0.053379,0.075543
545,2020,-0.013416,0.246327,0.058301,0.050787,-0.009245
545,2021,-0.181523,0.204143,0.059297,0.047027,0.007064
546,2017,-0.075307,0.012143,0.447765,0.000000,0.023448
546,2018,-0.018451,0.022964,0.430759,0.000000,0.046302
546,2019,-0.096270,0.032400,0.396696,0.000000,0.017901
546,2020,0.009902,-0.159979,0.248035,0.000000,-0.335650
546,2021,0.020511,0.062091,0.327040,0.025953,-0.032268
547,2017,-0.001335,0.168518,0.127678,0.000000,-0.004264
547,2018,0.035627,0.123045,0.119068,0.000000,0.032830
547,2019,0.044985,0.043443,0.109950,0.000000,0.049324
547,2020,0.032594,0.025318,0.084482,0.000000,-0.070240
547,2021,0.027087,0.006920,0.086686,0.000000,0.038773
548,2017,0.193084,0.384989,0.223186,0.000000,0.141673
548,2018,0.100553,0.335674,0.243237,0.000000,0.052919
548,2019,0.113160,0.364114,0.231632,0.000000,0.123406
548,2020,0.058979,0.311227,0.267226,0.000000,0.120371
548,2021,0.131226,-0.327835,0.307635,0.000000,-0.312449
549,2017,-0.282019,0.572809,0.125493,0.000000,0.061122
549,2018,-0.173783,0.513152,0.181131,0.000000,0.241198
549,2019,-0.165485,0.547420,0.108652,0.000000,0.081873
549,2020,-0.118261,0.442559,0.155053,0.000000,0.045493
549,2021,0.128612,0.625946,0.153404,0.000000,0.086198
550,2017,-0.003030,0.002535,0.182419,0.000171,-0.110890
550,2018,-0.017815,0.006217,0.242412,0.000074,0.141558
550,2019,-0.011577,0.016247,0.238997,0.000812,-0.043641
550,2020,-0.125693,0.032115,0.190189,0.002235,0.004559
550,2021,0.025831,0.181722,0.183527,0.002679,-0.073365
551,2017,0.013631,1.280076,0.484082,0.000000,-0.047487
551,2018,-0.139054,1.432421,0.489702,0.000000,0.004285
551,2019,0.012858,1.541554,0.479643,0.000000,-0.014948
551,2020,0.011483,1.333971,0.479643,0.000000,-0.058585
551,2021,0.210971,0.378279,0.516592,0.000000,0.221424
552,2017,0.010703,0.211771,0.222064,0.000000,0.024812
552,2018,-0.000203,0.183578,0.208340,0.000000,-0.022449
552,2019,-0.008348,0.174522,0.196668,0.000000,0.095006
552,2020,0.051314,0.118686,0.158552,0.000000,-0.076943
552,2021,-0.000350,0.065759,0.210303,0.000000,-0.145535
553,2017,-0.036239,0.249466,0.193187,0.000000,0.154753
553,2018,-0.000029,0.238142,0.120615,0.000000,0.102792
553,2019,-0.004619,0.586536,0.198636,0.000000,-0.024253
553,2020,-0.002107,0.243288,0.119567,0.000000,-0.156825
553,2021,-0.017455,0.230539,0.191237,0.000000,0.023146
554,2017,-0.000979,0.027158,0.198895,0.000000,0.022162
554,2018,-0.007416,0.033222,0.191613,0.000000,0.037964
554,2019,-0.002525,0.048733,0.169128,0.000000,0.000006
554,2020,0.003852,0.036855,0.163442,0.000000,0.002510
554,2021,0.019200,0.034307,0.166829,0.000000,0.047690
555,2017,-0.084420,0.389557,0.063677,0.006893,0.051344
555,2018,-0.045105,0.328992,0.050489,0.003945,0.268301
555,2019,-0.071899,0.365593,0.034150,0.002619,0.010061
555,2020,0.077533,0.439198,0.029865,0.007351,-0.113816
555,2021,0.140303,1.063019,0.024267,0.000000,-0.088916
556,2017,-0.099689,0.223449,0.348119,0.000000,-0.036361
556,2018,0.050128,0.217953,0.352786,0.000301,-0.008328
556,2019,-0.101280,0.227768,0.357141,0.000130,0.053275
556,2020,-1.115509,0.376869,0.330490,0.000000,-0.055713
556,2021,-0.242642,0.166780,0.315444,0.000000,-0.043439
557,2017,0.017849,0.196610,0.117717,0.000000,-0.038836
557,2018,-0.017165,0.284652,0.139127,0.000000,0.092480
557,2019,-0.019703,0.313090,0.125786,0.000000,0.023210
557,2020,-0.024753,0.328347,0.118462,0.000000,0.056197
557,2021,-0.005790,0.301401,0.121826,0.000000,0.016255
558,2017,-0.056021,0.001325,0.131885,0.001603,-0.061880
558,2018,-0.010702,0.001977,0.127572,0.001741,0.039989
558,2019,0.003160,0.001140,0.149495,0.001032,0.028387
558,2020,0.000621,0.022386,0.105623,0.000645,0.003454
558,2021,0.048048,0.129944,0.092075,0.000552,0.008697
559,2017,-0.074176,0.070605,0.429121,0.000000,-0.019961
559,2018,-0.135949,0.106879,0.478533,0.000000,0.058771
559,2019,0.078580,0.085396,0.447208,0.000000,0.000077
559,2020,-0.066778,0.008270,0.340702,0.000000,-0.161595
559,2021,0.009493,0.005170,0.376300,0.000000,0.145669
560,2017,-0.002581,0.012567,0.126599,0.023948,0.038909
560,2018,-0.002460,0.014350,0.130766,0.024408,0.083562
560,2019,-0.003382,0.020470,0.117642,0.022502,0.010398
560,2020,-0.001936,0.023572,0.119949,0.022896,-0.023069
560,2021,-0.011898,0.020401,0.128687,0.028148,-0.055927
561,2017,-0.028131,0.140463,0.309462,0.000000,0.069251
561,2018,-0.007210,0.191872,0.225820,0.000000,0.028889
561,2019,0.054215,0.155220,0.162646,0.000129,0.050749
561,2020,-0.391117,0.573629,0.199077,0.000121,0.064962
561,2021,0.055941,-5.592496,0.227649,0.000076,-0.073119
562,2017,-0.165144,0.622315,0.399328,0.000000,0.155072
562,2018,-0.013219,0.587872,0.208322,0.000000,0.241425
562,2019,-0.010736,0.455817,0.230875,0.000000,0.222978
562,2020,-0.042962,0.585144,0.291600,0.000000,0.163660
562,2021,0.013743,0.441766,0.215498,0.000000,0.156263
563,2017,0.000167,0.096940,0.298189,0.000000,-0.061787
563,2018,0.000839,0.084667,0.284660,0.000000,-0.122385
563,2019,0.005647,0.001704,0.188131,0.000000,-0.178637
563,2020,0.000765,0.000068,0.208194,0.000000,0.014994
563,2021,0.011534,0.000016,0.245018,0.000000,0.190090
564,2017,-0.011049,0.094713,0.077142,0.000000,0.006227
564,2018,0.015583,0.088144,0.069273,0.000000,0.011782
564,2019,0.040163,0.068107,0.055797,0.000000,0.051451
564,2020,-0.006185,0.046903,0.040877,0.000000,-0.011330
564,2021,-0.001890,0.033087,0.046849,0.000000,0.004972
565,2017,-0.085904,0.045394,0.084436,0.000000,-0.014163
565,2018,-0.178849,0.083633,0.086113,0.000160,0.013640
565,2019,0.023679,0.072830,0.089062,0.000128,0.025194
565,2020,-0.202170,0.037347,0.052011,0.000182,-0.063307
565,2021,-0.137170,0.032302,0.057966,0.000191,-0.038145
566,2017,0.033901,0.100715,0.127778,0.003486,0.003498
566,2018,0.082681,0.121195,0.113672,0.003207,0.006790
566,2019,0.067842,0.128837,0.155510,0.002828,0.052485
566,2020,0.018549,0.127102,0.122061,0.002482,-0.037146
566,2021,-0.008229,0.083066,0.134883,0.026724,-0.005114
567,2017,0.176763,-0.076348,0.074193,0.002701,-0.148343
567,2018,-0.655295,0.120648,0.091325,0.002182,-0.058628
567,2019,0.158348,0.030345,0.106929,0.002432,-0.008467
567,2020,0.051804,0.008779,0.086038,0.003080,-0.063654
567,2021,0.060796,0.005398,0.162164,0.046521,0.069167
568,2017,0.018415,0.178414,0.337737,0.057853,0.123552
568,2018,0.003719,0.128304,0.419579,0.036176,0.146866
568,2019,-0.067845,0.822599,0.411236,0.036687,0.135398
568,2020,-0.010263,0.345394,0.238471,0.039947,-0.095259
568,2021,-0.016423,0.085176,0.357289,0.032750,0.229839
569,2017,-0.024920,0.166844,0.609755,0.023500,-0.224294
569,2018,0.148578,0.244857,0.682102,0.005477,-0.055736
569,2019,-0.052976,0.535966,0.741194,0.005163,0.043352
569,2020,0.007378,0.285821,0.713489,0.004604,-0.005182
569,2021,0.038034,0.193961,0.740086,0.004845,0.013317
570,2017,-0.009706,0.133930,0.303858,0.014596,0.087789
570,2018,-0.011637,0.165289,0.362832,0.014966,0.110228
570,2019,-0.025187,0.143000,0.276629,0.018524,0.034776
570,2020,-0.007144,0.102989,0.163128,0.015909,0.117925
570,2021,-0.006092,0.081604,0.128515,0.012990,0.166208
571,2017,0.084773,0.054206,0.108826,0.002388,0.055110
571,2018,0.089871,0.109501,0.062522,0.002013,0.125851
571,2019,0.095696,0.203735,0.050309,0.015401,0.106371
571,2020,0.090785,0.171521,0.039332,0.015031,0.062526
571,2021,0.089818,0.197864,0.025133,0.011751,0.102184
572,2017,0.235449,-0.071462,0.271876,0.000000,-0.127578
572,2018,0.235201,-0.050537,0.245595,0.000000,0.143729
572,2019,-0.248298,0.033933,0.217278,0.000000,0.153980
572,2020,-0.046496,0.005480,0.012061,0.000066,-0.030667
572,2021,-0.016177,0.024884,0.008770,0.042720,0.363912
573,2017,0.089664,0.093103,0.108783,0.000000,0.030039
573,2018,-0.271567,0.140524,0.123102,0.000000,0.065048
573,2019,-0.074492,0.254413,0.124041,0.000000,0.068406
573,2020,-0.102890,0.139819,0.099842,0.000000,0.002789
573,2021,-0.029547,0.076650,0.112441,0.000000,0.013043
574,2017,0.008375,0.008400,0.096357,0.142693,0.030267
574,2018,0.013290,0.010234,0.073964,0.135237,-0.039706
574,2019,0.012290,0.030306,0.079468,0.121545,0.019890
574,2020,0.010438,0.025133,0.112141,0.119576,-0.003889
574,2021,0.042106,0.018483,0.096399,0.114373,-0.031147
575,2017,0.021747,0.025094,0.212282,0.022879,0.065044
575,2018,-0.178732,0.071810,0.229199,0.021324,0.019433
575,2019,-0.157378,0.077043,0.265664,0.021956,0.053458
575,2020,-0.029249,0.082278,0.243536,0.000000,-0.015549
575,2021,-0.008561,0.031591,0.256256,0.000000,-0.000513
576,2017,0.031647,0.001251,0.088290,0.005067,0.000720
576,2018,-0.034050,0.001047,0.215476,0.001621,0.167754
576,2019,0.012441,0.001211,0.155571,0.002069,-0.089998
576,2020,-1.210125,0.094452,0.126342,0.001541,-0.084764
576,2021,0.007973,0.045591,0.106470,0.001017,-0.045651
577,2017,0.028631,0.005622,0.091381,0.000000,0.016671
577,2018,0.028438,0.004944,0.095818,0.000000,-0.007143
577,2019,-0.001530,0.003265,0.104321,0.000000,0.033755
577,2020,-0.060699,0.000398,0.072278,0.000000,-0.033872
577,2021,-0.067113,0.000079,0.056679,0.000000,-0.050626
578,2017,0.103119,0.026607,0.135486,0.006012,-0.014238
578,2018,0.071299,0.012449,0.143134,0.007222,-0.001458
578,2019,0.106520,0.011861,0.154532,0.006666,0.025874
578,2020,0.138820,0.013493,0.150739,0.005691,-0.025927
578,2021,0.071459,0.008502,0.144451,0.003996,-0.000032
579,2017,-0.013427,0.151437,0.064901,0.005903,-0.012587
579,2018,-0.008582,0.114629,0.072437,0.005751,-0.010307
579,2019,0.024111,0.124429,0.097781,0.005149,0.059339
579,2020,0.017412,0.113423,0.081873,0.004093,-0.067973
579,2021,0.019151,0.093199,0.099421,0.003282,0.038821
580,2017,0.000313,0.004018,0.408686,0.008863,-0.135854
580,2018,0.002012,0.002876,0.429475,0.008359,0.059681
580,2019,0.000801,0.014646,0.518170,0.005753,0.234986
580,2020,0.000529,0.022388,0.500706,0.004827,-0.007827
580,2021,-0.000800,0.010907,0.466204,0.005889,-0.081654
581,2017,-0.012953,0.049724,0.107007,0.024196,-0.179996
581,2018,0.025060,0.015812,0.100710,0.026225,-0.038593
581,2019,0.002061,0.003129,0.092384,0.023231,0.014542
581,2020,0.018090,0.009371,0.125780,0.018556,0.045006
581,2021,-0.036313,0.014781,0.158862,0.016237,0.022195
582,2017,0.008756,0.011211,0.286468,0.000000,0.082734
582,2018,0.002095,0.018118,0.325479,0.000000,0.124180
582,2019,0.009004,0.025393,0.256116,0.000000,-0.087445
582,2020,0.007983,0.010573,0.287692,0.000000,0.026279
582,2021,0.059378,0.011564,0.336258,0.000000,0.270070
583,2017,0.103901,0.026768,0.039682,0.020645,0.045067
583,2018,0.092136,0.026295,0.043478,0.020447,0.030392
583,2019,0.079135,0.029198,0.040394,0.021040,0.025577
583,2020,0.073876,0.038551,0.036573,0.020629,0.010427
583,2021,0.082927,0.032635,0.037000,0.021527,0.019118
584,2017,0.200000,0.264971,0.033926,0.000000,0.106973
584,2018,-0.015073,0.365027,0.041091,0.000000,0.434664
584,2019,-0.012088,0.512992,0.076701,0.000000,-0.011113
584,2020,-0.460592,0.491560,0.077271,0.000000,0.033507
584,2021,-0.469058,0.441409,0.101695,0.111187,0.065027
585,2017,0.003984,0.011529,0.194412,0.011803,0.073600
585,2018,-0.007400,0.004886,0.173108,0.005416,-0.040153
585,2019,-0.171765,0.020408,0.199439,0.009338,0.024161
585,2020,0.000449,-0.010042,0.302297,0.012721,0.054703
585,2021,0.011318,-0.030813,0.344345,0.010435,0.141748
586,2017,0.027784,0.001160,0.113244,0.006214,0.023341
586,2018,0.107209,0.000759,0.136867,0.021671,0.026193
586,2019,0.068222,0.022171,0.147488,0.019089,0.115789
586,2020,0.041026,0.026964,0.158461,0.015199,0.002387
586,2021,-0.030611,0.021669,0.188569,0.013505,0.006366
587,2017,-0.024809,0.215142,0.074349,0.141023,0.008861
587,2018,-0.034646,0.250508,0.074637,0.165486,0.020590
587,2019,-0.069881,0.295417,0.070122,0.153536,0.023017
587,2020,-0.115156,0.349252,0.053771,0.156502,0.013386
587,2021,0.030213,0.250627,0.068827,0.156488,0.031796
588,2017,0.008111,0.052982,0.138262,0.203712,-0.134038
588,2018,0.004158,0.054531,0.136136,0.175871,-0.010090
588,2019,0.000089,0.051817,0.126974,0.153214,-0.003389
588,2020,0.004700,0.084798,0.128105,0.146712,-0.056471
588,2021,0.069987,0.059434,0.149279,0.134922,-0.002266
589,2017,0.135253,0.241747,0.449381,0.001433,-0.062199
589,2018,0.130263,0.083272,0.559975,0.001488,-0.101477
589,2019,0.173676,0.054848,0.379863,0.001371,-0.174628
589,2020,0.155337,0.046073,0.355488,0.000422,0.132160
589,2021,0.193519,0.041532,0.348462,0.000323,0.088597
590,2017,-0.008094,0.165894,0.314642,0.004217,0.027493
590,2018,0.000000,0.268893,0.328387,0.004266,-0.013689
590,2019,0.000000,0.108795,0.259898,0.004482,-0.094371
590,2020,-0.037940,0.071055,0.136160,0.002573,0.125800
590,2021,-0.035805,0.180637,0.232553,0.002778,-0.082354
591,2017,-0.004612,0.000278,0.063873,0.020410,-0.109346
591,2018,0.004055,0.000312,0.073138,0.017894,-0.005282
591,2019,0.001067,0.001626,0.063982,0.043352,-0.018016
591,2020,0.000866,0.004466,0.060613,0.038619,-0.023617
591,2021,-0.005302,0.003392,0.075543,0.034883,-0.046530
592,2017,-0.323245,0.073794,0.020008,0.000000,0.028546
592,2018,-0.070577,0.141416,0.014321,0.000000,0.026690
592,2019,-0.031604,0.068363,0.015126,0.000000,0.072162
592,2020,-0.017757,0.016535,0.019097,0.000000,0.012087
592,2021,0.001852,0.004294,0.020030,0.000000,0.019490
593,2017,0.099060,0.074263,0.146935,0.024874,0.032637
593,2018,0.043396,0.072308,0.138282,0.027857,-0.039054
593,2019,0.048847,0.108667,0.095161,0.132076,0.004347
593,2020,0.079434,0.084913,0.074002,0.112720,-0.021393
593,2021,0.023654,0.056637,0.112695,0.180022,0.057109
594,2017,0.057507,0.023986,0.065474,0.004707,0.002467
594,2018,0.054060,0.014502,0.077855,0.017437,-0.011245
594,2019,0.007681,0.002230,0.078191,0.071504,-0.017669
594,2020,0.008060,0.005831,0.056481,0.073488,-0.051655
594,2021,0.048332,0.000943,0.057760,0.065135,-0.019100
595,2017,0.231902,0.548571,0.053968,0.016841,-0.061450
595,2018,0.136894,0.412726,0.026249,0.007027,0.015155
595,2019,0.219578,1.253767,0.026652,0.000000,0.011438
595,2020,0.162632,-1.186042,0.025474,0.000000,-0.043413
595,2021,0.178778,-0.114436,0.015061,0.000000,-0.089930
596,2017,0.064862,0.297184,0.153130,0.000418,0.192731
596,2018,0.056442,0.346669,0.170933,0.000194,0.072318
596,2019,0.088169,0.331710,0.165958,0.000189,0.083836
596,2020,0.113715,0.478355,0.144594,0.000881,0.033242
596,2021,0.106340,0.498473,0.179855,0.001602,0.027943
597,2017,0.081643,0.199446,0.009882,0.018490,0.055176
597,2018,-0.053307,0.726592,0.009347,0.024359,0.036816
597,2019,-0.037804,1.182021,0.013372,0.029123,0.093592
597,2020,0.045505,-0.598311,0.010519,0.024637,0.062441
597,2021,0.106704,-0.086846,0.007200,0.021336,-0.022125
598,2017,0.005936,0.008227,0.206190,0.011801,-0.021179
598,2018,0.136889,0.023496,0.145483,0.008302,-0.095837
598,2019,0.025295,0.213448,0.198253,0.339279,-0.025297
598,2020,0.010225,0.157705,0.187631,0.330643,-0.058117
598,2021,-0.018429,0.119100,0.208401,0.299139,0.004819
599,2017,-0.093225,0.311469,0.303930,0.025171,0.049387
599,2018,-0.066146,0.307352,0.278259,0.017391,0.018065
599,2019,0.073902,0.417807,0.308163,0.018909,-0.134897
599,2020,0.037820,0.453911,0.271449,0.008142,-0.020508
599,2021,0.062900,0.240425,0.305365,0.007636,0.165331
600,2017,-0.209804,0.347957,0.061159,0.000000,-0.109249
600,2018,0.011228,0.166592,0.112873,0.000000,0.172416
600,2019,-0.038453,0.172593,0.125306,0.000000,0.199034
600,2020,-0.012493,0.131219,0.082042,0.000000,0.114514
600,2021,-0.035763,0.094137,0.081547,0.000000,-0.060237
601,2017,0.200000,-0.017104,0.093433,0.000605,-0.126183
601,2018,0.200000,0.003004,0.087115,0.000393,-0.008064
601,2019,0.200000,-0.004377,0.111832,0.000305,-0.181869
601,2020,0.120790,0.002236,0.068735,0.000047,-0.119173
601,2021,-0.006791,0.002489,0.104747,0.000018,0.045138
602,2017,-0.003939,0.043200,0.294415,0.000000,0.042471
602,2018,-0.003774,0.058941,0.331784,0.000000,0.027217
602,2019,0.003905,0.069517,0.315343,0.000000,-0.042352
602,2020,0.005135,0.034926,0.216771,0.000000,-0.127884
602,2021,-0.000411,0.023007,0.369734,0.000000,0.339252
603,2017,-0.007672,0.000551,0.062447,0.000000,-0.109579
603,2018,0.042154,0.000442,0.056248,0.000000,0.024872
603,2019,0.037171,0.000876,0.125621,0.000000,0.158487
603,2020,0.084703,0.018961,0.059185,0.000000,0.102378
603,2021,0.066555,0.046017,0.132731,0.001358,-0.037005
604,2017,-0.051248,0.349690,0.003745,0.270197,0.086039
604,2018,-0.086797,0.358624,0.004079,0.241131,0.040341
604,2019,-0.090085,0.345735,0.004916,0.222415,0.019955
604,2020,-0.055080,0.324757,0.006371,0.203982,0.023828
604,2021,-0.080470,0.289426,0.007623,0.196994,0.023327
605,2017,0.121157,0.141908,0.051666,0.103183,0.050100
605,2018,-0.077805,0.099510,0.058749,0.179278,0.021651
605,2019,-0.094421,0.098488,0.052333,0.099640,0.009271
605,2020,-0.014652,0.036472,0.055415,0.098472,0.004212
605,2021,-0.068156,0.016286,0.081363,0.093074,0.025537
606,2017,0.201149,0.563542,0.563392,0.000000,-0.071804
606,2018,0.106302,0.485685,0.594426,0.000000,0.037661
606,2019,0.105523,0.426508,0.280480,0.000000,0.204659
606,2020,0.067418,0.406525,0.268348,0.000000,0.030053
606,2021,-0.026388,0.541666,0.273173,0.000000,0.092715
607,2017,-0.017735,0.051770,0.166226,0.000735,0.039755
607,2018,-0.353142,0.066718,0.140503,0.000214,-0.019487
607,2019,-1.079300,0.105308,0.117361,0.000475,-0.050225
607,2020,0.027651,0.068764,0.113116,0.001304,-0.031716
607,2021,-0.372741,0.109428,0.105874,0.000820,-0.098970
608,2017,-0.114642,0.285534,0.222619,0.000000,-0.027211
608,2018,-0.172901,0.280175,0.195755,0.000000,-0.012309
608,2019,0.106849,0.279430,0.224003,0.000000,0.090950
608,2020,-40.718333,0.333333,0.232761,0.000000,-0.004418
608,2021,0.122953,0.174586,0.225823,0.000000,-0.007258
609,2017,-0.014106,0.020700,0.152734,0.015892,0.131687
609,2018,0.050724,0.010995,0.132117,0.018035,-0.049429
609,2019,0.010522,0.000096,0.107191,0.018255,-0.028138
609,2020,-0.009584,0.001976,0.163711,0.000000,0.023480
609,2021,0.017734,0.001334,0.211199,0.000000,0.086961
610,2017,0.140485,0.064387,0.053150,0.000000,-0.040030
610,2018,0.125235,0.053770,0.038353,0.000027,0.249295
610,2019,0.148333,0.066854,0.023029,0.007170,0.117918
610,2020,0.209123,0.067699,0.118934,0.002791,0.071046
610,2021,-0.035564,0.076374,0.045566,0.001459,0.083700
611,2017,0.018860,0.007339,0.045794,0.000015,-0.021534
611,2018,0.026151,0.016901,0.063947,0.000046,0.098105
611,2019,-0.258163,0.015016,0.013126,0.000416,-0.062582
611,2020,-0.085673,0.019673,0.016122,0.001064,0.154960
611,2021,0.196943,0.005433,0.009617,0.001005,-0.075647
612,2017,0.107037,0.038387,0.044700,0.005876,-0.051679
612,2018,0.108833,0.014338,0.052534,0.005145,-0.030069
612,2019,0.100085,0.006928,0.061189,0.007942,0.008759
612,2020,0.103046,0.007476,0.063078,0.007846,-0.046965
612,2021,0.057483,0.003604,0.060391,0.003936,-0.014313
613,2017,0.008703,0.325061,0.328450,0.005094,0.204652
613,2018,0.042676,0.410278,0.284188,0.006252,0.019337
613,2019,-0.044270,0.421442,0.258732,0.005488,0.120119
613,2020,-0.088516,0.458413,0.233791,0.004641,-0.025679
613,2021,-0.059162,0.409138,0.275611,0.003420,0.099991
614,2017,-0.057637,0.016195,0.223691,0.000000,-0.041300
614,2018,-0.004031,0.011995,0.215563,0.000000,0.122820
614,2019,-0.000837,0.029863,0.195105,0.000000,0.106215
614,2020,-0.019026,0.036388,0.161279,0.049965,-0.092917
614,2021,-0.007904,0.035957,0.240913,0.000000,0.074924
615,2017,0.066350,0.108237,0.224112,0.001249,0.043598
615,2018,0.022016,0.061984,0.267911,0.004992,0.013810
615,2019,0.023087,0.035765,0.256872,0.007128,-0.034558
615,2020,0.018244,0.041042,0.234030,0.004940,0.041533
615,2021,0.015183,0.016181,0.293018,0.002901,0.115426
616,2017,-0.034110,0.217565,0.263082,0.000000,0.090193
616,2018,0.031709,0.185851,0.206817,0.000000,0.005689
616,2019,-0.034006,0.143185,0.167427,0.000000,0.027003
616,2020,-0.051597,0.154057,0.198449,0.000000,-0.047166
616,2021,0.002124,0.225191,0.357405,0.000000,0.263659
617,2017,-0.023245,0.014330,0.108080,0.000000,0.031624
617,2018,0.003913,0.008109,0.106237,0.000000,0.017922
617,2019,-0.001835,0.013397,0.088850,0.000000,-0.008980
617,2020,-0.013591,0.012303,0.089080,0.000000,-0.007447
617,2021,-0.057224,0.016780,0.128758,0.000000,0.018616
618,2017,0.014995,0.006766,0.170997,0.000000,0.065476
618,2018,-0.021354,0.027326,0.135149,0.000000,0.027104
618,2019,0.012819,0.024550,0.091296,0.000000,0.054958
618,2020,0.026760,0.035255,0.149667,0.000000,0.057007
618,2021,0.031924,0.027976,0.195601,0.000000,0.153539
619,2017,-0.002782,0.154023,0.077384,0.003568,0.128534
619,2018,-0.008340,0.165301,0.092641,0.005059,0.089970
619,2019,-0.065253,0.238292,0.099864,0.007271,0.063605
619,2020,-0.007969,0.212992,0.105220,0.007157,-0.066539
619,2021,0.005899,0.061277,0.105230,0.005232,0.010922
620,2017,0.014243,0.007483,0.238213,0.002890,0.002516
620,2018,0.007194,0.010413,0.233046,0.002627,-0.039075
620,2019,-0.039517,-0.019939,0.328885,0.002285,0.086401
620,2020,-0.005696,-0.035365,0.194488,0.001997,-0.049426
620,2021,0.002729,0.023954,0.280729,0.001581,0.061076
621,2017,0.000409,0.069765,0.214190,0.006134,-0.014351
621,2018,-0.002814,0.064538,0.220982,0.006239,0.056342
621,2019,0.030865,0.097199,0.145299,0.002921,-0.065740
621,2020,0.036697,0.019829,0.177635,0.002371,0.017449
621,2021,0.152240,0.017507,0.221597,0.001414,0.116565
622,2017,-0.123495,0.193145,0.141641,0.000000,-0.068027
622,2018,0.078471,0.076790,0.153582,0.000000,-0.060833
622,2019,0.013880,0.086867,0.114917,0.000000,-0.016249
622,2020,0.088561,0.052148,0.136561,0.000000,-0.055587
622,2021,0.036797,0.035092,0.185018,0.000000,0.031783
623,2017,0.019126,0.060496,0.244222,0.015874,-0.009473
623,2018,-0.263360,0.110327,0.239514,0.015441,-0.033222
623,2019,-0.053183,0.077646,0.260332,0.015438,0.023354
623,2020,-0.041735,0.028702,0.276887,0.000000,-0.026267
623,2021,-0.015449,0.006047,0.213374,0.000000,-0.046799
624,2017,0.145485,0.144689,0.162790,0.005674,0.193869
624,2018,0.191597,0.026889,0.318185,0.004145,0.085414
624,2019,0.012191,1.465935,0.147034,0.004086,-0.117859
624,2020,0.110602,0.006488,0.080181,0.002772,-0.074063
624,2021,0.063439,0.005409,0.101482,0.001692,0.170889
625,2017,-0.074126,0.044573,0.118716,0.005797,-0.060166
625,2018,-0.069570,0.077184,0.119065,0.005971,-0.021695
625,2019,0.108277,0.071061,0.138941,0.005735,0.010041
625,2020,0.127107,0.036038,0.117815,0.005366,-0.070598
625,2021,0.129886,0.028448,0.132649,0.004848,-0.008459
626,2017,0.053113,0.146316,0.000538,0.530598,0.016291
626,2018,-0.001659,0.148886,0.000515,0.503363,0.019991
626,2019,0.029154,0.140201,0.000496,0.509946,-0.228162
626,2020,0.049147,0.011838,0.001398,0.565871,0.014018
626,2021,0.138100,0.005644,0.001177,0.589957,-0.012758
627,2017,-0.019473,0.103272,0.157491,0.000180,0.074900
627,2018,-0.000642,0.202061,0.109564,0.000000,-0.000392
627,2019,0.200000,0.396470,0.165179,0.000000,0.123066
627,2020,0.200000,-1.353672,0.074951,0.000000,-0.084153
627,2021,0.148348,0.000306,0.089754,0.000000,0.059469
628,2017,-0.055528,0.338722,0.208586,0.010722,0.049562
628,2018,-0.007037,0.482872,0.190685,0.007724,0.102113
628,2019,-0.106003,0.484824,0.192894,0.006777,0.062472
628,2020,-0.011359,0.460219,0.255869,0.005970,0.006382
628,2021,-0.024224,0.557212,0.218291,0.008222,0.169482
629,2017,-0.019297,0.002074,0.206345,0.021293,0.039196
629,2018,-0.013563,0.029382,0.233155,0.018739,0.052816
629,2019,-0.011490,0.035345,0.182025,0.016519,-0.032287
629,2020,-0.002349,0.022099,0.164168,0.014760,-0.019743
629,2021,0.100955,0.169206,0.240898,0.014150,0.050510
630,2017,-0.031634,0.016890,0.219666,0.019883,0.168032
630,2018,0.072322,0.030460,0.376809,0.012740,0.212354
630,2019,0.170387,0.046840,0.359515,0.016857,0.005966
630,2020,0.085813,0.038171,0.361602,0.019288,-0.184245
630,2021,0.146153,0.033711,0.305704,0.019115,-0.048972
631,2017,0.115432,0.248621,0.173987,0.007088,0.052857
631,2018,0.122794,0.242072,0.221225,0.006200,0.041067
631,2019,0.135843,0.297485,0.183311,0.006189,0.025357
631,2020,0.144634,0.218480,0.135639,0.006392,-0.027572
631,2021,0.108975,0.105949,0.164788,0.004711,0.050704
632,2017,0.112162,0.068789,0.145251,0.001796,-0.060723
632,2018,0.115527,0.118146,0.217230,0.002805,0.083606
632,2019,0.048923,0.175019,0.212182,0.003230,0.080399
632,2020,0.063651,0.351974,0.201744,0.002459,-0.114000
632,2021,-1.779937,0.286990,0.375117,0.000260,0.169464
633,2017,-0.034837,0.081370,0.395569,0.000000,0.030133
633,2018,0.000739,0.136241,0.319124,0.000000,-0.043687
633,2019,-0.493244,0.245073,0.339161,0.000000,0.186026
633,2020,0.011112,0.090443,0.281529,0.000000,-0.015524
633,2021,-0.016262,0.022209,0.411799,0.000000,0.206015
634,2017,0.003873,0.146522,0.111329,0.402031,-0.005970
634,2018,0.063189,0.197595,0.111560,0.303861,-0.026134
634,2019,-0.009375,0.306410,0.106063,0.329203,-0.007857
634,2020,-0.796758,0.380102,0.100900,0.346195,-0.046522
634,2021,0.183131,0.589047,0.109472,0.338822,0.006668
635,2017,0.114484,0.202833,0.355747,0.026259,0.121365
635,2018,0.114810,0.121537,0.492168,0.054386,0.120134
635,2019,0.029174,0.108079,0.354785,0.038979,0.058510
635,2020,0.059673,0.145668,0.440970,0.032844,0.184400
635,2021,0.084319,0.181768,0.389802,0.050108,0.101120
636,2017,0.021908,0.030108,0.227790,0.001131,0.044928
636,2018,0.122080,0.042265,0.304052,0.000860,0.345448
636,2019,-4.565114,0.162209,0.317879,0.000607,-0.044140
636,2020,0.061478,0.027559,0.345722,0.000371,-0.171038
636,2021,0.191430,0.003057,0.484643,0.001062,0.093706
637,2017,-0.007644,0.013699,0.267096,0.000000,0.039623
637,2018,0.000013,0.035068,0.223462,0.000000,0.022472
637,2019,0.004801,0.033607,0.231258,0.000000,0.065880
637,2020,0.048768,0.130829,0.291232,0.000000,-0.040938
637,2021,-0.022007,0.049932,0.187943,0.000000,-0.019562
638,2017,0.000754,0.001224,0.182359,0.056302,0.051793
638,2018,-0.007993,0.001107,0.210947,0.056416,0.009934
638,2019,-0.009321,0.003815,0.159134,0.056160,-0.020883
638,2020,-0.003128,0.002300,0.136169,0.044940,-0.027120
638,2021,-0.004047,0.001956,0.149803,0.042616,-0.012232
639,2017,0.176373,0.006254,0.305694,0.000000,-0.041804
639,2018,0.186019,0.003826,0.285433,0.000000,-0.036389
639,2019,0.111605,0.004320,0.274446,0.000000,0.050105
639,2020,0.132810,0.027434,0.223018,0.000000,-0.114118
639,2021,0.045693,0.032910,0.221173,0.000000,0.017756
640,2017,0.161657,0.001696,0.086818,0.000011,-0.001947
640,2018,0.163011,0.000561,0.076228,0.000033,-0.006675
640,2019,0.055606,0.000468,0.059814,0.000024,0.023948
640,2020,0.027956,0.000413,0.047559,0.000015,-0.020497
640,2021,0.016342,0.000079,0.093646,0.000045,0.075597
641,2017,-0.015444,0.107997,0.394359,0.003744,0.101752
641,2018,-0.009965,0.022060,0.419364,0.002956,0.181041
641,2019,0.104476,-0.851015,0.354856,0.043483,0.029709
641,2020,0.126410,0.536525,0.372318,0.067790,-0.060344
641,2021,-0.226230,0.270580,0.380144,0.065128,0.028718
642,2017,0.020755,0.087900,0.143971,0.013991,-0.018760
642,2018,0.039674,0.187395,0.106989,0.011336,-0.011640
642,2019,0.040196,0.227359,0.106872,0.011120,0.028310
642,2020,0.000520,-3.103355,0.073357,0.010591,0.024772
642,2021,0.065330,0.114343,0.109283,0.009131,0.059547
643,2017,0.071778,0.002021,0.099897,0.001617,0.037848
643,2018,0.035574,0.025923,0.137033,0.001559,0.011224
643,2019,0.160841,0.090075,0.102017,0.001214,0.184384
643,2020,0.053539,0.035926,0.091733,0.001439,0.031934
643,2021,0.097947,0.041980,0.117778,0.001017,0.154961
644,2017,0.029572,0.051427,0.127993,0.008705,-0.078243
644,2018,0.053275,0.025389,0.120949,0.006478,0.039516
644,2019,0.009031,0.003115,0.083990,0.006037,0.001812
644,2020,0.009132,0.002088,0.117886,0.005496,0.015271
644,2021,0.017502,0.000915,0.136681,0.005570,0.070000
645,2017,-0.001045,-0.005128,0.118580,0.000414,0.101162
645,2018,-0.006859,-0.002473,0.129036,0.000841,0.046413
645,2019,0.001193,0.001156,0.128979,0.001266,0.062737
645,2020,-0.005332,0.001188,0.141501,0.000757,-0.007657
645,2021,0.006322,0.004777,0.148926,0.000561,0.046600
646,2017,0.134024,0.043505,0.075967,0.007194,-0.025022
646,2018,0.153346,0.023768,0.098998,0.006432,-0.029651
646,2019,0.143478,0.003179,0.081634,0.006073,-0.012439
646,2020,0.151204,0.003975,0.067827,0.004684,-0.002083
646,2021,0.192569,0.004417,0.084263,0.002924,-0.010543
647,2017,-0.547425,0.370888,0.266064,0.002040,-0.011151
647,2018,-0.075627,0.529074,0.196389,0.001766,-0.016722
647,2019,-0.046823,-7.728457,0.190527,0.001784,-0.060055
647,2020,-0.021235,0.352812,0.188666,0.001492,-0.041244
647,2021,0.132529,0.099116,0.219545,0.000807,0.003230
648,2017,0.071777,0.001977,0.571312,0.003145,0.101237
648,2018,0.027291,0.001403,0.487591,0.003034,-0.135535
648,2019,0.005338,0.001486,0.563114,0.002634,0.052609
648,2020,0.006739,0.001382,0.494197,0.002842,-0.036797
648,2021,0.001922,0.001532,0.531860,0.002394,0.102049
649,2017,0.089828,0.000720,0.156971,0.005621,0.001376
649,2018,0.089040,0.000206,0.180379,0.007391,0.032540
649,2019,0.071679,0.000051,0.188906,0.006558,0.066451
649,2020,-0.022871,-0.002359,0.220576,0.005417,0.055066
649,2021,-0.031565,-0.009410,0.172967,0.004632,-0.006228
650,2017,0.200000,0.034876,0.342640,0.001107,0.025221
650,2018,0.200000,0.060143,0.347770,0.000676,0.005737
650,2019,0.200000,0.144248,0.348357,0.000242,0.044887
650,2020,0.200000,0.210543,0.247948,0.000000,-0.112445
650,2021,0.200000,0.053814,0.370915,0.000000,0.217999
651,2017,0.098643,0.242923,0.094283,0.000000,0.222234
651,2018,-0.073176,0.162584,0.088170,0.000000,0.114223
651,2019,-0.008837,0.164388,0.034620,0.000000,0.119518
651,2020,-0.002232,0.293616,0.026728,0.000000,0.091485
651,2021,-0.063798,0.581888,0.042202,0.000000,0.141613
652,2017,0.019115,0.139925,0.265466,0.073890,-0.010479
652,2018,0.005232,0.126784,0.350450,0.058059,0.076326
652,2019,-0.008681,0.120143,0.305429,0.063627,-0.053596
652,2020,0.004732,0.060363,0.338299,0.061584,-0.018968
652,2021,0.004814,0.067361,0.405872,0.050308,0.105852
653,2017,0.123332,0.446011,0.250838,0.022098,0.137136
653,2018,-0.001090,0.618845,0.224473,0.013739,-0.029666
653,2019,-0.185248,1.535317,0.166120,0.015645,-0.030135
653,2020,-0.091670,0.648218,0.140866,0.020089,0.027507
653,2021,0.029975,0.441656,0.154306,0.021679,0.051354
654,2017,-0.202285,0.097778,0.322866,0.000124,0.011589
654,2018,-0.000591,0.077389,0.218474,0.000000,0.140201
654,2019,-0.008735,0.083592,0.222253,0.000000,0.223350
654,2020,-0.000303,0.129422,0.265649,0.000000,-0.014281
654,2021,0.017215,0.229135,0.297553,0.000000,0.009152
655,2017,0.043252,0.003353,0.215379,0.006572,0.000675
655,2018,0.080336,0.004014,0.213726,0.012839,0.038090
655,2019,0.063799,0.004855,0.180316,0.011326,0.004626
655,2020,0.063222,0.004148,0.174300,0.008772,-0.034334
655,2021,0.032022,0.003300,0.248028,0.006894,0.083333
656,2017,0.122479,0.093620,0.100538,0.050364,0.048967
656,2018,0.078686,0.090590,0.103117,0.052679,0.013048
656,2019,0.043338,0.110864,0.088874,0.072559,0.023080
656,2020,0.065258,0.103980,0.072932,0.060100,-0.013581
656,2021,0.060142,0.082724,0.096529,0.077097,0.063757
657,2017,0.000000,0.334317,0.330389,0.023812,0.131434
657,2018,-0.002876,0.393076,0.290133,0.024744,-0.049328
657,2019,0.000000,0.363608,0.320789,0.024462,0.031961
657,2020,-0.001517,0.303918,0.350378,0.023851,-0.037550
657,2021,-0.038750,0.313368,0.396885,0.021322,0.111222
658,2017,0.032463,0.194877,0.213393,0.000402,-0.018975
658,2018,0.173279,0.249430,0.228103,0.010360,-0.020729
658,2019,0.157380,0.242984,0.235680,0.008849,-0.019157
658,2020,0.104896,0.530109,0.208207,0.006504,-0.070737
658,2021,0.189863,0.644436,0.198362,0.005446,-0.070984
659,2017,0.001117,0.026938,0.329723,0.054948,0.118801
659,2018,-0.000631,0.028867,0.381401,0.016967,0.174786
659,2019,-0.000901,0.025231,0.240954,0.012190,0.090362
659,2020,-0.010094,0.035958,0.229078,0.010647,-0.038284
659,2021,-0.028292,0.019499,0.283350,0.008239,0.042304
660,2017,0.082646,0.025799,0.214892,0.000311,0.015489
660,2018,0.079106,0.044317,0.232814,0.000000,0.045453
660,2019,0.086803,0.043794,0.224918,0.000000,0.012376
660,2020,0.043297,0.020170,0.207973,0.000000,-0.031748
660,2021,0.022741,0.012092,0.211478,0.000000,0.073314
661,2017,-0.013504,0.013810,0.121397,0.000000,0.015789
661,2018,0.091362,0.028139,0.202950,0.000000,0.144860
661,2019,-0.029257,0.017552,0.122563,0.000000,-0.014081
661,2020,-0.019065,0.011871,0.173931,0.000000,0.043981
661,2021,-0.015351,0.005369,0.122993,0.000000,0.004632
662,2017,-0.075176,0.645263,0.657653,0.038973,-0.003516
662,2018,-0.034575,0.675154,0.508896,0.034797,-0.155061
662,2019,-0.029596,0.559077,0.516799,0.029635,0.200605
662,2020,-0.452083,0.315624,0.407561,0.022144,-0.014759
662,2021,-0.071731,0.369561,0.417398,0.013675,0.308934
663,2017,-0.003242,0.581902,0.166953,0.000000,0.065766
663,2018,-0.002621,0.643538,0.280103,0.000000,0.046156
663,2019,-0.000881,0.608535,0.198541,0.000000,0.061221
663,2020,-0.001659,0.594475,0.096294,0.000000,-0.000612
663,2021,-0.002884,0.662726,0.185746,0.000000,0.106841
664,2017,-0.001683,0.340187,0.424534,0.000119,0.270582
664,2018,-0.005065,0.291211,0.494993,0.000058,0.279187
664,2019,-0.002039,0.314861,0.485639,0.000076,0.254950
664,2020,-0.036775,0.380635,0.489913,0.000102,0.026563
664,2021,-0.014215,0.429249,0.332585,0.000396,0.068385
665,2017,0.073400,0.030990,0.199467,0.020873,0.044027
665,2018,-0.087758,0.079481,0.301883,0.028649,0.193131
665,2019,0.060729,0.049382,0.295581,0.024895,-0.100411
665,2020,0.026092,0.024299,0.252308,0.014280,-0.050456
665,2021,-0.050690,0.029314,0.256868,0.018641,0.097932
666,2017,-0.019782,0.212023,0.212476,0.033446,0.022356
666,2018,0.072448,0.252023,0.283759,0.005965,0.070591
666,2019,-0.015942,0.321418,0.313432,0.005659,0.117789
666,2020,0.168063,0.355672,0.315272,0.002126,-0.034761
666,2021,0.007842,0.317625,0.348164,0.002341,0.012068
667,2017,0.009332,0.029904,0.158330,0.010897,0.003225
667,2018,-0.011651,0.009742,0.160393,0.022035,-0.004190
667,2019,-0.010196,0.006062,0.140837,0.020076,0.004200
667,2020,-0.019829,0.012311,0.131199,0.011946,0.020844
667,2021,-0.015147,0.011753,0.141614,0.016410,-0.012720
668,2017,0.122987,0.165801,0.339052,0.002262,-0.016093
668,2018,0.127109,0.132590,0.399051,0.001506,-0.096964
668,2019,0.150754,0.117416,0.347638,0.000951,-0.121918
668,2020,0.087609,0.099224,0.293528,0.000780,-0.023261
668,2021,0.109779,0.051541,0.366183,0.000797,0.143614
669,2017,0.020327,0.006530,0.194457,0.000161,-0.015414
669,2018,0.021052,0.005824,0.168175,0.000097,-0.018761
669,2019,0.029763,0.007358,0.219295,0.000854,0.103960
669,2020,0.039046,0.016986,0.193176,0.000530,-0.026159
669,2021,0.037105,0.007210,0.166140,0.000294,0.007151
670,2017,0.143339,0.238630,0.268164,0.018898,0.154014
670,2018,0.147491,0.295951,0.252833,0.016742,0.000847
670,2019,0.146971,0.318522,0.226506,0.020712,0.017754
670,2020,0.106916,0.249335,0.229703,0.018990,0.046308
670,2021,0.127085,0.324083,0.180543,0.019352,0.015674
671,2017,0.183049,0.008706,0.126406,0.007456,0.223574
671,2018,0.164298,0.015866,0.162404,0.006028,0.198567
671,2019,0.134546,0.021931,0.170569,0.004792,0.105905
671,2020,0.084656,0.035998,0.185445,0.005257,0.068758
671,2021,0.117392,0.018316,0.220341,0.004471,0.089831
672,2017,-0.123843,0.246163,0.285347,0.011209,0.119098
672,2018,-0.118032,0.267592,0.278687,0.009215,-0.005448
672,2019,-0.169913,0.326671,0.282675,0.009044,-0.033440
672,2020,-0.183133,0.377767,0.260433,0.009203,-0.120657
672,2021,-0.467426,0.370806,0.270598,0.007742,0.027174
673,2017,0.029956,0.000256,0.119150,0.087276,0.091291
673,2018,0.018357,0.047286,0.149329,0.077231,0.060728
673,2019,0.032542,0.107375,0.118060,0.075028,-0.070949
673,2020,0.027488,0.072618,0.129944,0.074693,0.011883
673,2021,0.034726,0.017121,0.199421,0.059885,0.082656
674,2017,0.010362,0.055451,0.124682,0.023426,0.072119
674,2018,0.035896,0.073494,0.103238,0.025572,0.101163
674,2019,0.025099,0.110691,0.141110,0.024940,-0.019518
674,2020,0.049011,0.084379,0.157772,0.025328,-0.017061
674,2021,0.115384,0.090061,0.102679,0.024774,0.011595
675,2017,0.023327,0.232809,0.186779,0.070219,0.037296
675,2018,0.050839,0.209680,0.231732,0.063150,0.107673
675,2019,0.018589,0.339346,0.189174,0.045589,-0.014552
675,2020,0.019270,0.256624,0.169104,0.045387,-0.024262
675,2021,0.032816,0.201117,0.252602,0.032866,0.134229
676,2017,-0.045650,0.290888,0.593726,0.000511,0.118171
676,2018,-0.041589,0.309919,0.448335,0.000570,-0.178062
676,2019,-0.027226,0.238859,0.364040,0.000568,-0.167509
676,2020,0.081481,0.135095,0.297131,0.000462,0.033794
676,2021,0.004931,0.131137,0.364411,0.000357,0.227030
677,2017,-0.010676,0.116561,0.180771,0.009804,-0.030010
677,2018,-0.012122,0.140172,0.180161,0.010066,-0.029952
677,2019,-0.017258,0.126373,0.169647,0.008553,-0.137582
677,2020,-0.006246,0.086057,0.189972,0.009553,-0.080321
677,2021,0.029795,0.053405,0.166267,0.007455,-0.143285
678,2017,0.043523,0.020112,0.473082,0.000000,0.113026
678,2018,0.057043,0.030067,0.471906,0.000000,0.031620
678,2019,0.068727,0.062710,0.413087,0.000000,-0.060010
678,2020,0.063928,0.025084,0.438380,0.000000,-0.016544
678,2021,0.010862,0.012227,0.534774,0.000000,0.257285
679,2017,0.098421,0.013337,0.105604,0.021157,0.018426
679,2018,0.068627,0.053776,0.095493,0.261842,0.080454
679,2019,0.107697,0.115868,0.110737,0.252254,0.027481
679,2020,0.066039,0.014209,0.060962,0.116279,-0.269903
679,2021,0.019763,0.000409,0.117016,0.103123,0.043140
680,2017,0.007124,0.007541,0.220461,0.036613,0.084443
680,2018,0.008350,0.040325,0.212303,0.036799,0.029680
680,2019,-0.005952,0.057423,0.231784,0.036689,0.027655
680,2020,0.012857,0.032848,0.213108,0.034408,-0.061296
680,2021,-0.000306,0.014807,0.224025,0.034931,0.012598
681,2017,0.145367,0.622534,0.102635,0.029829,0.152751
681,2018,0.073714,0.381727,0.131603,0.028135,0.070617
681,2019,0.099729,0.355179,0.030193,0.023809,0.103258
681,2020,0.100244,0.459435,0.065411,0.022294,-0.022679
681,2021,0.078356,0.411604,0.068061,0.021879,-0.020702
682,2017,-0.020138,0.121663,0.162599,0.000000,0.063498
682,2018,-0.001867,0.087530,0.159733,0.000000,0.064336
682,2019,0.013944,0.078167,0.106853,0.000000,0.021538
682,2020,-0.001568,0.051330,0.071630,0.000000,-0.030273
682,2021,-0.029091,0.027615,0.149732,0.000000,0.122711
683,2017,0.081055,0.039010,0.133967,0.044940,0.012442
683,2018,0.102419,0.081982,0.119681,0.058063,0.072788
683,2019,0.214714,-0.052801,0.163137,0.066534,-0.032033
683,2020,0.149420,0.037428,0.091952,0.075252,-0.031977
683,2021,0.054037,0.024859,0.111404,0.050867,0.123998
684,2017,0.083780,0.069309,0.361356,0.000012,0.084845
684,2018,0.048054,0.099022,0.383232,0.000001,0.046917
684,2019,0.030029,0.163772,0.312174,0.000000,-0.038370
684,2020,0.026524,0.094504,0.340017,0.000000,0.030505
684,2021,0.018787,0.045299,0.394803,0.000174,0.241839
685,2017,-0.003855,0.225244,0.078139,0.112958,0.022156
685,2018,0.059876,0.276158,0.276591,0.092056,0.207614
685,2019,0.077446,0.220154,0.054283,0.160836,-0.145566
685,2020,0.186958,0.318280,0.048075,0.161286,0.074313
685,2021,0.164565,0.255782,0.065227,0.165012,0.106369
686,2017,0.018579,0.230413,0.236998,0.003940,0.181754
686,2018,0.024567,0.312835,0.259791,0.002947,0.093674
686,2019,-0.027611,0.372639,0.313163,0.002997,0.156700
686,2020,0.005465,0.074677,0.298394,0.002318,0.051468
686,2021,-0.077542,0.003814,0.269890,0.000980,0.397546
687,2017,0.106221,0.006498,0.191519,0.317190,0.073042
687,2018,0.107305,0.012112,0.256112,0.298882,0.028283
687,2019,0.106793,0.022359,0.180166,0.282755,-0.045677
687,2020,0.103126,0.010525,0.174254,0.258719,-0.062532
687,2021,-0.104777,0.009440,0.199449,0.202748,0.009585
688,2017,-0.061262,0.023778,0.193064,0.000000,0.021507
688,2018,-0.009136,0.017300,0.199312,0.000000,-0.010246
688,2019,-0.047044,0.015979,0.163158,0.000000,0.021670
688,2020,-0.042797,0.008506,0.176098,0.000000,0.030166
688,2021,0.013994,0.003663,0.216689,0.000000,0.063162
689,2017,0.189271,0.061715,0.113959,0.000000,0.090241
689,2018,0.098303,0.030212,0.160121,0.000000,-0.019058
689,2019,0.090313,0.007965,0.126896,0.000000,-0.004487
689,2020,0.072698,0.000042,0.128949,0.000000,0.004669
689,2021,0.075660,0.000121,0.174201,0.000000,0.107885
690,2017,0.034885,0.031872,0.131620,0.004189,0.118372
690,2018,0.017081,0.004296,0.052701,0.003780,-0.057593
690,2019,-0.016713,0.006220,0.043886,0.003458,0.009841
690,2020,0.009209,0.007153,0.063941,0.002791,0.010441
690,2021,0.008694,0.005088,0.118544,0.002656,0.108993
691,2017,0.099469,0.066685,0.125070,0.291397,0.001197
691,2018,0.119652,0.084135,0.145363,0.282519,-0.011102
691,2019,0.150230,0.074808,0.144525,0.254176,0.012193
691,2020,0.145039,0.065350,0.149007,0.242881,-0.020516
691,2021,0.227407,0.056947,0.186346,0.151270,0.086179
692,2017,0.109328,0.024363,0.189236,0.000000,0.154669
692,2018,0.087752,0.038091,0.195479,0.000000,-0.001025
692,2019,0.024323,0.025779,0.178641,0.000000,0.014452
692,2020,0.016335,0.021494,0.200638,0.000000,-0.030927
692,2021,-0.001454,0.006098,0.206388,0.000000,0.021685
693,2017,0.197126,0.034195,0.397383,0.003610,0.131649
693,2018,0.052131,0.022631,0.451100,0.002596,0.216464
693,2019,0.053238,0.033338,0.342734,0.001701,0.150935
693,2020,0.056390,0.041591,0.332758,0.001182,0.043007
693,2021,0.044884,0.025043,0.288712,0.000789,0.127735
694,2017,-0.030053,0.070452,0.098711,0.000000,0.088808
694,2018,0.001749,0.001830,0.075383,0.000000,0.051661
694,2019,0.070886,0.041235,0.078060,0.003554,0.082566
694,2020,0.142666,0.035605,0.170324,0.002706,0.062693
694,2021,0.213118,0.026137,0.092281,0.001717,-0.018117
695,2017,-0.004743,0.045936,0.261039,0.019525,0.049558
695,2018,-0.008324,0.047393,0.236618,0.016170,0.108189
695,2019,-0.006554,0.100744,0.289140,0.019975,0.163950
695,2020,-0.005579,0.116194,0.256352,0.014431,0.112810
695,2021,-0.019078,0.177728,0.314646,0.013297,0.120431
696,2017,-0.002472,0.090423,0.325146,0.000000,0.068572
696,2018,-0.053202,0.094466,0.335298,0.000000,-0.003450
696,2019,-0.003837,0.036997,0.260472,0.000000,0.082060
696,2020,0.001340,0.015137,0.304492,0.000000,0.129701
696,2021,-0.006233,0.048036,0.304935,0.000000,0.049899
697,2017,-0.006182,0.061175,0.496841,0.000000,0.032661
697,2018,0.200000,-0.687717,0.432635,0.000000,-0.102338
697,2019,0.199112,0.124087,0.301304,0.000000,0.229849
697,2020,0.046279,0.380309,0.282555,0.000000,0.187831
697,2021,0.000000,0.310696,0.301818,0.002251,0.126101
698,2017,-0.000022,0.125073,0.246568,0.000091,-0.027554
698,2018,0.002014,0.121113,0.269595,0.000057,-0.068439
698,2019,0.000644,0.149193,0.233237,0.000026,-0.016539
698,2020,-0.003770,0.169212,0.153744,0.000000,-0.138787
698,2021,-0.015613,0.155967,0.200332,0.000000,0.008548
699,2017,-0.076362,-0.500914,0.122688,0.025583,-0.014021
699,2018,-0.081402,0.203395,0.152535,0.031209,0.084265
699,2019,-0.260741,0.429019,0.213034,0.039154,0.032762
699,2020,-0.484893,0.118029,0.198505,0.042513,-0.076534
699,2021,-0.506275,0.288443,0.139098,0.043904,-0.046259
700,2017,0.055307,0.273893,0.366530,0.011965,0.208672
700,2018,0.043390,0.367665,0.266418,0.014198,-0.137395
700,2019,0.028386,0.275080,0.237546,0.013482,0.188311
700,2020,0.026118,0.171595,0.271919,0.013600,-0.107472
700,2021,0.024543,0.131662,0.298764,0.010894,-0.021383
701,2017,-0.004695,0.137826,0.288274,0.011868,-0.104880
701,2018,-0.032657,0.127944,0.255775,0.012224,0.079896
701,2019,-0.094369,0.282132,0.246840,0.012012,0.025172
701,2020,-0.018107,0.265460,0.253545,0.012202,-0.042303
701,2021,-0.077755,0.326814,0.263942,0.012317,-0.072760
702,2017,-0.009204,0.096722,0.047617,0.007538,-0.053399
702,2018,-0.041069,0.082298,0.056093,0.007583,-0.115046
702,2019,-0.034712,0.098392,0.048579,0.001247,-0.020656
702,2020,-0.000221,0.096817,0.053182,0.001118,0.061613
702,2021,-0.310165,0.140596,0.052746,0.001216,-0.053834
703,2017,-0.000342,0.273955,0.395906,0.000000,-0.218477
703,2018,-0.000207,0.150627,0.259836,0.000000,-0.150786
703,2019,-0.003555,0.146047,0.310532,0.000000,0.296417
703,2020,-0.000086,0.087360,0.274814,0.000000,0.155655
703,2021,-0.000464,0.065355,0.267778,0.000000,-0.085550
704,2017,-0.064495,0.289759,0.308502,0.011818,0.235117
704,2018,-0.074686,0.314691,0.346354,0.012976,-0.084818
704,2019,0.016070,0.248356,0.323291,0.012745,-0.054102
704,2020,0.157996,0.260157,0.321789,0.012556,0.010737
704,2021,0.016609,0.221569,0.226082,0.006920,0.013988
705,2017,-0.105177,0.252574,0.546787,0.002070,0.010540
705,2018,-0.094051,0.162140,0.569896,0.001953,-0.044625
705,2019,-0.157869,0.112637,0.553210,0.002035,-0.005988
705,2020,-0.060249,0.039437,0.466801,0.002349,-0.012726
705,2021,-0.109687,0.091296,0.458088,0.003405,0.078003
706,2017,0.014834,0.025173,0.077082,0.006654,0.037133
706,2018,0.020518,0.021352,0.122595,0.009430,0.323964
706,2019,0.056406,0.022528,0.094007,0.008072,0.047509
706,2020,-0.000675,0.021838,0.111041,0.007050,-0.373816
706,2021,-0.018813,0.009045,0.119869,0.006265,-0.058142
707,2017,-0.000522,0.499123,0.203158,0.000428,-0.108406
707,2018,-0.001618,0.300625,0.182382,0.000299,-0.053624
707,2019,-0.306854,0.202180,0.182038,0.000204,0.019555
707,2020,-0.001261,0.274769,0.260534,0.002755,0.023914
707,2021,-0.002365,0.257899,0.188229,0.001658,-0.009955
708,2017,0.102096,0.019865,0.310449,0.061390,0.229252
708,2018,0.030421,0.016168,0.280641,0.044219,0.122910
708,2019,0.088820,0.007119,0.255278,0.042002,0.045809
708,2020,0.078533,0.011188,0.319193,0.049024,-0.081442
708,2021,0.008689,0.004251,0.271279,0.047989,-0.072601
709,2017,-0.028071,0.105981,0.413570,0.000000,-0.009477
709,2018,-0.010890,0.070591,0.300424,0.000000,-0.045775
709,2019,-0.006747,0.125735,0.379877,0.000000,0.130679
709,2020,-0.009884,0.119137,0.358575,0.000000,-0.039445
709,2021,0.200000,0.246776,0.409335,0.000000,-0.039516
710,2017,0.108055,0.084337,0.160840,0.002635,0.017585
710,2018,0.223857,0.200864,0.215637,0.002258,0.141236
710,2019,0.202836,0.256351,0.134833,0.001794,-0.048324
710,2020,-0.334719,0.142599,0.130022,0.001641,-0.121876
710,2021,0.041605,0.079487,0.163346,0.004754,0.048131
711,2017,-0.076832,0.149881,0.170877,0.000000,0.019028
711,2018,-0.125070,0.148626,0.184909,0.000000,-0.031268
711,2019,-0.012851,0.152539,0.156842,0.000041,-0.021929
711,2020,-0.072457,0.145344,0.179835,0.000037,-0.009842
711,2021,-0.098051,0.114104,0.162278,0.000036,-0.019983
712,2017,-0.010530,0.290154,0.200906,0.107125,0.043910
712,2018,-0.046971,0.353333,0.173065,0.098056,0.010480
712,2019,-0.048745,0.334649,0.169415,0.113995,-0.009763
712,2020,-0.098313,0.163709,0.184950,0.106736,0.039043
712,2021,-0.082942,0.101794,0.199915,0.091860,0.067723
713,2017,-0.000260,0.006250,0.291412,0.012374,-0.063910
713,2018,-0.010296,0.048914,0.254840,0.092340,0.030881
713,2019,-0.001746,0.066512,0.247730,0.092465,0.023213
713,2020,-0.048871,0.059829,0.250493,0.088379,-0.039784
713,2021,-0.027627,0.034760,0.303707,0.079460,0.105599
714,2017,-0.678206,0.398317,0.124956,0.000015,-0.016952
714,2018,-0.005293,0.277850,0.119504,0.000000,0.009255
714,2019,-0.361386,0.239658,0.161863,0.000000,-0.043869
714,2020,0.159981,0.147039,0.145440,0.002338,-0.101581
714,2021,0.025295,0.042108,0.126619,0.001015,-0.000708
715,2017,0.124483,0.198536,0.078652,0.050074,-0.300926
715,2018,-0.432739,0.177117,0.089690,0.052313,0.008422
715,2019,-0.070865,-0.347028,0.067619,0.445797,0.077267
715,2020,0.188676,-0.428107,0.015802,0.726621,-0.154052
715,2021,0.179986,-0.115758,0.026592,0.667090,-0.075493
716,2017,0.058199,0.007772,0.220280,0.372378,0.002595
716,2018,-0.021489,0.035052,0.241144,0.416987,0.031058
716,2019,0.036667,0.069409,0.188946,0.426735,-0.090475
716,2020,0.057955,0.032443,0.223782,0.407927,-0.055635
716,2021,-0.020141,0.030952,0.271859,0.399706,-0.040673
717,2017,0.088411,0.014931,0.161172,0.000928,0.411625
717,2018,0.122277,0.049635,0.199319,0.001057,0.183895
717,2019,0.131901,0.100294,0.232429,0.000895,0.341905
717,2020,0.089731,0.132325,0.202460,0.001216,0.083389
717,2021,0.157075,0.209210,0.283944,0.000875,0.142791
718,2017,-0.084171,0.025629,0.233693,0.029937,-0.000368
718,2018,-0.047703,0.031991,0.243141,0.026740,0.049812
718,2019,-0.053855,0.053137,0.245423,0.011329,0.026943
718,2020,-0.027786,0.045492,0.293611,0.010739,0.052155
718,2021,-0.088636,0.056223,0.242362,0.010961,-0.076700
719,2017,0.056608,0.047824,0.060596,0.000227,0.047551
719,2018,-0.042291,0.033601,0.058019,0.000390,0.046217
719,2019,-0.042631,0.044360,0.034923,0.006227,-0.012647
719,2020,-0.034244,0.021368,0.037138,0.006260,0.089848
719,2021,-0.066523,0.017231,0.031640,0.000550,-0.042048
720,2017,-0.203486,0.116262,0.288332,0.012682,-0.020740
720,2018,-0.037614,0.112137,0.304573,0.011283,0.011789
720,2019,-0.043119,0.113923,0.300428,0.010101,-0.029586
720,2020,-0.057160,0.066123,0.251975,0.008864,-0.117000
720,2021,-0.059553,0.065741,0.293673,0.006414,0.062173
721,2017,-0.027567,0.133826,0.222015,0.000035,-0.028576
721,2018,-0.053216,0.142651,0.222885,0.000000,0.060705
721,2019,-0.056624,0.126882,0.220397,0.000000,-0.000829
721,2020,-0.112927,0.109248,0.239540,0.000000,0.039965
721,2021,-0.036028,0.132649,0.277660,0.000000,0.087162
722,2017,0.122955,0.325962,0.009257,0.173052,0.025082
722,2018,0.003694,0.382284,0.008598,0.177765,0.018434
722,2019,0.054315,0.458575,0.008497,0.183857,0.043619
722,2020,-0.459655,0.507112,0.005039,0.188602,0.011568
722,2021,-0.922717,0.395656,0.004028,0.171568,0.017613
723,2017,0.005714,0.002707,0.250382,0.004495,0.014767
723,2018,0.008565,0.003517,0.261867,0.003183,0.060625
723,2019,-0.008365,0.001743,0.202216,0.002548,0.010911
723,2020,0.004870,0.003271,0.178274,0.003070,-0.012870
723,2021,0.002619,0.004659,0.196317,0.002441,0.029188
