ID	Year	PP(Y)	TC(X1)	II(X2)	ATB(X3)	ML(Z)
1	2017	0,083010	0,003019	0,051801	0,000030	0,018168
1	2018	0,086769	0,002451	0,045444	0,000000	-0,015464
1	2019	0,125895	0,006800	0,042663	0,015027	-0,000878
1	2020	0,094066	0,007289	0,045344	0,018680	-0,000298
1	2021	0,189293	0,003450	0,047660	0,014724	0,027302
2	2017	-0,020223	0,062814	0,070690	0,044778	0,017779
2	2018	0,019962	0,131242	0,070200	0,042750	0,019741
2	2019	-0,074226	0,104772	0,089987	0,037765	0,032031
2	2020	0,014277013	0,006348297	0,058286995	0,025698687	0,036323802
2	2021	0,016708809	0,009241672	0,057849201	0,02921558	0,034652054
3	2017	0,018640938	0,00705809	0,059871431	0,02921558	0,0408148
3	2018	0,016664478	0,004611976	0,062690407	0,029990341	0,040703199
3	2019	0,020830338	0,002437123	0,063479631	0,030359246	0,039561416
3	2020	0,016242637	0,000382716	0,064505946	0,031167664	0,034604304
3	2021	0,01912349	-0,000896183	0,062195645	0,028661235	0,031902935
4	2017	0,028464095	0,002198682	0,057979709	0,026355695	0,037934521
4	2018	0,033162371	0,00488742	0,051927072	0,024604013	0,047310147
4	2019	0,043003288	0,004341573	0,049810306	0,023100233	0,02874263
4	2020	0,039589653	0,001322215	0,049604255	0,022024444	0,028929698
4	2021	0,037863394	0,0008694	0,048420707	0,022024444	0,02695374
5	2017	0,03575419	0,010864126	0,045372093	0,021362545	0,027743767
5	2018	0,038877247	0,020376447	0,044105995	0,020795331	0,028384661
5	2019	0,043096658	0,031349443	0,048754688	0,020082396	0,031221381
5	2020	0,045379402	0,028171351	0,051991495	0,020086246	0,032122041
5	2021	0,03636059	0,026714456	0,056198899	0,020086246	0,039489246
6	2017	0,028674324	0,026217825	0,056845853	0,020086246	0,0318003
6	2018	0,023765815	0,029870942	0,059125149	0,020086246	0,030827421
6	2019	0,025798451	0,033281176	0,060887415	0,020086246	0,031294641
6	2020	0,035254337	0,03744806	0,063064092	0,017641802	0,045119897
6	2021	0,049475611	0,030455863	0,066914923	0,015859257	0,050019022
7	2017	0,045839447	0,026351227	0,066955573	0,014373136	0,054500413
7	2018	0,050820987	0,02286489	0,060606257	0,012981183	0,059520092
7	2019	0,055067912	0,024869545	0,057964363	0,010738682	0,065742963
7	2020	0,052268414	0,025803156	0,054851349	0,008480168	0,050286933
7	2021	0,047275388	0,025014597	0,059533163	0,006167838	0,045298188
8	2017	0,047139618	0,023922354	0,057509713	0,004577281	0,039294063
8	2018	0,045802128	0,0207964	0,055308215	0,002311795	0,054267989
8	2019	0,036460644	0,019471821	0,0520085	0,002494171	0,03727343
8	2020	0,026516003	0,018514882	0,054718196	0,00266674	0,047498424
8	2021	0,041174518	0,014603473	0,059732148	0,002410352	0,06485934
9	2017	0,036058492	0,014002573	0,065963453	0,002070796	0,074147952
9	2018	0,031231546	0,013750161	0,067726856	0,002196803	0,084952268
9	2019	0,034689686	0,017935714	0,067797651	0,002342044	0,088990134
9	2020	0,031692847	0,02725656	0,067528798	0,002536896	0,083995933
9	2021	0,031613926	0,03359072	0,072365984	0,002034069	0,08666718
10	2017	0,032495389	0,033754716	0,072313372	0,001855109	0,075966642
10	2018	0,035461285	0,033699757	0,072764038	0,001672734	0,076250865
10	2019	0,035448507	0,038538333	0,066346027	0,001500165	0,056996871
10	2020	0,021440952	0,04355136	0,064866881	0,001365443	0,042273924
10	2021	0,026637099	0,04281626	0,06380562	0,001365443	0,026724185
11	2017	0,039058807	0,039531483	0,065699751	0,001091218	0,023196314
11	2018	0,047290404	0,0359482	0,071888924	0,000760046	0,021968825
11	2019	0,051702421	0,029277376	0,072538409	0,00043308	0,025084475
11	2020	0,051432088	0,023685493	0,0714215	8,20208E-05	0,024861824
11	2021	0,06386252	0,023790505	0,077201812	8,20208E-05	0,020009719
12	2017	0,061262025	0,029711262	0,077454898	0,002480387	0,034177409
12	2018	0,067151266	0,027682193	0,077563544	0,018055181	0,051388973
12	2019	0,066189628	0,02387599	0,074565656	0,030127139	0,049859651
12	2020	0,064369375	0,022940855	0,069452481	0,040857435	0,055396529
12	2021	0,046525893	0,03180705	0,064267066	0,040911616	0,050513285
13	2017	0,034464647	0,034026487	0,06399344	0,0413823	0,047206054
13	2018	0,031158982	0,036680174	0,063926347	0,041787815	0,048456385
13	2019	0,031368293	0,04335393	0,064698331	0,042237719	0,041824943
13	2020	0,017763335	0,047137081	0,06523112	0,042657831	0,04386283
13	2021	0,013521678	0,044975502	0,064485977	0,040639572	0,035604253
14	2017	0,0077399	0,045516192	0,065420479	0,032288125	0,026329798
14	2018	0,008467028	0,047145305	0,065017932	0,026240393	0,029349149
14	2019	0,004798941	0,048312695	0,064894533	0,015510096	0,020587384
14	2020	0,004974668	0,042888339	0,064763401	0,015373895	0,006648752
14	2021	0,003423356	0,040653351	0,060111332	0,014903211	0,010157468
15	2017	0,027789545	0,028038316	0,062865551	0,014497696	0,00654673
15	2018	0,027474845	0,012693899	0,058505867	0,014047792	0,026317854
15	2019	0,02377085	0,0063909	0,053462166	0,01362768	0,021824137
15	2020	0,027480538	0,000475931	0,053370088	0,013247573	0,01643893
15	2021	0,028943593	-0,004946874	0,053720604	0,006024226	0,016578122
16	2017	0,025085367	-0,007783774	0,059919951	1,31068E-17	0,012276924
16	2018	0,029587541	-0,012906284	0,059880574	1,31068E-17	0,01127951
16	2019	0,033522296	-0,016503258	0,066124591	1,31068E-17	0,016664198
16	2020	0,035418621	-0,017705981	0,069450345	1,31068E-17	0,013763831
16	2021	0,014501097	-0,010436744	0,063438867	1,31068E-17	0,019140015
17	2017	0,013824513	-0,001109372	0,06318533	1,86805E-05	0,002904086
17	2018	0,009181222	0,003367585	0,062053279	0,006203503	8,9128E-05
17	2019	0,005929177	0,007350668	0,064047797	0,012228735	0,006940804
17	2020	0,004815572	0,013516765	0,062965426	0,018100125	0,001268667
17	2021	0,010328721	0,01925287	0,058513925	0,024057633	0,000330275
18	2017	0,002656159	0,020252416	0,062564369	0,027033041	0,013435137
18	2018	-0,000371178	0,020359628	0,06247937	0,029549198	0,010493856
18	2019	-0,000152016	0,020727104	0,060599976	0,031629312	0,007687567
18	2020	-0,000202407	0,02406883	0,059600757	0,033383595	0,006230454
18	2021	-0,000663318	0,022925662	0,06137528	0,034963619	0,007055531
19	2017	0,008765461	0,018288701	0,061722624	0,029149675	0,012151768
19	2018	0,008458578	0,014141394	0,059994412	0,023370854	0,003564528
19	2019	0,005672084	0,008125441	0,064268157	0,017601076	0,000469195
19	2020	-0,008718735	0,00084182	0,067269952	0,011643993	-0,001035746
19	2021	0,001669786	-0,001723922	0,06362992	0,01002031	-0,008378662
20	2017	0,005573503	0,006608366	0,058110347	0,008804113	-0,004770923
20	2018	0,020967953	0,004470854	0,056696681	0,008748218	-9,48853E-05
20	2019	0,027450144	-0,000378907	0,05787692	0,008612115	-0,001772309
20	2020	0,024188029	-0,002745984	0,056281999	0,008027487	-0,00051393
20	2021	0,023794156	0,009453556	0,056143748	0,008521427	0,00083355
21	2017	0,032654676	0,018722364	0,056287439	0,008318621	0,018065334
21	2018	0,040067522	0,028299501	0,052273689	0,008245293	0,043002959
21	2019	0,051320019	0,034641799	0,047760141	0,008383854	0,037967335
21	2020	0,046781495	0,043249993	0,047856057	0,007262908	0,053363462
21	2021	0,050954066	0,037093563	0,047808204	0,006477756	0,059368213
22	2017	0,048696527	0,038597675	0,044196983	0,00590913	0,05740715
22	2018	0,046940048	0,040055541	0,041959102	0,005704029	0,066324448
22	2019	0,050600776	0,041361864	0,042445948	0,006076969	0,072874883
22	2020	0,050390981	0,031123174	0,0399877	0,006535769	0,072743245
22	2021	0,048622945	0,023779401	0,040039889	0,007890957	0,061705162
23	2017	0,048905898	0,025653433	0,040333915	0,007862673	0,043564967
23	2018	0,049053223	0,019021696	0,048452214	0,007723687	0,054469012
23	2019	0,047886653	0,010151937	0,055220023	0,007492908	0,040998159
23	2020	0,038608356	0,005672106	0,055363689	0,007451246	0,043298303
23	2021	0,03303716	0,016263018	0,058176054	0,006409924	0,052737173
24	2017	0,024829408	0,014940559	0,058492201	0,020605668	0,043818883
24	2018	0,021053127	0,013175899	0,05754609	0,035650702	0,030266578
24	2019	0,034444778	0,011383946	0,059778987	0,04905337	0,046308641
24	2020	0,026437854	0,009619437	0,059725956	0,061371157	0,038173896
24	2021	0,020322233	-0,001870744	0,059487855	0,073987401	0,045634265
25	2017	0,023185116	0,00806875	0,051572207	0,073987401	0,045746742
25	2018	0,022579325	0,008536217	0,044521289	0,073987401	0,040264927
25	2019	0,023527337	0,019352026	0,043998419	0,073514255	0,031578512
25	2020	0,024769105	0,015635796	0,043386347	0,073099984	0,016747607
25	2021	0,023600189	0,019654987	0,044094903	0,05749116	0,027030635
26	2017	0,024233234	0,021974581	0,045950763	0,04127354	0,027384708
26	2018	0,014778013	0,023769207	0,04628029	0,026729801	0,014608029
26	2019	0,01970504	0,025513684	0,046289472	0,014296399	0,017022689
26	2020	0,017620593	0,027715028	0,045957391	0,001680156	0,001956109
26	2021	0,012452511	0,020072509	0,046112326	0,001680156	-0,000400573
27	2017	0,003522405	0,024990469	0,046342405	0,003028041	0,000383732
27	2018	0,008078141	0,018763887	0,046794043	0,004226833	0,000156753
27	2019	0,006678424	0,016634255	0,047217502	0,005410624	0,008868048
27	2020	0,010794064	0,020995983	0,0469154	0,006885494	-0,004257898
27	2021	0,01472634	0,026699393	0,046062482	0,008135437	0,00577081
28	2017	0,013254982	0,02791482	0,04643875	0,00795289	0,005382648
28	2018	0,014842952	0,028560272	0,057424226	0,010388167	0,016340651
28	2019	0,02243231	0,029600496	0,066088652	0,010388167	0,035183046
28	2020	0,018711311	0,029973852	0,066020689	0,010388167	0,046726474
28	2021	0,028069029	0,026637751	0,06658897	0,009040282	0,056861304
29	2017	0,047962081	0,023457765	0,066411582	0,008154571	0,064639346
29	2018	0,059805912	0,019482424	0,066686856	0,007097686	0,076377075
29	2019	0,082769015	0,014861022	0,067032361	0,005622816	0,083675542
29	2020	0,103043233	0,009600455	0,066859408	0,004158442	0,080982608
29	2021	0,12041892	0,008737437	0,073068968	0,004158442	0,087470211
30	2017	0,124250459	0,013184241	0,062481289	0,003872106	0,094844599
30	2018	0,117436856	0,019804458	0,062581712	0,006638729	0,090121945
30	2019	0,115967754	0,016904437	0,069577901	0,009046605	0,080394266
30	2020	0,115271711	0,025007063	0,076835019	0,009046605	0,076139108
30	2021	0,106336779	0,029414572	0,083647179	0,008733523	0,064507162
31	2017	0,085743225	0,030299038	0,100015379	0,009931709	0,068364829
31	2018	0,06106594	0,029799853	0,108421848	0,01074308	0,070331288
31	2019	0,037815845	0,031234754	0,114696952	0,011162633	0,069078554
31	2020	0,015782149	0,033706026	0,114455135	0,011375792	0,074182455
31	2021	0,020295232	0,029871485	0,123415799	0,009285597	0,060824888
32	2017	0,013720378	0,027601918	0,127539831	0,006518973	0,056378769
32	2018	0,013771475	0,028166824	0,131073044	0,004111098	0,04752482
32	2019	0,008617343	0,018182627	0,131366257	0,004111098	0,043979508
32	2020	-0,007335445	0,020432617	0,124799758	0,004111098	0,042818777
32	2021	-0,006474435	0,02034079	0,118084916	0,002786006	0,041623966
33	2017	-0,00233133	0,021131923	0,119073589	0,008039277	0,03246959
33	2018	0,004493168	0,021677397	0,126115362	0,014401899	0,047232736
33	2019	0,013094061	0,023297545	0,130122451	0,020236035	0,035267382
33	2020	0,008998203	0,02520569	0,130511481	0,023904168	0,032164
33	2021	0,03084668	0,020506118	0,127879939	0,026963071	0,038686365
34	2017	0,036585422	0,024340111	0,133945906	0,02740635	0,03317678
34	2018	0,042476962	0,028876691	0,142928156	0,027700359	0,041921574
34	2019	0,048406287	0,028173351	0,158635519	0,027883991	0,049473506
34	2020	0,046469407	0,032665631	0,157455837	0,027956579	0,027110832
34	2021	0,041848224	0,032870084	0,158100634	0,021891938	0,029792593
35	2017	0,039853754	0,040427442	0,158316206	0,026994753	0,00908454
35	2018	0,031290071	0,046542019	0,162565545	0,033468272	0,002418992
35	2019	0,019852607	0,042162628	0,167299353	0,040014724	0,006644731
35	2020	0,006663832	0,039758944	0,171703957	0,047726117	0,010462821
35	2021	0,007244797	0,036088653	0,166064139	0,056425158	0,023878115
36	2017	0,005912009	0,031869341	0,158778523	0,056159551	0,028411578
36	2018	0,008724455	0,02465527	0,154670864	0,056011303	0,042106072
36	2019	0,012250258	0,029042488	0,154866973	0,055977201	0,046011849
36	2020	0,019926865	0,032281507	0,144840287	0,056013433	0,052830491
36	2021	0,017969988	0,019973791	0,142447992	0,044224411	0,07598778
37	2017	0,017249112	0,009999208	0,128078768	0,032309323	0,074972229
37	2018	0,028498164	0,011666949	0,12169117	0,021280971	0,071037807
37	2019	0,028381375	0,013259633	0,116260577	0,011005448	0,062700275
37	2020	0,032086761	0,016793511	0,105562636	0,002261977	0,04923771
37	2021	0,029649972	0,019818188	0,108870105	0,002302198	0,042770682
38	2017	0,032295873	0,01891465	0,107003956	0,002266814	0,034635862
38	2018	0,027935812	0,006806417	0,10444019	0,002228329	0,038418049
38	2019	0,018030617	-0,001082644	0,118426861	0,002192097	0,028665233
38	2020	0,013199056	-0,001142144	0,116760119	0,002096128	0,0125771
38	2021	0,015466957	-0,003044486	0,129725654	0,001490402	0,018205283
39	2017	0,029022136	0,002678678	0,128129217	0,002131542	0,020562222
39	2018	0,024763617	0,000606427	0,135294172	0,002250416	0,026102436
39	2019	0,019577181	-0,002981645	0,147975758	0,002128161	0,028709335
39	2020	0,045245594	-0,006478417	0,144747272	0,002366872	0,021226083
39	2021	0,034190439	-0,002443877	0,150557159	0,002565501	0,013845678
40	2017	0,038608498	-0,000772936	0,152730542	0,002902749	0,02670737
40	2018	0,044541508	0,001036156	0,150298318	0,025089244	0,035987159
40	2019	0,051711267	0,002909543	0,148353522	0,046803495	0,039718832
40	2020	0,055142685	0,004319551	0,141490195	0,068754989	0,03319174
40	2021	0,037752549	-0,00174424	0,150907633	0,087157296	0,037584182
41	2017	0,041528739	0,000166394	0,134907601	0,086543649	0,030064757
41	2018	0,039244096	0,004338549	0,115779168	0,086267055	0,030555016
41	2019	0,015161959	0,007991775	0,105860338	0,085959721	0,035689061
41	2020	0,016537457	0,008942846	0,101747716	0,085761092	0,050239084
41	2021	0,016815574	0,009715481	0,110261955	0,085423844	0,038910378
42	2017	0,011993213	0,010336631	0,10494298	0,063237348	0,038001687
42	2018	0,001210119	0,010728176	0,106023196	0,041523097	0,032245231
42	2019	-0,001182709	0,010926959	0,110342714	0,019571604	0,043271231
42	2020	-0,007150174	0,012720814	0,109509058	9,25186E-18	0,044462562
42	2021	-0,001422017	0,017477248	0,130758429	9,25186E-18	0,048819054
43	2017	0,005101048	0,013261005	0,146311323	0,000170461	0,06921382
43	2018	0,007424329	0,01010791	0,157938878	0,000338791	0,07241565
43	2019	0,010707022	0,00588793	0,163467143	0,000487074	0,071478677
43	2020	0,011803382	0,003216165	0,156431048	0,000633024	0,061863877
43	2021	0,011092243	0,001202095	0,158023746	0,000633024	0,053190309
44	2017	0,020064553	-0,0006564	0,156666817	0,002240082	0,051298402
44	2018	0,015099631	-0,002766838	0,155924319	0,003851747	0,049157169
44	2019	0,014233982	-0,006431134	0,155186516	0,005450768	0,035290814
44	2020	0,007751511	-0,00393343	0,146194622	0,00680015	0,037275428
44	2021	0,002979583	0,006282273	0,145977228	0,007774528	0,033167202
45	2017	-0,002476898	0,005716843	0,1493637	0,008611952	0,041507462
45	2018	0,003581275	0,00505662	0,132540408	0,008801552	0,029513214
45	2019	0,000241349	0,004687217	0,139642506	0,008736836	0,038120895
45	2020	0,005039183	0,003783248	0,146576017	0,008778159	0,059246702
45	2021	0,000430221	0,003657603	0,152463754	0,007205973	0,063956293
46	2017	0,010144769	0,00706001	0,155943155	0,005594308	0,065903664
46	2018	0,02129277	0,010768128	0,153950561	0,003995287	0,079199751
46	2019	0,02918731	0,007669649	0,15614362	0,002645905	0,074813474
46	2020	0,029462643	-0,002899922	0,162520612	0,001501066	0,079521412
46	2021	0,033792476	0,007379197	0,14795723	0,000495312	0,073925176
47	2017	0,030169962	0,007371963	0,158790348	0,000998126	0,086532061
47	2018	0,04557563	0,00808775	0,142027469	0,001661474	0,078197407
47	2019	0,049861802	0,00886275	0,133794836	0,002270719	0,066634023
47	2020	0,060500902	0,019420556	0,120716985	0,005786913	0,078326953
47	2021	0,056970927	0,026057972	0,117427559	0,008595626	0,083870313
48	2017	0,047700518	0,02192201	0,111322606	0,008959259	0,091079214
48	2018	0,036473163	0,01574652	0,109668771	0,009303862	0,094778172
48	2019	0,037142836	0,015652534	0,109779022	0,023283761	0,094485773
48	2020	0,032506165	0,005347776	0,123417717	0,037701246	0,089246396
48	2021	0,025124852	0,017576984	0,125012599	0,047097022	0,092421367
49	2017	0,01129466	0,023510987	0,141164076	0,047474261	0,106843899
49	2018	0,006654181	0,034323113	0,144863488	0,048229558	0,118812417
49	2019	0,003076747	0,030909984	0,152306195	0,045872752	0,096940121
49	2020	0,005360252	0,024228438	0,142556254	0,043889912	0,094212568
49	2021	0,005827789	0,026596432	0,136649317	0,044302542	0,088669716
50	2017	0,01541983	0,031504852	0,122572162	0,050502041	0,085149069
50	2018	0,015837648	0,040723586	0,106813218	0,043073362	0,069719265
50	2019	0,031920195	0,044375644	0,0921278	0,034959189	0,067824668
50	2020	0,031422033	0,036265601	0,079765673	0,031457013	0,061916373
50	2021	0,04956974	0,032374883	0,065827314	0,036482981	0,063103456
51	2017	0,048923484	0,026610818	0,066373558	0,038078161	0,05102062
51	2018	0,04396079	0,023448244	0,072160607	0,039550016	0,07464092
51	2019	0,042718071	0,025256617	0,080834967	0,041333615	0,071201712
51	2020	0,041645594	0,027267731	0,081556185	0,043073102	0,061362228
51	2021	0,040526137	0,025030186	0,098856343	0,038755806	0,070588355
52	2017	0,04106539	0,017668896	0,105597534	0,035489535	0,064353067
52	2018	0,028769615	0,015879681	0,112480399	0,043615276	0,060287634
52	2019	0,031678738	0,014036216	0,123971325	0,045120691	0,056622501
52	2020	0,01587682	0,01351309	0,13160271	0,054420281	0,050576456
52	2021	0,014705306	0,011284721	0,136408705	0,066570111	0,060473731
53	2017	0,018309454	0,009672631	0,122412087	0,063987209	0,044414674
53	2018	0,016369484	0,006364695	0,113754877	0,061402183	0,049140551
53	2019	0,020918444	0,00429145	0,118383791	0,05889366	0,052803238
53	2020	0,035120099	0,003508694	0,102488038	0,056821418	0,052789305
53	2021	0,037784775	0,004299622	0,095118674	0,053618226	0,063871399
54	2017	0,05140119	0,007367981	0,092923566	0,03920264	0,08410855
54	2018	0,073647761	0,009828619	0,081277173	0,032861693	0,091539671
54	2019	0,078212638	0,01487146	0,073715671	0,01861737	0,092128917
54	2020	0,086382076	0,014146305	0,060784774	0,004600646	0,079833682
54	2021	0,107200299	0,013256416	0,060940205	0,005471541	0,092707153
55	2017	0,11314288	0,011594368	0,062493292	0,0140847	0,085707356
55	2018	0,11485128	0,022092279	0,059823677	0,022020837	0,083428728
55	2019	0,101059941	0,020488262	0,062166816	0,028752722	0,067204424
55	2020	0,094038328	0,017905604	0,065309117	0,035219632	0,077791464
55	2021	0,081456705	0,013073093	0,064123308	0,04159595	0,059036615
56	2017	0,058194818	0,008632874	0,064244952	0,039703459	0,047512175
56	2018	0,050094667	0,001951683	0,06481573	0,038503194	0,056434755
56	2019	0,041250636	-0,000773887	0,074892549	0,037436861	0,059474724
56	2020	0,016731886	-0,002522208	0,08647726	0,036513796	0,049683598
56	2021	0,007261962	-0,002670412	0,08497723	0,027891804	0,056349881
57	2017	0,020336156	-0,012783641	0,081619298	0,022093387	0,050447005
57	2018	0,015540001	-0,00904959	0,078984975	0,017103573	0,051958244
57	2019	0,018758642	-0,005385965	0,076966035	0,012421358	0,039440612
57	2020	0,013893587	0,001117497	0,079379384	0,007535634	0,054172143
57	2021	0,023646039	0,009160506	0,083853516	0,009059971	0,044727052
58	2017	0,042809576	0,00735923	0,079946214	0,01011578	0,042240941
58	2018	0,040691338	0,014949193	0,06798195	0,010047962	0,042737292
58	2019	0,041963231	0,018124922	0,058154651	0,01001692	0,038251368
58	2020	0,049256997	0,020981331	0,058589003	0,010001307	0,031585713
58	2021	0,029295798	0,021681079	0,062608176	0,007856359	0,041163852
59	2017	0,02917022	0,017927211	0,062819951	0,010592219	0,03558847
59	2018	0,030134665	0,014361924	0,062624871	0,014413551	0,047515229
59	2019	0,038813078	0,007584814	0,066484697	0,017060842	0,043820968
59	2020	0,032314009	-0,000147822	0,077065732	0,020077768	0,043987225
59	2021	0,011009925	0,001151388	0,077291137	0,023820673	0,029328749
60	2017	0,012731334	-0,001351863	0,078115426	0,027568883	0,023004849
60	2018	0,020569485	0,00116437	0,077949167	0,031101267	0,02845166
60	2019	0,019943717	-0,001440084	0,077429081	0,034311725	0,031934756
60	2020	0,040407325	0,007798031	0,073759114	0,036732853	0,026155081
60	2021	0,050491806	0,015447214	0,071803363	0,034255419	0,036499259
61	2017	0,04958214	0,01518807	0,071800869	0,028922703	0,021552636
61	2018	0,042411254	0,015776804	0,063013972	0,025123008	0,009015738
61	2019	0,041462059	0,015482866	0,047519767	0,021089282	0,013665334
61	2020	0,045364112	0,015292207	0,047970452	0,016693225	0,018337787
61	2021	0,050521779	0,010858601	0,046395423	0,013447514	0,020027141
62	2017	0,045675438	0,006898447	0,045042259	0,010394201	0,017454118
62	2018	0,042322177	0,008519474	0,044680172	0,007549404	0,017732035
62	2019	0,027714749	0,000464381	0,044601345	0,005446463	0,020110917
62	2020	0,020625706	-0,004071386	0,046148782	0,003539423	0,010428678
62	2021	0,021778887	-0,001057006	0,045606314	0,00360273	0,01215385
63	2017	0,024676596	-0,001636362	0,058510212	0,00329091	0,01781928
63	2018	0,029457002	-0,001844393	0,069499853	0,002791821	0,017529466
63	2019	0,03000512	-0,001435499	0,076506574	0,002444958	0,013643406
63	2020	0,027445226	0,008032182	0,086525802	0,001999011	0,040311737
63	2021	0,022994709	0,01372476	0,094087397	0,00162952	0,048346392
64	2017	0,02644767	0,016352701	0,109325364	0,001263858	0,060830343
64	2018	0,027835972	0,019216639	0,125941477	0,000945672	0,075007752
64	2019	0,020871211	0,025172586	0,126045035	0,000697651	0,094697892
64	2020	0,01799328	0,033854661	0,126244029	0,000279275	0,114022147
64	2021	0,015264645	0,034536624	0,130085746	0,00023944	0,121176746
65	2017	0,006925071	0,037391649	0,114313748	0,002539422	0,116062822
65	2018	0,003655604	0,040716599	0,102363752	0,003821515	0,116793379
65	2019	-0,000901676	0,035077734	0,087056927	0,009401442	0,093850713
65	2020	-0,003345509	0,031923405	0,074530243	0,015199391	0,100466039
65	2021	-0,009542999	0,029594542	0,05427771	0,022531428	0,076209552
66	2017	-0,009868618	0,026308153	0,047495268	0,0240337	0,074618948
66	2018	-0,005383493	0,02213839	0,053717021	0,025229571	0,060329431
66	2019	0,002479962	0,015633862	0,063601575	0,025985278	0,049162922
66	2020	0,010885604	0,020018508	0,04686119	0,026611168	0,037056973
66	2021	0,014860822	0,022385158	0,052046125	0,024908612	0,05818337
67	2017	0,028043901	0,019034843	0,057289453	0,023925272	0,069987726
67	2018	0,034720004	0,009301771	0,069986915	0,018619223	0,081903379
67	2019	0,053056569	0,005135745	0,082685638	0,012905491	0,081123636
67	2020	0,061549567	0,00301515	0,096681689	0,005657192	0,090048829
67	2021	0,065322101	-0,000673803	0,096438454	0,004177953	0,087042173
68	2017	0,067043642	-0,00355983	0,090274949	0,008354137	0,084849734
68	2018	0,066802033	-0,005860843	0,080519867	0,012718023	0,080372179
68	2019	0,07262246	-0,006800736	0,080303945	0,017127139	0,085151238
68	2020	0,078331215	-0,007981257	0,081189623	0,021362993	0,067377724
68	2021	0,068538967	-0,004447126	0,080508084	0,025381639	0,058065163
69	2017	0,072523036	0,000579804	0,078945143	0,025067101	0,04057999
69	2018	0,059294949	0,000502499	0,077333281	0,024873305	0,028859726
69	2019	0,064149099	0,000871718	0,076435902	0,024789566	0,019317295
69	2020	0,064212026	0,001390741	0,067167267	0,024766534	0,006212543
69	2021	0,061827596	0,008515146	0,080122734	0,019394479	0,010319098
70	2017	0,057573684	0,006357496	0,088300641	0,014645984	0,002924819
70	2018	0,053205411	0,00251048	0,100759579	0,009948942	0,019966925
70	2019	0,047680549	-0,00169551	0,115371272	0,005498749	0,038168678
70	2020	0,053694353	0,002129048	0,128923799	0,001674163	0,044345152
70	2021	0,049684012	0,005883337	0,137799997	0,002259842	0,053682928
71	2017	0,049430723	0,011036537	0,132484168	0,011419078	0,065744971
71	2018	0,044946358	0,014824127	0,123144639	0,017141969	0,077584967
71	2019	0,038539148	0,01820599	0,120661334	0,022238804	0,094482168
71	2020	0,039168212	0,009237763	0,105173718	0,027185624	0,091074672
71	2021	0,036652138	0,015065949	0,097317741	0,031092636	0,105593741
72	2017	0,034383274	0,01741681	0,084308135	0,030804859	0,078337408
72	2018	0,051107375	0,019495708	0,069141186	0,030592219	0,061091662
72	2019	0,045177391	0,014275559	0,055863866	0,030331779	0,063606186
72	2020	0,043498348	0,012851526	0,040666703	0,029953562	0,071705396
72	2021	0,056849714	0,009426648	0,039965326	0,020979686	0,054266761
73	2017	0,050262904	0,011450569	0,043331794	0,021144524	0,042562494
73	2018	0,050120217	0,018990236	0,046472965	0,02142293	0,036233005
73	2019	0,050488485	0,01829643	0,051118364	0,021508163	0,038221854
73	2020	0,047001286	0,022637374	0,050943915	0,018817631	0,020382465
73	2021	0,042245803	0,031261361	0,05113876	0,020174283	0,026027927
74	2017	0,021286077	0,036575767	0,060293043	0,019989112	0,025355776
74	2018	0,023866684	0,042597671	0,060689039	0,019698154	0,026503456
74	2019	0,027729371	0,051346702	0,075420207	0,019474799	0,010605497
74	2020	0,016370127	0,058837705	0,083010579	0,019832744	0,004858164
74	2021	0,017305696	0,05545358	0,091910315	0,014310335	0,022826795
75	2017	0,016530916	0,043970426	0,10522989	0,019858888	0,009418699
75	2018	0,011274441	0,044271058	0,110016979	0,030242315	0,001778056
75	2019	0,006016293	0,033512275	0,126269688	0,041507481	0,007489723
75	2020	0,004248634	0,033042035	0,133871453	0,050540154	0,011490538
75	2021	0,006690953	0,034569788	0,131914071	0,058815945	0,011187167
76	2017	0,025589063	0,027015604	0,131924257	0,059181027	0,008936165
76	2018	0,021322188	0,01606391	0,117369602	0,059535447	0,003396541
76	2019	0,040493013	0,018696352	0,109150075	0,076342271	0,012742441
76	2020	0,062329647	0,027237858	0,09785346	0,093647309	0,001713884
76	2021	0,062842843	0,032505194	0,090489577	0,10098444	0,015387863
77	2017	0,087520531	0,032881293	0,084864913	0,093013181	0,015783367
77	2018	0,102690689	0,032898779	0,068010621	0,087886641	0,015272417
77	2019	0,122170805	0,022364429	0,060349364	0,08921986	0,013136385
77	2020	0,120549358	0,013911576	0,052022446	0,090913824	0,009851736
77	2021	0,094789905	0,013936698	0,056855135	0,099145957	0,001185174
78	2017	0,093407544	0,01641118	0,0572244	0,098791537	0,021971496
78	2018	0,070395149	0,006715026	0,068289073	0,081441409	0,02490113
78	2019	0,045912698	-0,002279035	0,083598578	0,063771052	0,041797384
78	2020	0,043730928	-0,00550918	0,077052982	0,045510126	0,032867894
78	2021	0,022053022	-0,003919978	0,075954714	0,038065906	0,03249018
79	2017	0,021999519	0,003754149	0,075660926	0,030360212	0,036567924
79	2018	0,009868291	0,014789578	0,075088503	0,018597694	0,041821513
79	2019	0,012893533	0,024087231	0,074777208	0,008635029	0,055141175
79	2020	0,029658533	0,031806876	0,068872384	5,13541E-05	0,061843741
79	2021	0,041655429	0,034403521	0,06883256	6,03978E-05	0,057146315
80	2017	0,03945715	0,03658914	0,062970111	0,002006051	0,053168175
80	2018	0,037733736	0,039444994	0,047513315	0,004014435	0,035804921
80	2019	0,040409278	0,042466659	0,046589456	0,005883938	0,038683064
80	2020	0,046895755	0,044785531	0,050368462	0,00775924	0,04430983
80	2021	0,046414681	0,040453514	0,056642373	0,009848913	0,051750952
81	2017	0,037000535	0,037715396	0,064554437	0,0098387	0,063049108
81	2018	0,033358924	0,035451811	0,074312737	0,00983161	0,050147139
81	2019	0,020355867	0,035286635	0,081559627	0,00981807	0,045780858
81	2020	0,00960269	0,038175888	0,081267531	0,009809026	0,039677123
81	2021	0,008808691	0,033403819	0,076203661	0,01799252	0,038412508
82	2017	0,010784688	0,034378652	0,076996792	0,016071764	0,034671036
82	2018	0,008113042	0,03333992	0,084296599	0,014236041	0,031677153
82	2019	0,001264103	0,03436429	0,088342998	0,012360739	0,037407579
82	2020	-0,004251957	0,035950553	0,096612791	0,010250555	0,039492683
82	2021	-0,002430272	0,033387278	0,101810477	0,010250555	0,026927986
83	2017	0,001503087	0,031695642	0,090650305	0,010250555	0,034126808
83	2018	0,02207832	0,026124293	0,081285733	0,010250555	0,031470953
83	2019	0,021979464	0,020846383	0,078263637	0,010254568	0,040077452
83	2020	0,027219464	0,023600048	0,075126628	0,000129185	0,042617404
83	2021	0,028644429	0,01931624	0,071527236	4,15577E-05	0,049474777
84	2017	0,037055516	0,015359427	0,06652708	0,000391123	0,065393754
84	2018	0,039312712	0,010025356	0,060711685	0,000773104	0,057283363
84	2019	0,049452539	0,005080421	0,049205026	0,001154538	0,042134274
84	2020	0,055737824	-0,000722042	0,03855236	0,001509184	0,03349224
84	2021	0,055737957	-0,006199279	0,042865679	0,001863313	0,029412268
85	2017	0,036149546	-0,005874661	0,051103518	0,002201669	0,032678834
85	2018	0,037258594	-0,005554473	0,057974495	0,002451104	0,018537501
85	2019	0,034227181	-0,004683516	0,064698649	0,00262936	0,024199307
85	2020	0,031342867	0,002184055	0,071982827	0,002848938	0,017013983
85	2021	0,029810892	0,008202253	0,071037081	0,00265331	-0,004186398
86	2017	0,028745791	0,010124775	0,079613219	0,006501451	0,002844238
86	2018	0,017864739	0,012609363	0,088209955	0,010331524	0,015162866
86	2019	0,012886961	0,015348099	0,097835722	0,014558167	0,011863055
86	2020	0,026756085	0,021343569	0,110303926	0,015586395	0,008608476
86	2021	0,025925813	0,025419001	0,118451342	0,015970343	0,021537
87	2017	0,024801824	0,022743724	0,114866804	0,016130346	0,022132414
87	2018	0,029040085	0,019214244	0,111873579	0,016343417	0,030225905
87	2019	0,032136854	0,010460119	0,111429782	0,016484515	0,035305187
87	2020	0,033954458	0,004609794	0,114930189	0,016648591	0,03843583
87	2021	0,033085895	0,014530589	0,108148045	0,012771463	0,032164429
88	2017	0,034170913	0,012060119	0,108321638	0,017102954	0,03394836
88	2018	0,034505277	0,009318998	0,104402394	0,020947829	0,055569359
88	2019	0,027285263	0,003478841	0,090127313	0,027336482	0,066779538
88	2020	0,028830963	-0,00354641	0,092419849	0,035047944	0,06359929
88	2021	0,027636221	-0,003637998	0,103245713	0,041289751	0,085591786
89	2017	0,024000512	-0,003017614	0,104278467	0,051017168	0,09128749
89	2018	0,023178224	-0,002835154	0,106938706	0,060884385	0,102263962
89	2019	0,014485097	-0,002854167	0,102739873	0,061277101	0,120483562
89	2020	0,014236576	-0,014520846	0,099300902	0,061337729	0,13771159
89	2021	0,012339819	-0,014536755	0,096140116	0,053160166	0,135028405
90	2017	0,010424347	-0,009483084	0,089272655	0,044734003	0,134084845
90	2018	0,001576787	-0,006139369	0,095578053	0,036962992	0,144122334
90	2019	-0,004660542	-0,004209735	0,09478825	0,028529226	0,131150207
90	2020	0,002573516	-0,001718066	0,100249103	0,021873967	0,118543524
90	2021	0,00886809	0,003230692	0,099333954	0,011751459	0,110700834
91	2017	0,009379881	0,003516786	0,092474437	0,0016434	0,105972546
91	2018	0,021840313	0,003846502	0,094158019	0,000996218	0,094636334
91	2019	0,028050293	0,005407136	0,093489565	0,000643824	0,087317095
91	2020	0,032601527	0,007156959	0,082828909	0,000309826	0,08126612
91	2021	0,03954105	0,00387477	0,08393817	0,000315857	0,070083054
92	2017	0,037583083	0,003652274	0,076814535	0,001914997	0,06215465
92	2018	0,046609367	0,005009712	0,066474067	0,003331093	0,078179477
92	2019	0,039439385	0,005471301	0,054834296	0,004696804	0,076880424
92	2020	0,031535707	0,003131075	0,054100421	0,006100057	0,074648817
92	2021	0,029496482	0,005189931	0,054256615	0,007773232	0,061204037
93	2017	0,024792429	0,004955348	0,052880913	0,021763062	0,055258632
93	2018	0,016644346	0,003650722	0,052922501	0,035822143	0,062615876
93	2019	0,009188045	0,006710886	0,055739189	0,053143873	0,053990082
93	2020	0,004593164	0,00555479	0,054425009	0,068415573	0,044968859
93	2021	0,009782909	0,009959681	0,054400461	0,080902143	0,044609553
94	2017	0,001022921	0,007172981	0,060820972	0,079486048	0,023758883
94	2018	0,002797479	0,004264415	0,071554417	0,078120336	0,027085424
94	2019	0,0037448	0,001478743	0,081824043	0,076717083	0,010606516
94	2020	0,012940064	-0,000566204	0,097510306	0,074924076	0,03137677
94	2021	0,002611575	0,007887152	0,106201032	0,060836917	0,054947913
95	2017	0,010706978	0,011700787	0,106665493	0,046716609	0,03794249
95	2018	0,028691301	0,013914208	0,111561352	0,029363441	0,042753531
95	2019	0,02018399	0,015158314	0,116453076	0,01408571	0,054051282
95	2020	0,022811125	0,009820093	0,121502635	3,08395E-18	0,044493815
95	2021	0,028738229	0,010681968	0,111703015	3,08395E-18	0,049696911
96	2017	0,024180358	0,014389073	0,105765289	3,08395E-18	0,046596701
96	2018	0,021974672	0,017960965	0,105527847	3,08395E-18	0,067392228
96	2019	0,013138961	0,022442046	0,097589196	5,51727E-05	0,056794005
96	2020	0,022525826	0,018012102	0,094870026	9,53392E-05	0,03320588
96	2021	0,014416173	0,017270451	0,111107332	0,000118725	0,034957463
97	2017	-0,000738119	0,010444832	0,110354946	0,002002883	0,04895232
97	2018	0,032155446	0,008576547	0,108171024	0,004127297	0,044108255
97	2019	0,032851558	0,006261167	0,107595049	0,006307244	0,0604751
97	2020	0,03121606	0,005071663	0,109349583	0,007861411	0,064872985
97	2021	0,056093768	0,006834463	0,103977848	0,010117905	0,05433178
98	2017	0,072301664	0,003489376	0,094775228	0,010681848	0,032853606
98	2018	0,087230527	-0,001478901	0,10106722	0,011129722	0,04022953
98	2019	0,095787086	-0,005821447	0,105336532	0,011656096	0,057968156
98	2020	0,11349611	-0,009291113	0,088986217	0,011836849	0,059023882
98	2021	0,115081506	-0,009928371	0,098080541	0,010118591	0,045619385
99	2017	0,087511261	-0,005345075	0,098061857	0,009784188	0,044445906
99	2018	0,085863872	0,000653356	0,097948123	0,00929116	0,035550815
99	2019	0,084198247	0,008974513	0,098212929	0,010166884	0,04449429
99	2020	0,063483737	0,010269413	0,096918154	0,009458145	0,052343272
99	2021	0,062986969	0,01636056	0,098759094	0,010336918	0,06027125
100	2017	0,049759448	0,016711222	0,085509488	0,010188037	0,057022498
100	2018	0,035944942	0,016769181	0,087987997	0,00989909	0,056491347
100	2019	0,013660537	0,016719773	0,098429639	0,010545529	0,055034813
100	2020	0,009067713	0,016774448	0,095573809	0,01145422	0,054924164
100	2021	0,007467038	0,012320599	0,102106204	0,010689719	0,061304596
101	2017	0,000797345	0,006469366	0,104987933	0,01281441	0,071902311
101	2018	-0,001583348	-0,001964018	0,10983772	0,014205097	0,058326034
101	2019	-0,001263691	-0,008774595	0,112866963	0,016355471	0,054808177
101	2020	-0,007075016	-0,014767585	0,11073039	0,018556054	0,045552479
101	2021	-0,009424423	-0,006062835	0,110324715	0,021658167	0,031238888
102	2017	-0,010996659	-0,005850345	0,10950998	0,021380574	0,035763481
102	2018	-0,004197655	-0,005478015	0,109528834	0,020529995	0,041350559
102	2019	-0,002256862	-0,0051054	0,111722353	0,019455404	0,044910268
102	2020	0,000722257	-0,005181991	0,112929642	0,018429895	0,033637843
102	2021	0,002598472	-0,00507295	0,117576612	0,014618283	0,012154574
103	2017	0,006831644	0,00061509	0,110200573	0,016144511	0,026585307
103	2018	0,013713338	0,008641335	0,105907325	0,01692534	0,027982345
103	2019	0,00855472	0,013904935	0,108224932	0,017508997	0,042200476
103	2020	0,014276402	0,008927335	0,112924522	0,017921939	0,05212373
103	2021	0,019658649	0,012813641	0,100295974	0,021705682	0,040573855
104	2017	0,021695984	0,012478202	0,090066938	0,021785165	0,036847058
104	2018	0,020238677	0,01220469	0,077113559	0,02186167	0,032267107
104	2019	0,045485809	0,0121391	0,066644187	0,021945364	0,052673725
104	2020	0,053165056	0,016250072	0,054947397	0,021996876	0,050904526
104	2021	0,055915935	0,013164221	0,053685266	0,016687535	0,052207338
105	2017	0,050480927	0,00908075	0,051302043	0,012792084	0,064772907
105	2018	0,052677698	0,00741406	0,048755287	0,009089164	0,073065101
105	2019	0,050874799	0,007827106	0,050006316	0,006528001	0,080468953
105	2020	0,049101585	0,008618163	0,051411025	0,004007148	0,066163339
105	2021	0,050275553	0,011456429	0,056622626	0,004688219	0,083016868
106	2017	0,051207702	0,016204703	0,055385189	0,013997788	0,093243154
106	2018	0,022965962	0,022859109	0,053278378	0,022817903	0,07913957
106	2019	0,03552145	0,018582735	0,053182258	0,022766392	0,088495322
106	2020	0,028674977	0,016102685	0,055682993	0,022728928	0,076019653
106	2021	0,027230353	0,023487491	0,057606412	0,022145421	0,063687876
107	2017	0,029206643	0,019457703	0,059110781	0,033074246	0,051734724
107	2018	0,04527027	0,014963399	0,052588697	0,041174218	0,039873243
107	2019	0,043130504	0,01000226	0,049703827	0,049446704	0,052443919
107	2020	0,046496267	0,007148073	0,043767155	0,059104407	0,031867199
107	2021	0,045114365	0,002745556	0,046121766	0,059124767	0,021404425
108	2017	0,047981966	-0,00160734	0,047586222	0,062495226	0,035765595
108	2018	0,027869865	0,001836201	0,048556765	0,068157945	0,055519686
108	2019	0,030094032	0,009545955	0,055271657	0,07974212	0,057927342
108	2020	0,028084231	-0,001174437	0,061447369	0,091672386	0,065849547
108	2021	0,021136614	0,002861276	0,06044555	0,088422473	0,073349028
109	2017	0,001459149	0,002823973	0,075195708	0,080762363	0,085810237
109	2018	-0,001081655	0,002864264	0,091675805	0,072573966	0,091078437
109	2019	-0,007962443	0,002780235	0,1063137	0,066353183	0,095629355
109	2020	-0,005271167	0,002268098	0,116756299	0,062788391	0,112538997
109	2021	-0,005554523	-0,000240203	0,128278663	0,054999352	0,102033777
110	2017	-0,003064956	-0,003171366	0,134035162	0,049377811	0,079930787
110	2018	-0,001248406	-0,000986783	0,135870952	0,037816447	0,074517261
110	2019	0,004374134	0,008585304	0,140321262	0,025903405	0,072879315
110	2020	0,014218882	0,012171125	0,149926847	0,017714219	0,077234756
110	2021	0,034359161	0,015415636	0,146229618	0,015971987	0,068496377
111	2017	0,036527354	0,015698527	0,130499158	0,029338464	0,058462609
111	2018	0,03372533	0,015714635	0,116690285	0,029283793	0,055724869
111	2019	0,030939647	0,01601328	0,105494945	0,027387094	0,043845643
111	2020	0,024697669	0,02673565	0,093228591	0,026906013	0,037033378
111	2021	0,028176094	0,031392186	0,085679951	0,0307989	0,037325596
112	2017	0,023256204	0,021728219	0,075046989	0,033166997	0,037564207
112	2018	0,015197195	0,011881679	0,062944114	0,035327345	0,039372686
112	2019	0,013975115	0,004609874	0,052499823	0,037388572	0,027557289
112	2020	-0,004277259	0,001325007	0,04162785	0,039298164	0,020624031
112	2021	-0,006298685	0,000653115	0,042261749	0,024880266	0,018540733
113	2017	-0,001217508	0,000994783	0,046835492	0,042455642	0,021174029
113	2018	-0,000750523	0,001078953	0,052123018	0,058260158	0,019995314
113	2019	0,007820334	-0,009434233	0,059008243	0,073652829	0,022847934
113	2020	0,002296898	-0,014887234	0,062844658	0,079595243	0,028784659
113	2021	0,010147292	-0,014933808	0,067546397	0,087023027	0,032331072
114	2017	0,009808629	-0,004794757	0,084068052	0,084845456	0,024862196
114	2018	0,001381182	0,006533721	0,098202695	0,082770467	0,037278863
114	2019	0,002379336	0,00668614	0,115414766	0,080855187	0,035464929
114	2020	0,002965632	0,011065116	0,13290307	0,08055963	0,031433921
114	2021	0,004371155	0,008271551	0,144193024	0,05884145	0,044677668
115	2017	0,013008842	0,011690731	0,138128633	0,039091992	0,049276762
115	2018	0,015952397	0,013485387	0,136216766	0,019695171	0,054692657
115	2019	0,028187946	0,015402086	0,133495311	0,009818693	0,049145218
115	2020	0,032389004	0,018925188	0,128010389	1,23358E-17	0,061386287
115	2021	0,033682307	0,011712303	0,10997736	1,23358E-17	0,052500819
116	2017	0,04665404	-0,005445522	0,108142184	1,23358E-17	0,029038861
116	2018	0,068950734	-0,004975379	0,091512554	1,23358E-17	0,038010832
116	2019	0,070896326	-0,008490007	0,080170208	1,23358E-17	0,05094561
116	2020	0,069766158	-0,005966446	0,063094674	1,23358E-17	0,042577288
116	2021	0,060828627	-0,008970874	0,062203864	0,000703872	0,037860678
117	2017	0,056671475	0,001644459	0,067905945	0,001297724	0,030857321
117	2018	0,043055012	0,009903427	0,085148487	0,002041582	0,029580888
117	2019	0,036474994	0,006163008	0,095128085	0,002833884	0,0138392
117	2020	0,035936313	0,014810639	0,1135478	0,003493074	0,022419147
117	2021	0,021377357	0,020590691	0,108118771	0,00404611	0,036269969
118	2017	0,001798853	0,020047253	0,109614292	0,005129105	0,035389784
118	2018	0,001814858	0,019448069	0,107558903	0,006082525	0,026534482
118	2019	0,001100556	0,019415289	0,109652951	0,007174469	0,035286479
118	2020	0,004215521	0,019069563	0,111319827	0,007589657	0,030154534
118	2021	0,001834824	0,006749597	0,103843792	0,008589808	0,0342713
119	2017	0,021256085	-0,003238894	0,086769653	0,00943248	0,059045213
119	2018	0,030507095	-0,003605391	0,084833465	0,009759895	0,07671777
119	2019	0,033988231	-0,015651593	0,07631253	0,00981187	0,072805706
119	2020	0,058678047	-0,021798223	0,080078471	0,00992352	0,062302067
119	2021	0,075397598	-0,022871439	0,086954724	0,009409409	0,074279859
120	2017	0,073725149	-0,022242294	0,09271695	0,014938191	0,073244289
120	2018	0,078538015	-0,013448371	0,099462034	0,019202411	0,06470594
120	2019	0,078353542	-0,008758426	0,105569072	0,022586002	0,065452712
120	2020	0,080191373	-0,004479864	0,103874692	0,024700159	0,077374113
120	2021	0,062115866	-0,001693167	0,10448309	0,026309052	0,054259084
121	2017	0,053885971	0,000609011	0,11319069	0,025676664	0,052413742
121	2018	0,053518683	0,003068436	0,117336725	0,025402514	0,067855909
121	2019	0,030347434	0,012287069	0,117089408	0,025109844	0,071400628
121	2020	0,006774127	0,01769767	0,123106785	0,024875274	0,057752123
121	2021	0,006345609	0,019938614	0,127726991	0,018659538	0,057999095
122	2017	0,001670162	0,012901866	0,1146051	0,013303374	0,066267403
122	2018	0,023313973	0,010162209	0,103387309	0,008800722	0,065526629
122	2019	0,030593937	0,008021985	0,098247198	0,005092563	0,049885933
122	2020	0,03906622	0,007816897	0,092777136	0,00189714	0,046351383
122	2021	0,037349232	0,008492206	0,072260487	0,001409811	0,029413702
123	2017	0,03874755	0,006718321	0,059241423	0,000972795	0,015414002
123	2018	0,036631697	0,003384097	0,049641629	0,00060078	0,032277629
123	2019	0,035315032	-0,000853913	0,034753044	0,000266465	0,038158226
123	2020	0,048525937	-0,009015573	0,025241159	6,93889E-18	0,030857174
123	2021	0,070670388	-0,010793084	0,029498966	6,93889E-18	0,02268347
124	2017	0,047779072	-0,010935632	0,033984041	6,93889E-18	0,01961428
124	2018	0,03967971	-0,011279865	0,044252927	6,93889E-18	0,022488429
124	2019	0,029943831	-0,011849064	0,055086418	6,93889E-18	0,028879036
124	2020	0,026992965	-0,012134905	0,059112148	6,93889E-18	0,036281671
124	2021	0,023240616	-0,00955897	0,059827116	6,93889E-18	0,047742871
125	2017	0,024096369	-0,007860875	0,067933822	0,010478633	0,036017709
125	2018	0,02519731	-0,005967589	0,080905481	0,020612809	0,044163333
125	2019	0,011254612	0,002974377	0,07682283	0,029798257	0,067344739
125	2020	-0,006071831	0,006829532	0,07780532	0,038496288	0,059867512
125	2021	-0,011577	0,009080388	0,08882356	0,047213587	0,064358205
126	2017	-0,010742082	0,009289257	0,083419924	0,047287578	0,061062015
126	2018	-0,009478483	0,01003595	0,07779082	0,047409303	0,058793428
126	2019	-0,008053614	0,011956277	0,095241502	0,04751458	0,057081803
126	2020	-0,006480479	0,011224771	0,108257313	0,047613854	0,045335224
126	2021	-0,004127727	0,011760728	0,115450241	0,037201907	0,044966464
127	2017	-0,002103345	0,020634126	0,102441917	0,028518942	0,034084804
127	2018	0,000504928	0,017468868	0,101674422	0,020018937	0,019047348
127	2019	0,000794447	0,013435301	0,100792228	0,012181235	0,024742863
127	2020	0,022663442	0,009685085	0,091148865	0,004446768	0,041629209
127	2021	0,023669474	0,007689884	0,091135299	0,005025907	0,057712701
128	2017	0,023395382	0,006923363	0,097020461	0,004904183	0,062893406
128	2018	0,022356475	0,002608105	0,079713203	0,004798906	0,072412532
128	2019	0,021703875	0,000633357	0,069798867	0,004699632	0,072625723
128	2020	0,021667464	-0,001504994	0,058088497	0,004632945	0,082289399
128	2021	0,021051166	-0,012281947	0,057981315	0,003181735	0,083618009
129	2017	0,019610267	0,000153967	0,067555506	0,002551528	0,084442723
129	2018	0,011943615	0,000821812	0,078380335	0,001720309	0,079781141
129	2019	-0,004851819	0,007936604	0,077332169	0,000739667	0,063373856
129	2020	-0,005993684	0,0146713	0,077948995	0,000158107	0,05298487
129	2021	-0,005860648	0,018673903	0,072051699	0,000198879	0,04482537
130	2017	-0,001237898	0,018572854	0,080112112	0,000449292	0,025285008
130	2018	0,001631606	0,018474988	0,0768328	0,000570305	0,028078224
130	2019	0,003678666	0,018914883	0,087694498	0,000587212	0,020946569
130	2020	0,005551773	0,029117964	0,088504646	0,000587212	0,02565456
130	2021	0,002461798	0,021815248	0,093498177	0,000531975	0,039962082
131	2017	0,008367887	0,033417622	0,094994403	0,000502864	0,060322848
131	2018	0,009820947	0,026547095	0,110293876	0,000500675	0,078738831
131	2019	0,009927487	0,032471172	0,119307857	0,000429105	0,088464041
131	2020	0,016702918	0,035662703	0,135501369	0,000388333	0,105683859
131	2021	0,019778243	0,042117618	0,136404116	0,00013792	0,11536646
132	2017	0,019239671	0,041878496	0,149680948	0,00137019	0,123231362
132	2018	0,015936437	0,041305487	0,146177163	0,002225727	0,131301878
132	2019	0,020777532	0,031327767	0,159357649	0,003224402	0,123036368
132	2020	0,025567132	0,026181854	0,15404353	0,004145086	0,110984629
132	2021	0,018337795	0,014212822	0,158167162	0,005098176	0,099282378
133	2017	0,020213386	0,022973946	0,141332319	0,005098176	0,081677894
133	2018	0,022032766	0,010736613	0,129244295	0,005098176	0,07084187
133	2019	0,019939728	0,001585705	0,111384995	0,005209177	0,070256542
133	2020	0,017804902	-0,005124521	0,10173779	0,005871495	0,080959025
133	2021	0,017266854	-0,004661214	0,087818074	0,005038634	0,084263619
134	2017	0,018174073	0,006541905	0,08924289	0,00416619	0,079687123
134	2018	0,011844972	0,006599068	0,087881265	0,003172116	0,086744788
134	2019	0,009770422	0,006364215	0,079359021	0,002255635	0,089460855
134	2020	0,011485108	0,006595451	0,071550947	0,001305385	0,074287434
134	2021	0,009321538	-0,002480556	0,084812577	0,001307108	0,086328543
135	2017	0,007797195	-0,003124683	0,086837465	0,013005679	0,101785786
135	2018	0,001264983	-0,00308834	0,087719781	0,026147326	0,081066925
135	2019	-0,004885339	-0,002697409	0,088346406	0,039636901	0,073162382
135	2020	-0,003905249	-0,002881523	0,094704882	0,054385414	0,056228011
135	2021	-0,005567223	-0,003165129	0,083432176	0,071145609	0,04360059
136	2017	-0,00360748	0,000803535	0,070770589	0,071141009	0,04962469
136	2018	-0,001338736	0,006365939	0,070238739	0,071136806	0,057692204
136	2019	0,000747346	0,010658601	0,062042358	0,071133965	0,075323772
136	2020	0,014691738	0,018329987	0,050421064	0,071132242	0,057439225
136	2021	0,019310031	0,022741204	0,058157866	0,059433671	0,033016839
137	2017	0,020599086	0,0338514	0,063671161	0,046181024	0,037812303
137	2018	0,021804128	0,045803071	0,063620994	0,03202913	0,029431936
137	2019	0,026069349	0,05362342	0,063960324	0,016760196	0,047238152
137	2020	0,034921876	0,051125914	0,061948085	1,63548E-05	0,044549469
137	2021	0,032549661	0,049268461	0,066952997	3,97978E-05	0,023303832
138	2017	0,02960894	0,051375442	0,074748281	3,97978E-05	0,024055672
138	2018	0,033665737	0,057815321	0,086860267	3,97978E-05	0,027249107
138	2019	0,022936764	0,062442526	0,099226994	3,97978E-05	0,050170018
138	2020	0,016420548	0,05851566	0,098455199	3,97978E-05	0,072544892
138	2021	0,017222572	0,059909581	0,100436867	3,97978E-05	0,067783341
139	2017	0,017592507	0,05153288	0,101267053	3,97978E-05	0,068725285
139	2018	0,013222943	0,049133543	0,102613513	3,97978E-05	0,050719555
139	2019	0,007555578	0,044192283	0,103515752	5,93321E-05	0,056749148
139	2020	0,015944374	0,043785453	0,114670477	0,000112723	0,077032772
139	2021	0,024475421	0,038098468	0,122688884	0,000178576	0,077807651
140	2017	0,020551528	0,027021318	0,106542553	0,014212776	0,069396265
140	2018	0,025468143	0,014409065	0,094448023	0,030409405	0,058195236
140	2019	0,03443538	0,014087287	0,103086876	0,037674429	0,037505726
140	2020	0,036276234	0,001882944	0,108514248	0,044011282	0,04714945
140	2021	0,042766006	-0,001785708	0,108571781	0,049306209	0,058707146
141	2017	0,042525277	-0,007516844	0,097779326	0,049453847	0,066223082
141	2018	0,042900164	-0,011185267	0,095648458	0,049553934	0,0697631
141	2019	0,037067597	-0,013327524	0,07941997	0,049580871	0,070862631
141	2020	0,031571385	-0,01534029	0,061078817	0,049614151	0,058503861
141	2021	0,051556655	-0,015338856	0,065166365	0,035699058	0,056413929
142	2017	0,04976352	-0,014702599	0,066325831	0,019574605	0,064886025
142	2018	0,040353218	-0,014742757	0,051202824	0,012368393	0,080743618
142	2019	0,0366929	-0,014740728	0,039261956	0,006088919	0,094519806
142	2020	0,033839155	-0,014719203	0,038528049	0,000841487	0,090082663
142	2021	0,045123694	-0,014238831	0,044547108	0,000767193	0,096567298
143	2017	0,045658464	-0,013567884	0,046655079	0,00075907	0,096974049
143	2018	0,045298115	-0,000863427	0,046950063	0,003484388	0,097409686
143	2019	0,058228244	-0,001154626	0,050871982	0,005432649	0,11374931
143	2020	0,035488181	-0,001191664	0,057544227	0,007647257	0,103718807
143	2021	0,032002632	-0,00180183	0,056524126	0,009528695	0,084823721
144	2017	0,039933489	0,00119724	0,058685698	0,015380003	0,089535914
144	2018	0,040222255	0,002592966	0,060483712	0,020357362	0,086881486
144	2019	0,034840133	0,004319486	0,058915129	0,025196848	0,081520804
144	2020	0,019589665	0,00556831	0,054155277	0,028941646	0,077542944
144	2021	0,023668644	0,007008654	0,053831225	0,032375808	0,088001373
145	2017	0,019314749	0,002501973	0,063625117	0,029546718	0,074413515
145	2018	0,003026765	0,012070678	0,06923407	0,027499326	0,054709447
145	2019	0,003875802	0,012596659	0,07621992	0,02516561	0,082178413
145	2020	0,00808986	0,012747998	0,087936038	0,023211996	0,091730887
145	2021	0,001885728	0,009721446	0,100827996	0,017301876	0,081700657
146	2017	0,007857059	0,010825364	0,113438874	0,014450734	0,078167314
146	2018	0,013910189	0,015000242	0,123169793	0,01057095	0,09196407
146	2019	0,014698188	0,023378029	0,139434743	0,007801105	0,09512686
146	2020	0,014849012	0,03243839	0,139820301	0,004706957	0,097333675
146	2021	0,016154129	0,03409399	0,130674924	0,004760943	0,108682661
147	2017	0,014614907	0,024812761	0,139701209	0,004760943	0,124402673
147	2018	0,016355046	0,024432556	0,132708951	0,004760943	0,117619763
147	2019	0,011595497	0,024595862	0,128054543	0,004983463	0,12673716
147	2020	0,034166238	0,024739055	0,124297302	0,005405004	0,113650155
147	2021	0,027221923	0,021953267	0,116575655	0,003433975	0,105620572
148	2017	0,022858327	0,027313411	0,122759453	0,003168083	0,106088204
148	2018	0,02414729	0,01774592	0,10897701	0,002747069	0,099218615
148	2019	0,017738521	0,006860619	0,117293274	0,002796716	0,083979759
148	2020	0,019276724	-0,002682469	0,133305174	0,003297045	0,087614794
148	2021	0,022311188	-0,002629556	0,127962262	0,003771778	0,076976129
149	2017	0,024089286	-0,002716448	0,122390213	0,003771778	0,075535077
149	2018	0,023164893	-0,003271978	0,121940595	0,003549258	0,064598489
149	2019	0,009266291	-0,00286708	0,111032309	0,003127717	0,075158934
149	2020	0,023726718	-0,00251677	0,104150294	0,008538431	0,071339799
149	2021	0,030153965	-0,013216847	0,090405415	0,017972548	0,053870269
150	2017	0,032273136	-0,013512946	0,0886728	0,017379883	0,050598216
150	2018	0,030619713	-0,014099695	0,08114717	0,017294436	0,052868908
150	2019	0,037923922	-0,014824092	0,063788404	0,017209476	0,039658606
150	2020	0,036235187	-0,015389081	0,054303466	0,017243899	0,037594381
150	2021	0,041624001	-0,004544624	0,057058831	0,017835022	0,018107408
151	2017	0,053370752	0,005648499	0,059288184	0,017835022	0,029644237
151	2018	0,046810727	0,005160498	0,057954712	0,017835022	0,024193991
151	2019	0,036059753	0,017470449	0,057843294	0,012211741	0,032665345
151	2020	0,035578742	0,028749958	0,063881366	0,002036318	0,038518873
151	2021	0,030995598	0,023074093	0,065818008	0,002001702	0,041754359
152	2017	0,034864357	0,030279732	0,065869711	0,001569634	0,031903196
152	2018	0,029750408	0,034605292	0,067076773	0,001100279	0,031086862
152	2019	0,033499975	0,041977997	0,065321931	0,000591124	0,032412323
152	2020	0,026982296	0,03168285	0,059699322	-1,31068E-17	0,035914764
152	2021	0,016596246	0,022066253	0,0478894	-1,31068E-17	0,021326354
153	2017	0,015540351	0,022358404	0,052346435	0,005523266	0,021492324
153	2018	0,007267254	0,009646923	0,052584065	0,009778423	0,018000063
153	2019	-0,001851564	-0,002041681	0,045997297	0,013547892	0,021765232
153	2020	0,001911635	0,003549103	0,05017949	0,01701781	0,010065133
153	2021	0,000893903	-0,003538138	0,055998847	0,019726586	0,02602731
154	2017	0,00040588	-0,006872394	0,065326459	0,019820488	0,027364144
154	2018	-0,001855588	-0,004229704	0,066321956	0,01989353	0,038933261
154	2019	-0,005432541	-0,004228886	0,067611776	0,019947092	0,045194111
154	2020	-0,006965357	0,003689795	0,077035751	0,020436406	0,052152523
154	2021	-0,007942346	0,013977307	0,085310091	0,015128527	0,05711964
155	2017	0,021153532	0,014371232	0,093882804	0,01087337	0,056408459
155	2018	0,025889087	0,014253775	0,101433672	0,007103901	0,056484912
155	2019	0,024541359	0,014136984	0,09618501	0,003633983	0,068043899
155	2020	0,024843697	0,014781054	0,089600128	0,000945602	0,062260252
155	2021	0,021785605	0,014512492	0,081769061	0,000867566	0,064849371
156	2017	0,025103034	0,004972034	0,090954321	0,003864854	0,04121637
156	2018	0,0347253	0,004363445	0,106239515	0,006865135	0,041943116
156	2019	0,031739735	-0,004087978	0,109548442	0,009405228	0,029263732
156	2020	0,038835903	-0,014694677	0,111405598	0,011484973	0,022632037
156	2021	0,01885093	-0,015093407	0,117603046	0,013191506	0,023223272
157	2017	0,022019065	-0,015115033	0,124749336	0,014205924	0,02946976
157	2018	0,026751441	-0,015104217	0,133249068	0,015269247	0,031469942
157	2019	0,025084473	-0,015372923	0,148250419	0,016126912	0,023299859
157	2020	0,029635559	-0,015697816	0,16246191	0,016946371	0,018044407
157	2021	0,029597959	-0,015710288	0,166316855	0,014499295	0,037778272
158	2017	0,020713189	-0,011293177	0,1662429	0,015111615	0,027452257
158	2018	0,022130396	-0,006925728	0,156341258	0,014931051	0,039873839
158	2019	0,015386414	-0,001213156	0,142715443	0,0242345	0,053406476
158	2020	0,016047316	-0,001030555	0,143325496	0,028592097	0,053642594
158	2021	0,013039244	-0,000930343	0,129324958	0,02836301	0,042739854
159	2017	0,008840066	-0,000598066	0,135909599	0,029241912	0,035537649
159	2018	0,00861698	-0,000587318	0,132193548	0,03058298	0,052167508
159	2019	0,003172217	-0,006293798	0,127166889	0,03235719	0,065119399
159	2020	-0,00037599	-0,014108532	0,121278044	0,03434094	0,060343576
159	2021	0,002339399	-0,023772552	0,106880457	0,033104129	0,065510193
160	2017	0,0019953	-0,027596951	0,106574026	0,030255287	0,07347913
160	2018	0,003610626	-0,03312533	0,106671097	0,018656705	0,067976444
160	2019	0,013185698	-0,033000353	0,100670922	0,012592576	0,063915664
160	2020	0,017654181	-0,03330412	0,111257319	0,011807244	0,056217641
160	2021	0,014479238	-0,033959011	0,113857216	0,009865019	0,060317626
161	2017	0,016476968	-0,033923096	0,111567964	0,008061397	0,045043022
161	2018	0,016208172	-0,027819389	0,108069397	0,005530911	0,02860567
161	2019	0,023278724	-0,019882124	0,101078434	0,002992736	0,031330007
161	2020	0,030224632	-0,014875568	0,116029005	0,000619731	0,038841321
161	2021	0,030357971	-0,015182837	0,129716419	0,000666907	0,027733593
162	2017	0,030215105	-0,015038819	0,140605209	0,000822811	0,027763987
162	2018	0,019091407	-0,015086093	0,146925162	0,001013026	0,042717661
162	2019	0,009826111	-0,014934325	0,151050671	0,001151509	0,062236099
162	2020	0,009863257	-0,01457899	0,135947761	0,00126466	0,080216913
162	2021	0,009560065	-0,011925997	0,125290385	0,000962548	0,087010894
163	2017	0,014203018	-0,001737693	0,130264862	0,000937459	0,092442423
163	2018	0,009175532	0,009964582	0,136391036	0,000915095	0,077756844
163	2019	0,002384814	0,010565663	0,13092352	0,000889457	0,074485855
163	2020	0,005164483	0,010728481	0,130211462	0,000862957	0,083433549
163	2021	0,0049937	0,010606153	0,119497092	0,000714308	0,099892187
164	2017	0,00915906	0,01030602	0,110428473	0,001203046	0,089543841
164	2018	0,012761527	0,01033246	0,101964082	0,001556074	0,074211813
164	2019	0,016719581	0,010231884	0,110235489	0,001850409	0,059497862
164	2020	0,018376955	0,007848793	0,124466042	0,002126636	0,049233683
164	2021	0,017928424	-0,002328591	0,126790351	0,002425892	0,053583614
165	2017	0,017069065	-0,013608848	0,132284942	0,002396006	0,066786958
165	2018	0,016458662	-0,013997396	0,133678621	0,002366305	0,080297725
165	2019	0,012204825	-0,014162857	0,130886011	0,002519124	0,082467501
165	2020	0,008455043	-0,014305511	0,140012571	0,002700042	0,055148302
165	2021	0,002357234	-0,006621021	0,143305453	0,002091792	0,063273722
166	2017	0,002810262	-0,004677461	0,151214492	0,001600281	0,067701831
166	2018	0,016063647	-0,004555982	0,139370697	0,001192795	0,080628389
166	2019	0,011188347	-0,004516105	0,135936884	0,003152603	0,096079748
166	2020	0,007115644	-0,00473695	0,128561999	0,004971226	0,082380655
166	2021	0,006523181	-0,005463048	0,132906597	0,006455816	0,092861917
167	2017	0,008774395	-0,005299277	0,125663846	0,017151754	0,080881488
167	2018	0,012197854	-0,005526927	0,116917806	0,023192548	0,070565849
167	2019	0,012150978	-0,005570363	0,110126774	0,030879178	0,081040127
167	2020	0,015231907	-0,013281584	0,101463948	0,038347683	0,06854584
167	2021	0,016322195	-0,015177227	0,091817648	0,055447311	0,068494289
168	2017	0,008578531	-0,009699117	0,09359018	0,055453075	0,052347038
168	2018	0,017898955	-0,002150894	0,084389722	0,053104655	0,063881325
168	2019	0,023117944	-0,001713854	0,077013752	0,050947648	0,077446741
168	2020	0,038151295	0,008121336	0,061961155	0,049459931	0,074126882
168	2021	0,035660302	0,012600051	0,058808623	0,038778163	0,081301818
169	2017	0,0337042	0,02082453	0,057730824	0,032563875	0,075323616
169	2018	0,036609314	0,029744531	0,066498723	0,024689072	0,077626513
169	2019	0,034497816	0,035558118	0,07653589	0,017149863	0,08099978
169	2020	0,031854969	0,042396594	0,078655165	5,02353E-05	0,07636922
169	2021	0,024682646	0,042924615	0,08886301	0,000213165	0,075186005
170	2017	0,018867078	0,035469156	0,088518534	0,006784805	0,059818309
170	2018	0,018376893	0,035224578	0,095990957	0,012991816	0,062002309
170	2019	0,004971365	0,025923103	0,094851658	0,018617289	0,062077564
170	2020	0,005927965	0,021898512	0,094336572	0,023850609	0,047677338
170	2021	0,009191134	0,026727828	0,10364115	0,028802129	0,057656699
171	2017	0,00869765	0,021440509	0,108557826	0,045273593	0,06931898
171	2018	0,008244595	0,015714856	0,112127388	0,05709853	0,079546451
171	2019	0,008907073	0,008870591	0,116814929	0,067962943	0,084319101
171	2020	0,007078852	0,002774347	0,120800548	0,075878102	0,087273023
171	2021	0,003941165	0,002622377	0,135392751	0,074033596	0,08564816
172	2017	0,000692101	0,01275636	0,127698235	0,070455314	0,086306717
172	2018	-0,002235858	0,024886095	0,126926472	0,067075599	0,086415608
172	2019	-0,005005116	0,032738544	0,126142265	0,064043401	0,102181805
172	2020	-0,000907925	0,021696539	0,121853118	0,061230689	0,096196355
172	2021	0,005793809	0,020027388	0,104992292	0,046744296	0,085453018
173	2017	0,0071946	0,019985024	0,105988959	0,037162817	0,066170231
173	2018	0,008827695	0,020316524	0,109482848	0,028177723	0,066434777
173	2019	0,013956197	0,020673771	0,095362637	0,021553481	0,065636945
173	2020	0,019134772	0,020170035	0,08109491	0,01794756	0,078529335
173	2021	0,02906769	0,009393933	0,088559947	0,016127126	0,074065728
174	2017	0,03675017	-0,00303038	0,096028548	0,01979255	0,064060025
174	2018	0,034394326	-0,011466076	0,096660279	0,021400631	0,058376914
174	2019	0,031657543	-0,013282133	0,092096305	0,020655107	0,059024131
174	2020	0,025178868	-0,015116002	0,092315272	0,019988637	0,049875847
174	2021	0,023463582	-0,014738318	0,076194492	0,019064695	0,059956062
175	2017	0,022469777	-0,014531948	0,077510446	0,017185377	0,070811554
175	2018	0,019912688	-0,014570972	0,092040625	0,015725766	0,065535273
175	2019	0,016308204	-0,014143185	0,092068744	0,014810748	0,049218436
175	2020	0,007137257	-0,013318434	0,085198433	0,014232373	0,044364581
175	2021	0,000429179	-0,013593567	0,09261229	0,008470243	0,052296895
176	2017	0,003500748	-0,013533014	0,0923326	0,019788411	0,043193981
176	2018	0,000779003	-0,013503432	0,097804782	0,033210517	0,042177092
176	2019	-0,000504648	-0,001088372	0,107797923	0,046196751	0,051693362
176	2020	0,005250566	0,0098525	0,118092588	0,059960737	0,050575304
176	2021	0,012356086	0,012868483	0,115034773	0,073448887	0,034281021
177	2017	0,013753817	0,01773868	0,109602513	0,073448887	0,04033919
177	2018	0,010680415	0,029723689	0,116094038	0,073259874	0,046674173
177	2019	0,007870572	0,029415025	0,119155957	0,073023198	0,049864159
177	2020	0,000636189	0,029609904	0,107931374	0,072866346	0,030925102
177	2021	-0,002189835	0,029535524	0,112887732	0,058273871	0,043714562
178	2017	0,009344649	0,029571432	0,114876882	0,046678967	0,041059485
178	2018	0,01857634	0,017024192	0,112843247	0,035867565	0,04711057
178	2019	0,025140121	0,005695954	0,108930846	0,026263792	0,050774469
178	2020	0,014653105	0,001840102	0,106727579	0,017148588	0,059469157
178	2021	0,01215192	-0,003354308	0,106159184	0,021794972	0,070670037
179	2017	0,014406359	-0,009746378	0,105766113	0,023501819	0,078978159
179	2018	0,017069266	-0,001444176	0,112153559	0,024862411	0,069372736
179	2019	0,024372185	0,010655232	0,124746953	0,026315718	0,090762338
179	2020	0,027010304	0,021662846	0,126512887	0,026959808	0,086737282
179	2021	0,014686082	0,033709986	0,126465761	0,024822479	0,092105914
180	2017	0,003368648	0,034017321	0,126070486	0,021451073	0,091546771
180	2018	-0,010849753	0,034140857	0,13065258	0,016059398	0,085860354
180	2019	-0,011033603	0,034550958	0,130738849	0,011743225	0,076193827
180	2020	-0,012565498	0,034824639	0,136102654	0,007131454	0,075609463
180	2021	-0,007540106	0,029307975	0,140490962	0,005420848	0,063909198
181	2017	-0,006565936	0,022955005	0,139102686	0,020377736	0,065890119
181	2018	-0,005252641	0,013948354	0,139957965	0,031356164	0,062302204
181	2019	0,000972101	0,007523285	0,142924228	0,041382571	0,058725067
181	2020	-0,000195568	-0,002299131	0,135449794	0,049490313	0,052279666
181	2021	0,002644866	0,001619978	0,127747565	0,056379355	0,04371268
182	2017	0,006883987	0,001564325	0,122823885	0,057718062	0,041452576
182	2018	0,009272642	0,001202089	0,120615977	0,058826091	0,04849154
182	2019	0,011533816	0,000738787	0,106297127	0,059819811	0,033093268
182	2020	0,008685133	0,000478783	0,096392173	0,060626303	0,030323039
182	2021	0,005903252	-0,001722243	0,089545064	0,044843685	0,037099677
183	2017	0,003251979	0,006625421	0,089432907	0,032847662	0,028549303
183	2018	0,002777218	0,011861294	0,095707446	0,021856138	0,027322168
183	2019	0,001206232	0,016503965	0,10339429	0,012771758	0,021099572
183	2020	-0,000145364	0,023339542	0,104303569	0,005904541	0,007389832
183	2021	-0,003083701	0,029574881	0,101953089	0,004645646	0,018390382
184	2017	-0,005000355	0,032942285	0,105590738	0,004439212	0,035656352
184	2018	-0,007958518	0,037664932	0,121629181	0,004083996	0,054958258
184	2019	-0,000634898	0,042983653	0,128507417	0,003794646	0,05948727
184	2020	0,010048485	0,04827604	0,139111312	0,003751616	0,080584272
184	2021	0,01446796	0,043666251	0,137278986	0,003680446	0,084493252
185	2017	0,01585949	0,034196244	0,122545403	0,003563322	0,083842538
185	2018	0,016967193	0,027667363	0,114230073	0,003585856	0,087342848
185	2019	0,018395409	0,016942884	0,113887392	0,003602865	0,101930091
185	2020	0,01832535	0,010998862	0,109881465	0,003564262	0,106096048
185	2021	0,023538028	0,008189196	0,110621477	0,002692305	0,094091623
186	2017	0,026282817	0,010415103	0,094347106	0,002192481	0,085738732
186	2018	0,017560576	0,017843719	0,088059638	0,002076907	0,081035285
186	2019	0,009064242	0,024186793	0,07543364	0,001912367	0,050519043
186	2020	0,007679018	0,024215644	0,060307598	0,001756521	0,044889168
186	2021	0,002242468	0,029771925	0,060453994	0,001773476	0,038748671
187	2017	0,010898612	0,03124524	0,060519301	0,00228442	0,047955581
187	2018	0,010904763	0,032666426	0,060620929	0,002773446	0,039584111
187	2019	0,013530476	0,034938047	0,060905804	0,003400649	0,039534277
187	2020	0,008432339	0,036791211	0,047515213	0,004053664	0,023642296
187	2021	0,006009589	0,033152421	0,055631167	0,004509122	0,022592417
188	2017	0,00586348	0,023358885	0,054359032	0,004282715	0,020481272
188	2018	0,005725496	0,015430812	0,067908645	0,004120346	0,040874097
188	2019	0,004044232	0,01403509	0,077089524	0,004155285	0,035547112
188	2020	0,002315344	0,015015418	0,076091707	0,004331413	0,055442527
188	2021	-0,004707542	0,016674143	0,085913651	0,003905568	0,057427368
189	2017	-0,005111983	0,025541906	0,085617085	0,003301949	0,074193826
189	2018	-0,006627338	0,030571598	0,093122046	0,002569954	0,07169183
189	2019	-0,00429608	0,039196698	0,092595387	0,001835266	0,092613245
189	2020	-0,001723278	0,036534614	0,084809749	0,001206513	0,098706763
189	2021	-0,001464629	0,045714059	0,084529596	0,001016921	0,099838995
190	2017	0,020958009	0,044009533	0,071837485	0,001039099	0,079614375
190	2018	0,04337021	0,040638156	0,077623347	0,000875355	0,104901928
190	2019	0,062128758	0,036197152	0,090817366	0,000624015	0,087837269
190	2020	0,059035078	0,042909875	0,096169971	0,000435561	0,095547849
190	2021	0,059056012	0,042931485	0,105076501	0,000390777	0,085173182
191	2017	0,061268663	0,035218561	0,098902188	0,006207542	0,070122837
191	2018	0,058805582	0,024405497	0,101196567	0,012116499	0,053429677
191	2019	0,058833671	0,023980085	0,103319769	0,018095622	0,047352069
191	2020	0,059027843	0,011757179	0,105901659	0,023984135	0,050339156
191	2021	0,034695629	0,009800729	0,108944393	0,028952628	0,063373172
192	2017	0,011740262	0,017233076	0,110311303	0,028867087	0,038204994
192	2018	-0,007617992	0,020939922	0,112850127	0,028813416	0,058259824
192	2019	-0,007092783	0,01082119	0,110187735	0,028787722	0,06436232
192	2020	-0,00714985	0,00034637	0,118232265	0,028786236	0,066077165
192	2021	-0,009808611	0,012529227	0,126220931	0,022945001	0,076498482
193	2017	-0,007663765	0,015322979	0,129376486	0,020141988	0,076182456
193	2018	-0,009045161	0,023373561	0,13378811	0,016008157	0,071022543
193	2019	-0,010761373	0,023265312	0,131583029	0,012057238	0,066878033
193	2020	-0,015686349	0,023090986	0,13663892	0,008957839	0,074370019
193	2021	-0,015634371	0,013296016	0,133776389	0,009415272	0,090486306
194	2017	-0,000104297	0,007240679	0,117653646	0,018304045	0,075899694
194	2018	0,003785707	0,006852711	0,104584282	0,025665878	0,06532872
194	2019	0,00594428	0,006773149	0,092085286	0,032309794	0,070263941
194	2020	0,007998213	-0,0048498	0,082610527	0,038370275	0,073242107
194	2021	0,009839568	-0,007154222	0,082790588	0,040576048	0,074527063
195	2017	0,033394172	-0,015143279	0,076580303	0,039025652	0,085030816
195	2018	0,057170496	-0,014621879	0,076509347	0,037254498	0,089808884
195	2019	0,086427687	-0,019721858	0,06842885	0,035375901	0,075041538
195	2020	0,088372854	-0,019088811	0,066139874	0,035293351	0,078006435
195	2021	0,071942215	-0,019016261	0,065658154	0,026604354	0,092933029
196	2017	0,070103891	-0,012650394	0,072862506	0,019253681	0,086484905
196	2018	0,067533751	-0,006007638	0,084206568	0,015309697	0,077414482
196	2019	0,063128214	-0,002183504	0,101135078	0,010821949	0,082381564
196	2020	0,067987366	0,005897526	0,107608825	0,005708252	0,077407777
196	2021	0,052092849	0,010490617	0,107618825	0,005638049	0,066589645
197	2017	0,033689403	0,009864606	0,112004542	0,005506662	0,07284279
197	2018	0,014349956	0,020187214	0,121377868	0,005421084	0,076747554
197	2019	0,014011287	0,020232403	0,124633925	0,005121586	0,065335982
197	2020	0,014932132	0,020266617	0,134947726	0,004971727	0,057715221
197	2021	0,015112416	0,014522245	0,12844218	0,005224117	0,066450178
198	2017	0,02185931	0,008208867	0,120080542	0,004106641	0,0621425
198	2018	0,026173032	0,003894321	0,103018555	0,003955568	0,052261869
198	2019	0,021404539	-0,004651909	0,099347347	0,005490065	0,065082967
198	2020	0,017322094	-0,009432598	0,098592483	0,007027678	0,075736931
198	2021	0,015030892	0,001871419	0,094403093	0,008521172	0,071754925
199	2017	0,012133561	-0,002846612	0,085091017	0,008492342	0,078092912
199	2018	0,008102553	-0,002962119	0,087018605	0,008493198	0,092589167
199	2019	0,007418435	-0,003169178	0,086468088	0,008531922	0,096208058
199	2020	0,009584146	-0,00346021	0,098440818	0,008368715	0,09914978
199	2021	0,000690063	-0,003541544	0,098178127	0,006886031	0,095940897
200	2017	-0,000481287	-0,003518665	0,097878277	0,007807737	0,094894938
200	2018	0,001849508	-0,003553609	0,089451415	0,007324656	0,096013085
200	2019	0,002229935	-0,003465212	0,089894158	0,006702344	0,084636583
200	2020	0,00274563	-0,014162121	0,088923831	0,006404708	0,076388956
200	2021	0,004393497	-0,014494218	0,094526614	0,00760968	0,066890043
201	2017	0,007012154	-0,01475108	0,086992617	0,007533438	0,062794739
201	2018	0,007800242	-0,015115179	0,084367458	0,007444798	0,057306453
201	2019	0,007352672	-0,0151441	0,080512453	0,012880289	0,057518339
201	2020	0,009590898	-0,015750338	0,085714529	0,017886968	0,056709255
201	2021	0,008255131	-0,016239039	0,097449535	0,020182941	0,053505425
202	2017	0,005922269	-0,00451077	0,103970547	0,019934869	0,05278724
202	2018	0,011568514	-0,004763019	0,11050936	0,019624195	0,061247223
202	2019	0,017089328	-0,005188892	0,12104483	0,020329313	0,078683102
202	2020	0,021496238	-0,005069251	0,115143921	0,021237702	0,072115113
202	2021	0,027413804	-0,004489945	0,115193175	0,021410211	0,064914579
203	2017	0,027739713	-0,004310549	0,108944737	0,031261413	0,053306051
203	2018	0,026035647	-0,004038049	0,100839689	0,034459159	0,037429559
203	2019	0,028430586	-0,003408955	0,088899721	0,037913724	0,058773035
203	2020	0,033990188	-0,002607269	0,077946671	0,040943678	0,051075451
203	2021	0,034367303	-0,014000385	0,07874714	0,045049026	0,061970728
204	2017	0,026281909	-0,011941535	0,085831014	0,064560452	0,064282891
204	2018	0,018717825	-0,008692243	0,082640632	0,07814191	0,054095497
204	2019	0,012677604	-0,004969628	0,096745125	0,088602999	0,074456693
204	2020	0,007389979	-0,002107004	0,094814852	0,100718911	0,082547229
204	2021	0,00763514	0,000923256	0,106128342	0,099858885	0,101107841
205	2017	0,00962437	0,012850755	0,104058854	0,091410392	0,095401318
205	2018	0,023019599	0,022490296	0,108555255	0,083239997	0,07563996
205	2019	0,019998767	0,029815244	0,107891375	0,076151226	0,079104662
205	2020	0,019646916	0,03379787	0,106595067	0,07175096	0,055003823
205	2021	0,034477198	0,034441998	0,093485022	0,051800937	0,034523797
206	2017	0,034033697	0,034002646	0,100646614	0,036283449	0,040250568
206	2018	0,033013974	0,033757241	0,093673551	0,023637734	0,020395732
206	2019	0,030269268	0,034899393	0,097543765	0,011349313	0,008609112
206	2020	0,029160943	0,036645364	0,086298027	0,002407264	-0,007747004
206	2021	0,027494709	0,028924593	0,088424463	0,002178208	-0,0073367
207	2017	0,0105606	0,021425213	0,093694208	0,001935636	0,012831928
207	2018	0,008826558	0,018318679	0,108879938	0,001453457	0,019542671
207	2019	0,006934344	0,015794404	0,10350921	0,000798208	0,034825906
207	2020	-0,008191785	0,019249638	0,103564921	0,00043	0,052753905
207	2021	-0,007940253	0,016112561	0,099316185	0,000441164	0,052735119
208	2017	-0,009515611	0,012953789	0,103957044	0,004751014	0,068395545
208	2018	-0,006895005	0,008465607	0,110048726	0,015885185	0,069399254
208	2019	-0,007301457	0,003468779	0,126494903	0,025787654	0,069935678
208	2020	-0,008978583	-0,000984586	0,141920827	0,035720149	0,07234078
208	2021	-0,008899376	-0,003728451	0,145826593	0,044943554	0,054446803
209	2017	-0,010630346	-0,00826619	0,146040182	0,044845211	0,062141825
209	2018	-0,012834757	-0,009670171	0,156682129	0,044789277	0,055986455
209	2019	-0,01140574	-0,015526574	0,171668929	0,044766761	0,047214853
209	2020	-0,00444761	-0,015364063	0,171351662	0,044755598	0,052589573
209	2021	-0,002441428	-0,015863217	0,159775497	0,040445748	0,047651449
210	2017	0,004528223	-0,01593813	0,143229723	0,029995392	0,04544001
210	2018	0,011385457	-0,015517218	0,124507645	0,020683522	0,046724527
210	2019	0,019582158	-0,015397021	0,105508272	0,011276929	0,056321997
210	2020	0,020456526	-0,01503267	0,092116461	0,002443897	0,060092401
210	2021	0,019120744	-0,01506012	0,077069478	0,002955372	0,050298528
211	2017	0,023050808	-0,015464115	0,066628303	0,002955372	0,047376033
211	2018	0,030386457	-0,015526841	0,051418983	0,003554363	0,048643246
211	2019	0,02551786	-0,015507592	0,042154369	0,004122344	0,045401585
211	2020	0,026931155	-0,01579531	0,043326231	0,00639417	0,050500093
211	2021	0,02219382	-0,015826951	0,043716198	0,007753211	0,055118583
212	2017	0,019131177	-0,015235319	0,045092248	0,007113485	0,056146612
212	2018	0,027151402	-0,015084048	0,047708474	0,006531551	0,054731178
212	2019	0,029980071	-0,014833409	0,047517008	0,005993129	0,07539808
212	2020	0,039924421	-0,014860517	0,047071277	0,005481655	0,06842902
212	2021	0,037328149	-0,015059492	0,061847711	0,005481655	0,07841344
213	2017	0,036770034	-0,009270793	0,066775542	0,005034327	0,072752571
213	2018	0,038359775	-0,001477964	0,066726126	0,004623339	0,077557254
213	2019	0,041077423	0,009960692	0,065094672	0,002491492	0,074193981
213	2020	0,039222562	0,021012675	0,064719563	0,001939847	0,070910609
213	2021	0,038526753	0,020150902	0,06560745	0,00329954	0,070899423
214	2017	0,038722729	0,027256381	0,073056002	0,005100807	0,083240159
214	2018	0,038462756	0,034414723	0,081211307	0,006677642	0,069230579
214	2019	0,039876076	0,043777359	0,088021492	0,008124367	0,072191461
214	2020	0,053495037	0,05226668	0,079159502	0,009236491	0,071486556
214	2021	0,04747425	0,047081113	0,081172688	0,009084828	0,077045436
215	2017	0,045425348	0,039880072	0,081323635	0,016229103	0,064419539
215	2018	0,043681225	0,029167818	0,097886208	0,023149154	0,069115871
215	2019	0,050196273	0,01842488	0,110143855	0,02797742	0,071357641
215	2020	0,050279587	0,019013863	0,11648593	0,032200849	0,062160694
215	2021	0,037200228	0,011692732	0,124582144	0,035530419	0,055217153
216	2017	0,034668441	0,004457711	0,12425167	0,033953584	0,047864172
216	2018	0,025163118	-0,004852745	0,131492434	0,03252022	0,055873311
216	2019	0,013848419	-0,013398369	0,141185433	0,03141624	0,045966325
216	2020	0,014012199	-0,013605217	0,143048572	0,031419715	0,036417297
216	2021	0,010971144	-0,013442529	0,14307168	0,024129519	0,040536629
217	2017	0,009002762	-0,013685394	0,128446597	0,017069489	0,035546638
217	2018	0,000204195	-0,013874337	0,120977806	0,010750011	0,044916864
217	2019	0,006896596	-0,013865134	0,118178333	0,005166889	0,052026647
217	2020	0,006447096	-0,014349798	0,108793529	3,60521E-05	0,056380669
217	2021	0,008786687	-0,014497947	0,101005194	3,60521E-05	0,055790468
218	2017	0,011995604	-0,014221304	0,086745414	0,00049409	0,064677311
218	2018	0,012287362	-0,006348553	0,070149433	0,001377615	0,063612204
218	2019	0,010013468	0,000546463	0,061866005	0,002216207	0,069825318
218	2020	0,026407791	0,007768349	0,067430042	0,002991915	0,074050084
218	2021	0,027070958	0,014331688	0,065141601	0,003724116	0,074867092
219	2017	0,030144495	0,014013936	0,060778296	0,005253111	0,083029086
219	2018	0,018807055	0,014046088	0,064133855	0,006888378	0,083485746
219	2019	0,015703487	0,014772893	0,071720611	0,008444502	0,083971642
219	2020	0,018742438	0,014402356	0,078537092	0,009822172	0,099026673
219	2021	0,025581817	0,022102123	0,079489195	0,010265992	0,105136199
220	2017	0,022098338	0,017775408	0,084399334	0,009374323	0,110420754
220	2018	0,022163732	0,015081765	0,088942323	0,008532256	0,108876924
220	2019	0,007083619	0,011608023	0,087742043	0,007745476	0,094833418
220	2020	0,006318002	0,00995748	0,087834909	0,007013274	0,089423356
220	2021	0,004972721	0,012705572	0,094982318	0,00548428	0,061081053
221	2017	0,007347073	0,012140363	0,08808306	0,003849012	0,068119444
221	2018	0,006823356	0,011803163	0,081901884	0,002292888	0,053657057
221	2019	0,000279916	0,012052121	0,091165709	0,000915219	0,040055649
221	2020	-0,0095859	0,004028947	0,101348537	-1,65762E-17	0,02460604
221	2021	-0,010382203	0,000833841	0,1079299	-1,65762E-17	0,019575363
222	2017	-0,003717605	-0,003750401	0,102841893	0,000114873	0,041444792
222	2018	-0,00210855	-0,008085533	0,111604441	0,00020269	0,036376962
222	2019	0,005220765	-0,013193344	0,128727308	0,000261267	0,040009433
222	2020	0,006557642	-0,015639075	0,132408874	0,000301994	0,042864698
222	2021	0,004035134	-0,015305248	0,147397781	0,000325239	0,038170358
223	2017	0,012413087	-0,014968901	0,140707012	0,002095896	0,028708642
223	2018	0,013447718	-0,014968687	0,136827672	0,003832402	0,026801993
223	2019	0,011903583	-0,014650697	0,140709701	0,00568253	0,023525087
223	2020	0,015969879	-0,014367616	0,146541256	0,007645494	0,03981097
223	2021	0,008653242	-0,014305489	0,161032269	0,015595058	0,031007746
224	2017	0,018609646	-0,014453175	0,147909068	0,016216889	0,049933688
224	2018	0,013597714	-0,014416218	0,138812746	0,018024572	0,052260875
224	2019	0,013731175	-0,014988553	0,140288403	0,020022347	0,069825827
224	2020	0,018384155	-0,014509444	0,135331693	0,021698824	0,070528782
224	2021	0,017723797	-0,00681624	0,13538885	0,021710154	0,096841262
225	2017	0,020621608	-0,006839246	0,120903096	0,02011293	0,091113528
225	2018	0,024866614	-0,007055004	0,105056437	0,018406083	0,083824246
225	2019	0,025353075	-0,007313235	0,08776031	0,018975048	0,076574859
225	2020	0,027989206	-0,007642941	0,071171493	0,012263753	0,069772335
225	2021	0,015061501	-0,007404267	0,067834067	0,012520741	0,061260184
226	2017	0,018896004	-0,007364077	0,077171287	0,010654481	0,046671117
226	2018	0,017976525	-0,006615703	0,071475824	0,008713656	0,046268041
226	2019	0,025274752	-0,007205341	0,073062299	0,007094448	0,046873273
226	2020	0,025398901	-0,015187959	0,083294241	0,005405196	0,022717638
226	2021	0,023487123	-0,015192911	0,093686237	0,005299721	0,032836996
227	2017	0,021531767	-0,010067372	0,104524817	0,005156441	0,050673706
227	2018	0,019020685	-0,002427371	0,116884963	0,002624512	0,057291459
227	2019	0,017055532	0,006097666	0,129185202	0,001271369	0,049971313
227	2020	0,017984596	0,010039615	0,146967404	0,000304733	0,040404975
227	2021	0,011819335	0,013795046	0,144353697	0,00036211	0,050034669
228	2017	0,010684551	0,017980622	0,146064666	0,000264433	0,040141042
228	2018	0,001812414	0,018397296	0,149879097	0,00018392	0,038084141
228	2019	-0,003910538	0,01839701	0,147413387	9,1184E-05	0,059268936
228	2020	-0,003336835	0,018692329	0,152382798	5,73769E-05	0,070835683
228	2021	-0,002890924	0,02484015	0,153595579	5,73769E-05	0,072025794
229	2017	0,006698944	0,017481613	0,141484757	0,000172655	0,060881709
229	2018	-0,000532791	0,00954024	0,13068846	0,000266781	0,05644854
229	2019	-0,002541935	0,005652575	0,115349017	0,000359021	0,063917926
229	2020	-0,000692707	0,002014716	0,105866307	0,000399091	0,058224823
229	2021	-0,00112338	-0,002298104	0,096775471	0,000485515	0,058928402
230	2017	-0,001609779	0,00108244	0,090372349	0,000616441	0,063814829
230	2018	-0,001403184	0,00535674	0,095938477	0,000724035	0,052556834
230	2019	-0,002977783	0,008401748	0,090007922	0,000804721	0,031273047
230	2020	-0,003145163	-0,000522775	0,088340178	0,000869622	0,026557892
230	2021	-0,012723068	0,002118985	0,098291077	0,000817201	0,021581827
231	2017	0,016866755	0,001808246	0,096580087	0,000723075	0,045553736
231	2018	0,023869157	0,002031128	0,09452068	0,000630836	0,045819089
231	2019	0,023493415	0,001685593	0,08767106	0,000533388	0,061267276
231	2020	0,033240564	0,001482042	0,089424568	0,003231868	0,059332522
231	2021	0,039587099	-0,002291971	0,079610068	0,018333019	0,055631351
232	2017	0,038013825	0,002753952	0,065510301	0,018225425	0,05661102
232	2018	0,038858697	-0,000196615	0,057319258	0,018144739	0,071716457
232	2019	0,037468322	-0,002338565	0,0509639	0,018079838	0,067483133
232	2020	0,046452557	-0,005033922	0,045290806	0,018078924	0,071537939
232	2021	0,045862346	-0,004727788	0,05118618	0,018131124	0,052387395
233	2017	0,047306419	-0,001194953	0,053239655	0,018131124	0,044308543
233	2018	0,043591287	0,008393019	0,05588061	0,018131124	0,026669099
233	2019	0,034853064	0,010357676	0,06825314	0,015346221	0,026791742
233	2020	0,026518678	0,012202857	0,068152911	0,000197023	0,037399745
233	2021	0,028276512	0,004791662	0,077515181	0,0005964	0,046224276
234	2017	0,030457469	0,004837619	0,073404539	0,001177074	0,039121857
234	2018	0,046916767	0,015374799	0,065838105	0,001662265	0,049064203
234	2019	0,040725018	0,023704841	0,057063194	0,001904887	0,051936988
234	2020	0,034416645	0,030035456	0,048231097	0,001994631	0,05142177
234	2021	0,030308588	0,0298501	0,0438734	0,002041265	0,051142699
235	2017	0,038508131	0,024381377	0,04315819	0,002041265	0,054139296
235	2018	0,042485005	0,025818031	0,029477028	0,002041265	0,074714003
235	2019	0,052099043	0,027873305	0,027726	0,002293469	0,068889223
235	2020	0,058197982	0,032959995	0,016747644	0,001894093	0,057852924
235	2021	0,061059297	0,038762942	0,022554016	0,001313418	0,059551356
236	2017	0,052095413	0,027661036	0,027680306	0,002498637	0,038874505
236	2018	0,047860126	0,018913113	0,032131219	0,003948074	0,048239101
236	2019	0,030769267	0,01253187	0,036689618	0,010303414	0,054401731
236	2020	0,029781008	0,013444261	0,041890676	0,016457745	0,054837597
236	2021	0,021406184	0,009841038	0,054041799	0,022602271	0,05762872
237	2017	0,015183983	0,006440055	0,054503526	0,022602271	0,040372175
237	2018	0,005970306	0,002902942	0,056399301	0,022401269	0,045699685
237	2019	-0,000261743	-0,004128013	0,058483519	0,022499681	0,056922865
237	2020	-0,006264066	-0,01030493	0,064894419	0,022562801	0,068152534
237	2021	-0,014601135	-0,010081076	0,078570681	0,020927413	0,090591239
238	2017	-0,010641825	-0,008036355	0,078478639	0,019294546	0,069751762
238	2018	-0,009351298	-0,006569165	0,077838612	0,012797262	0,059386107
238	2019	-0,010401906	-0,009438122	0,075040524	0,006596298	0,076515391
238	2020	-0,00916439	-0,00802964	0,06123624	0,000451772	0,085104062
238	2021	-8,92014E-05	-0,01242087	0,057624783	0,000451772	0,085553996
239	2017	0,001232467	-0,009923949	0,057979412	0,003625723	0,07023741
239	2018	0,000206612	-0,002368484	0,068495434	0,008390093	0,069033623
239	2019	0,007846478	0,005539393	0,061250454	0,014963345	0,059725875
239	2020	0,0110884	0,010495258	0,059855513	0,021915553	0,03791751
239	2021	0,013447052	0,011140116	0,066455228	0,029497467	0,038331564
240	2017	0,017134649	0,00997052	0,074880207	0,029501023	0,048712864
240	2018	0,017645869	0,008799382	0,084644725	0,030975574	0,052023534
240	2019	0,019275612	0,018368024	0,09400183	0,032079383	0,046870772
240	2020	0,012773043	0,03536913	0,106284165	0,032959238	0,054071929
240	2021	0,011512433	0,033013478	0,121404587	0,030344391	0,055095737
241	2017	0,012316076	0,025501582	0,121561369	0,025490731	0,042156713
241	2018	0,008127411	0,017850977	0,137465034	0,018856738	0,036266442
241	2019	0,007124456	0,012922135	0,136474145	0,011869509	0,044979719
241	2020	0,005800702	0,010672944	0,142161812	0,004166458	0,048712607
241	2021	0,004178084	0,010479689	0,145467485	0,004162903	0,04216818
242	2017	0,010705732	0,009819977	0,153155297	0,002688351	0,031540813
242	2018	0,008014004	-0,001437989	0,145831402	0,001584543	0,038765931
242	2019	0,005616868	-0,013959456	0,137064131	0,000704687	0,033932132
242	2020	0,013498256	-0,014463212	0,122282942	1,15015E-05	0,058322464
242	2021	0,012820197	-0,014865954	0,128256891	2,37979E-06	0,053590746
243	2017	0,010755227	-0,014568522	0,121181567	-1,01523E-17	0,065232459
243	2018	0,00993703	-0,014917545	0,109454959	5,43259E-05	0,070550797
243	2019	0,004589364	-0,015440503	0,097285601	5,43259E-05	0,071415646
243	2020	0,005350776	-0,015431084	0,086490827	5,43259E-05	0,076817561
243	2021	2,55908E-06	-0,015166299	0,071900169	5,43259E-05	0,08542982
244	2017	0,000516052	-0,014909407	0,071936557	0,00318383	0,0772126
244	2018	-0,000422583	-0,014950538	0,079102364	0,00616319	0,08169025
244	2019	-0,008497046	-0,015152017	0,085131583	0,009344625	0,052616264
244	2020	-0,009452867	-0,014769023	0,075007961	0,012174972	0,066222755
244	2021	-0,00194259	-0,015361651	0,075825159	0,0134487	0,075414347
245	2017	-0,001688025	-0,01185474	0,08392451	0,014110731	0,060153926
245	2018	-0,001049472	-0,008362344	0,092316681	0,01473947	0,079704071
245	2019	-0,003557628	-0,00899071	0,0997222	0,015873487	0,074096962
245	2020	-0,003561674	0,000951109	0,112958941	0,016990475	0,076505044
245	2021	0,00650816	0,005883206	0,123042062	0,016007777	0,087888663
246	2017	0,006521284	0,006172577	0,115541981	0,013514515	0,068619795
246	2018	0,007710189	0,006734309	0,108861563	0,010841414	0,076836589
246	2019	0,008949291	0,007044899	0,101936517	0,008544866	0,069663905
246	2020	0,007585788	0,007091437	0,093087862	0,007828426	0,048964464
246	2021	0,007207942	0,003838203	0,085257528	0,007661087	0,058551202
247	2017	0,010853773	0,000607043	0,077156147	0,00707893	0,037864421
247	2018	0,013434636	0,001307205	0,069813808	0,005981131	0,032060371
247	2019	0,015854681	-0,008465436	0,05652613	0,004923479	0,023711741
247	2020	0,009611511	-0,013108968	0,052287159	0,002851504	0,00791125
247	2021	0,005025875	-0,003650991	0,052131761	0,002571103	0,027065512
248	2017	0,00349366	-0,004242872	0,066370384	0,009692052	0,022540038
248	2018	0,004012367	-0,004920332	0,074889003	0,016122241	0,028727659
248	2019	0,003731775	-0,004969839	0,086843739	0,022121893	0,029100943
248	2020	0,004142091	-0,004882492	0,100854807	0,029071531	0,040680692
248	2021	0,003681451	-0,004681141	0,101233765	0,035496217	0,04667712
249	2017	0,002999404	-0,004740618	0,108044293	0,055543499	0,070702185
249	2018	0,003198633	-0,005040075	0,118271462	0,070529293	0,081877153
249	2019	-0,001810801	-0,005617655	0,127088162	0,084546427	0,081791887
249	2020	0,007565991	-0,01524634	0,135994975	0,09796611	0,061184235
249	2021	0,009867348	-0,02016021	0,122211122	0,097688164	0,064306712
250	2017	0,00957807	-0,016030779	0,11399676	0,090724176	0,071685515
250	2018	0,003362767	-0,01243873	0,109746864	0,084167236	0,078978329
250	2019	0,003749898	-0,008581217	0,104760801	0,07666858	0,072346992
250	2020	0,002215341	-0,006244192	0,112220227	0,070197312	0,083152651
250	2021	0,000360761	-0,002264212	0,117016147	0,050113812	0,080096602
251	2017	0,002512234	-0,001950561	0,106463458	0,03728706	0,06312731
251	2018	0,017621583	-0,001825506	0,100737419	0,025734841	0,064329328
251	2019	0,03380954	-0,001815383	0,098197718	0,014548035	0,087679619
251	2020	0,042223339	0,002944802	0,113581389	0,009525311	0,08661322
251	2021	0,044852912	0,009141624	0,130489577	0,01157645	0,080162624
252	2017	0,050589427	0,005840315	0,132546973	0,016417725	0,066314731
252	2018	0,056374985	0,002344355	0,13952024	0,021058272	0,051795808
252	2019	0,055779122	4,77949E-06	0,146870966	0,024969447	0,047974999
252	2020	0,055099473	-0,004563728	0,148271458	0,028244121	0,03979906
252	2021	0,049057817	-0,004623548	0,156247144	0,029014154	0,033966327
253	2017	0,037116484	-0,002908133	0,147321002	0,030593547	0,053827019
253	2018	0,019258531	-0,001124459	0,141409763	0,031784628	0,040865156
253	2019	0,011102003	0,001653046	0,125773192	0,032940389	0,050392925
253	2020	0,008940722	-0,005219377	0,109076799	0,034438605	0,046234476
253	2021	0,003520037	-0,002331685	0,105939143	0,032721786	0,069724214
254	2017	0,010203308	0,001827372	0,089799456	0,031944162	0,093783801
254	2018	0,030031219	0,008637029	0,07490156	0,031365011	0,090074498
254	2019	0,046320436	0,017411819	0,062113412	0,031448821	0,083046066
254	2020	0,060802458	0,02550668	0,054463278	0,032069466	0,086642424
254	2021	0,075822398	0,027697376	0,063020426	0,027952779	0,070718129
255	2017	0,09055987	0,025571492	0,063019033	0,024323123	0,057624333
255	2018	0,103722149	0,023484213	0,063493472	0,021007385	0,041301551
255	2019	0,110464249	0,020686125	0,063705305	0,017608457	0,044887551
255	2020	0,128462045	0,017877549	0,072408677	0,014621194	0,034520261
255	2021	0,131035557	0,013150729	0,083673333	0,010872675	0,023145029
256	2017	0,113072241	0,007906436	0,086838131	0,007540651	0,015522303
256	2018	0,098479432	0,001441914	0,090861153	0,004182167	0,017725732
256	2019	0,085120837	-0,005013846	0,090213879	0,000573111	0,020208024
256	2020	0,066814198	-0,00694628	0,080756978	0,00057066	0,009911723
256	2021	0,054020816	-0,004734159	0,081768337	0,00057066	0,019836304
257	2017	0,040576566	-0,002721286	0,088296406	0,000434363	0,028025645
257	2018	0,033797024	-0,000663546	0,099331607	0,000312255	0,026889072
257	2019	0,016868001	0,002448909	0,090775406	0,000198439	0,024881666
257	2020	0,00215433	0,006802791	0,095352469	0,000104061	0,034217967
257	2021	0,00771222	0,007340311	0,103561671	0,000118827	0,037811582
258	2017	0,006369721	0,005782929	0,115355333	0,000118827	0,037728704
258	2018	0,017413371	0,013619641	0,122370776	0,000118827	0,048395907
258	2019	0,019023834	0,019153998	0,123264008	0,000118827	0,05317103
258	2020	0,017438313	0,023179402	0,122266088	0,000118827	0,051203287
258	2021	0,024666251	0,021177556	0,115714289	8,64879E-05	0,040689542
259	2017	0,037464386	0,024778229	0,116647405	0,016171255	0,046581342
259	2018	0,03832671	0,026997425	0,124273489	0,032855431	0,033243832
259	2019	0,040117569	0,030406877	0,117560926	0,049615491	0,030679217
259	2020	0,03547847	0,034559122	0,115286574	0,064337749	0,02706603
259	2021	0,037113223	0,03965418	0,105516865	0,074639107	0,040188433
260	2017	0,030549678	0,029626234	0,1085991	0,074639107	0,02665898
260	2018	0,031643434	0,02200532	0,114530422	0,074639107	0,033528825
260	2019	0,029856843	0,016352893	0,128920571	0,074639107	0,044283708
260	2020	0,026452977	0,015994056	0,140129412	0,074639107	0,04572287
260	2021	0,011816441	0,010011003	0,143213918	0,058526021	0,028427474
261	2017	0,011581959	0,004313804	0,128095479	0,041910708	0,040686852
261	2018	0,022893564	-0,003251413	0,128906553	0,02520866	0,036308799
261	2019	0,027592016	-0,009968685	0,128251744	0,010542578	0,039105888
261	2020	0,034154817	-0,01581198	0,134556819	0,000302312	0,030664554
261	2021	0,030179088	-0,016009914	0,140490423	0,000353483	0,031150332
262	2017	0,030711915	-0,015807219	0,141736329	0,000948762	0,032310235
262	2018	0,031542957	-0,016188008	0,144039138	0,00113941	0,021797424
262	2019	0,028039504	-0,015755283	0,132819771	0,001309782	0,027650285
262	2020	0,02993694	-0,015227452	0,126129026	0,001467264	0,048251998
262	2021	0,028142595	-0,00357256	0,126104481	0,001472019	0,047166744
263	2017	0,014118914	-0,001729363	0,116733665	0,001393981	0,041397341
263	2018	0,006411765	0,000213101	0,115021036	0,00132304	0,047631123
263	2019	-0,002086197	0,002171772	0,102884065	0,001261948	0,045102516
263	2020	-0,005330959	0,005314625	0,087645393	0,001210777	0,04972764
263	2021	-0,005550999	0,008635044	0,08032358	0,001548416	0,044589995
264	2017	-0,006133613	0,010512457	0,070817964	0,001408424	0,049260919
264	2018	-0,007428679	0,01295703	0,081585129	0,001338046	0,068328917
264	2019	-0,008621848	0,014729482	0,083388527	0,00133593	0,055493054
264	2020	-0,011164008	0,008125228	0,094595798	0,001378003	0,057872839
264	2021	-0,012048426	0,011317704	0,109740155	0,0014873	0,054830716
265	2017	-0,009459997	0,018075292	0,103080286	0,004184988	0,046078337
265	2018	-0,007054667	0,024434154	0,109955697	0,01104178	0,048694548
265	2019	-0,008561104	0,030211652	0,117518594	0,017000923	0,047688582
265	2020	-0,01157193	0,036415168	0,123464683	0,022144013	0,040360026
265	2021	-0,013304374	0,038281871	0,116223974	0,028060873	0,050736192
266	2017	-0,005617945	0,037478624	0,105278209	0,030224681	0,033644897
266	2018	0,013963939	0,037069953	0,095192781	0,032684923	0,033208136
266	2019	0,038169272	0,033784713	0,084090621	0,035034701	0,025055073
266	2020	0,059054964	0,030521959	0,076938558	0,036736904	0,025536275
266	2021	0,059311741	0,023769919	0,091820825	0,035149472	0,036258041
267	2017	0,058304915	0,019196853	0,084935786	0,029043131	0,04005599
267	2018	0,062389232	0,013644883	0,087778823	0,023664173	0,037538602
267	2019	0,066556472	0,006413635	0,093978502	0,018105777	0,046920245
267	2020	0,073000588	0,005313116	0,100363766	0,012533716	0,026426019
267	2021	0,069639117	0,006056128	0,110231052	0,01057982	0,022690222
268	2017	0,052961228	0,006980474	0,110182129	0,014588331	0,030790513
268	2018	0,03134921	0,013271726	0,110171629	0,017727005	0,040414269
268	2019	0,012414713	0,011746139	0,116825249	0,022596826	0,042420748
268	2020	0,012283921	0,010328257	0,109547273	0,028613521	0,029875824
268	2021	0,024708198	0,007378548	0,122324921	0,034939592	0,027973411
269	2017	0,021143804	0,014709775	0,120513982	0,034370434	0,029864125
269	2018	0,017651893	0,024616958	0,11848715	0,033860962	0,039293733
269	2019	0,0117204	0,021989063	0,12593461	0,049550454	0,047195066
269	2020	0,006423991	0,018836314	0,130444947	0,06493742	0,066500283
269	2021	0,005931544	0,016288894	0,144005035	0,073637238	0,051735542
270	2017	0,011541309	0,012897472	0,144450307	0,068345442	0,062906292
270	2018	0,018822953	0,018554411	0,132623176	0,063968168	0,061996306
270	2019	0,025294277	0,017364036	0,127745867	0,059067067	0,064397018
270	2020	0,009042132	0,019273039	0,117043129	0,064427586	0,062619199
270	2021	0,011278782	0,012124676	0,1114304	0,076868023	0,06719554
271	2017	0,013405967	0,000142059	0,101227408	0,090340296	0,057038741
271	2018	0,015241668	0,000167246	0,099931987	0,085871726	0,065187979
271	2019	0,016561855	0,001068105	0,08561407	0,082818286	0,045672999
271	2020	0,021818075	0,012395425	0,071812585	0,079611991	0,064810998
271	2021	0,01750875	0,02015855	0,080783352	0,092098573	0,050292278
272	2017	0,028691843	0,01832215	0,078185748	0,090131621	0,064069955
272	2018	0,041981799	0,022120986	0,072020226	0,088000954	0,066659513
272	2019	0,060661954	0,028881089	0,072572214	0,08518603	0,081383922
272	2020	0,060956033	0,030315778	0,069036671	0,073468031	0,089539463
272	2021	0,070289129	0,033807582	0,071602915	0,06037422	0,095769706
273	2017	0,074346655	0,033649547	0,068187065	0,048970898	0,092284722
273	2018	0,078334964	0,032962753	0,080290639	0,036512665	0,112328376
273	2019	0,069714338	0,02139016	0,095743139	0,024571823	0,110200823
273	2020	0,066136419	0,008929757	0,095539827	0,011921366	0,100377982
273	2021	0,054004591	0,004564135	0,095303902	0,011754062	0,076717005
274	2017	0,032270825	0,007086808	0,098694823	0,011658879	0,067488533
274	2018	0,016725026	0,00070871	0,102235809	0,002036761	0,052854827
274	2019	0,01588441	-0,00095665	0,110920757	0,001303298	0,031855431
274	2020	0,006529776	-0,001533335	0,10865738	0,000916696	0,035828423
274	2021	0,002211296	0,003439616	0,111135042	0,000703641	0,03943438
275	2017	-0,001036811	0,005844554	0,10509829	0,000518441	0,025404952
275	2018	0,000759392	0,00575261	0,104997862	0,000341642	0,015668888
275	2019	0,002146101	0,000547844	0,106335015	0,000169791	0,037671861
275	2020	-0,004881804	0,001249418	0,11863599	-1,20226E-17	0,040718531
275	2021	-0,004597325	0,000110089	0,133467176	-1,20226E-17	0,051710347
276	2017	-0,000918605	0,001798118	0,126099804	4,19971E-05	0,047736764
276	2018	-0,002301663	0,003961969	0,116948428	7,65894E-05	0,053253706
276	2019	-0,003563684	0,009814708	0,115279297	0,000118077	0,041034969
276	2020	-0,00426283	0,011566809	0,103144744	0,000159142	0,036637093
276	2021	-0,001998418	0,012376427	0,097727205	0,000193042	0,047972499
277	2017	0,001654475	0,019917426	0,094152963	0,000197342	0,051000517
277	2018	0,001080416	0,025527618	0,092117742	0,000214175	0,03835059
277	2019	0,007707476	0,025157555	0,093974643	0,0002627	0,043559763
277	2020	0,007831772	0,020803625	0,07881774	0,000270835	0,054180555
277	2021	0,010683874	0,016261058	0,079771886	0,000262165	0,058206337
278	2017	0,013915	0,014206092	0,080539807	0,003903108	0,074129501
278	2018	0,015517059	0,00953513	0,090685303	0,007514037	0,085592437
278	2019	0,017105514	0,006226578	0,099164858	0,010631698	0,08650766
278	2020	0,014944715	0,008091278	0,098591607	0,026259376	0,073873594
278	2021	0,011261299	0,006159697	0,097997951	0,042173098	0,075939574
279	2017	0,019506256	0,014846358	0,089474198	0,044714101	0,073507777
279	2018	0,017737649	0,025894294	0,075047525	0,047243226	0,07293241
279	2019	0,019983449	0,036473245	0,075110142	0,050631116	0,062075861
279	2020	0,014554049	0,045436432	0,074822594	0,054278915	0,058667426
279	2021	0,017137477	0,050610677	0,075062887	0,054375769	0,049892666
280	2017	0,017694533	0,049718877	0,078123073	0,051127953	0,034308517
280	2018	0,023146139	0,05053313	0,081024315	0,048347302	0,025770628
280	2019	0,023445495	0,049697305	0,092166334	0,032911057	0,028836294
280	2020	0,025534421	0,047879434	0,091041649	0,01715367	0,012228045
280	2021	0,019144499	0,041236425	0,102697159	0,014718254	0,010391688
281	2017	0,030156608	0,035141401	0,102665166	0,01459792	0,010335067
281	2018	0,04274579	0,025413654	0,10292001	0,013788716	0,003478841
281	2019	0,043447669	0,021110056	0,103329459	0,012474547	0,004057951
281	2020	0,055063072	0,016761677	0,103118264	0,010741849	-0,003521422
281	2021	0,073790268	0,018262576	0,09127675	0,012290098	-0,003299689
282	2017	0,066168333	0,022180566	0,080560979	0,013197214	-0,007083073
282	2018	0,066637611	0,023966125	0,069362656	0,013924984	0,002747407
282	2019	0,064585384	0,02685771	0,06056862	0,014387921	0,012339949
282	2020	0,070266362	0,034837428	0,048192827	0,014717212	0,013423753
282	2021	0,053231625	0,039276164	0,04875808	0,012526165	0,021646224
283	2017	0,040089083	0,038114317	0,060832483	0,010475985	0,018724781
283	2018	0,038801487	0,028461563	0,073526316	0,008758337	0,032571517
283	2019	0,042263402	0,025097402	0,085005415	0,007289915	0,045266367
283	2020	0,023146127	0,031766744	0,096324667	0,005365178	0,039587776
283	2021	0,027881922	0,032318256	0,096246163	0,004095826	0,066154616
284	2017	0,026467222	0,0312831	0,096391811	0,003660042	0,045524412
284	2018	0,035708495	0,033683881	0,094986397	0,003563058	0,047164962
284	2019	0,028151653	0,029740621	0,095293487	0,00338065	0,046455121
284	2020	0,027122669	0,02095476	0,094626853	0,003316748	0,054404672
284	2021	0,031574287	0,029555813	0,081904161	0,002981873	0,069760423
285	2017	0,031084238	0,036435577	0,069213063	0,002332563	0,058261977
285	2018	0,018434143	0,036189786	0,064074061	0,001761294	0,041037369
285	2019	0,026743683	0,024389499	0,059751074	0,001733181	0,0650725
285	2020	0,03200182	0,015927026	0,05972986	0,001717342	0,041370036
285	2021	0,032592929	0,011214415	0,074627749	0,001200023	0,045272899
286	2017	0,025570677	0,002732269	0,074937631	0,001432828	0,043925984
286	2018	0,028831149	-0,003715197	0,075308067	0,001896204	0,04427426
286	2019	0,030244423	-0,004322735	0,084161559	0,002432816	0,03705108
286	2020	0,02573151	-0,012876025	0,084923159	0,002987282	0,023852752
286	2021	0,030029026	-0,020185799	0,091383073	0,003888529	0,020653042
287	2017	0,022645706	-0,020358478	0,084525938	0,007205896	0,024423426
287	2018	0,013964748	-0,020618991	0,076981086	0,010293238	0,006024062
287	2019	0,005900587	-0,020716558	0,07622382	0,013179711	0,011951642
287	2020	0,004792444	-0,020849418	0,062432851	0,016140645	0,014611943
287	2021	0,006342632	-0,021420115	0,062644576	0,01845629	0,014065074
288	2017	0,005220147	-0,011001962	0,069311306	0,018519501	0,009785598
288	2018	0,006172946	-0,010641863	0,074181917	0,018387155	0,001540948
288	2019	0,010611217	-0,010044702	0,086364778	0,018060341	0,008676238
288	2020	0,013603705	-0,004603741	0,091339783	0,017525876	-0,00010563
288	2021	0,015073254	-0,004597036	0,105850238	0,014456322	0,012161042
289	2017	0,012243999	-0,004216946	0,107397337	0,011393106	0,020969654
289	2018	0,009905532	-0,004265335	0,108007682	0,008506633	0,013365888
289	2019	0,017153051	-0,004531506	0,106726147	0,005545699	0,011672694
289	2020	0,02055586	-0,003992846	0,106589928	0,002470661	0,008583646
289	2021	0,020710673	-0,014001281	0,109090909	0,001674771	0,018709756
290	2017	0,023195407	-0,014294895	0,107593303	0,001073651	0,033448697
290	2018	0,018298409	-0,014168777	0,105009573	0,000679142	0,05039554
290	2019	0,013732712	-0,013836954	0,089492746	0,000341995	0,050360382
290	2020	0,010917315	-0,013957695	0,071053106	9,41818E-05	0,032038161
290	2021	0,02001037	-0,013655371	0,066378748	7,00558E-05	0,018430374
291	2017	0,02388575	-0,00939354	0,065718698	0,001453301	0,022287378
291	2018	0,019428503	-0,006464816	0,070393855	0,002653746	0,020489755
291	2019	0,034452343	-0,004014003	0,075376232	0,003898812	0,029378591
291	2020	0,051896817	-0,002103018	0,069521595	0,004689034	0,015463644
291	2021	0,067641848	-0,000121998	0,063297928	0,00523903	0,00378143
292	2017	0,06791847	-0,006206347	0,050860202	0,006041521	-0,01968498
292	2018	0,062003351	-0,003229684	0,051655734	0,006857773	-0,014240634
292	2019	0,06627852	0,003372497	0,05403093	0,007859344	0,003855841
292	2020	0,080155221	0,00167575	0,055290871	0,007859344	0,022502489
292	2021	0,096855834	0,003632404	0,053919361	0,006476099	0,032576705
293	2017	0,095402219	0,001332376	0,048564341	0,007382382	0,043021724
293	2018	0,074919307	-0,001624912	0,042670933	0,009261577	0,048230135
293	2019	0,062883367	-0,003962154	0,038581968	0,009631012	0,063898042
293	2020	0,044427482	-0,0060528	0,032542702	0,010798558	0,062354183
293	2021	0,040097681	-0,000295298	0,04346565	0,01123433	0,06957174
294	2017	0,043080879	-0,003540614	0,051163643	0,011748611	0,085749585
294	2018	0,056538746	-0,015652765	0,052516511	0,012304077	0,083152207
294	2019	0,037997624	-0,014417201	0,059437407	0,013757502	0,076177249
294	2020	0,01678221	-0,020602881	0,061167914	0,01439654	0,070581007
294	2021	0,009636999	-0,020953021	0,066766831	0,012770168	0,077581329
295	2017	0,010045592	-0,020471175	0,067548009	0,009722403	0,069973935
295	2018	0,003699463	-0,020089495	0,068311239	0,008562745	0,062376138
295	2019	0,001256906	-0,020181768	0,078590051	0,00683969	0,06661521
295	2020	0,01202149	-0,020082513	0,081367337	0,00556652	0,076888808
295	2021	0,01998158	-0,019625083	0,089283131	0,004206351	0,078110466
296	2017	0,00493874	-0,005492831	0,097921109	0,002831627	0,088920276
296	2018	0,003315508	0,001305926	0,106901222	0,001626014	0,079486562
296	2019	0,006578504	0,007406542	0,118595572	0,001291715	0,075031025
296	2020	0,013889245	0,014526221	0,12978997	0,00111549	0,067363893
296	2021	0,012146604	0,020899159	0,139777139	0,001438415	0,066632669
297	2017	0,034089012	0,015118298	0,138972552	0,001939846	0,066580258
297	2018	0,033852749	0,015264862	0,128291103	0,002246241	0,062640319
297	2019	0,027581323	0,015023393	0,120159441	0,002316122	0,0586064
297	2020	0,034318034	0,014888111	0,109741043	0,002358952	0,044957254
297	2021	0,036427587	0,017289111	0,105122017	0,002206778	0,031424733
298	2017	0,034684478	0,017158789	0,091924736	0,006607077	0,031047712
298	2018	0,041392482	0,017638041	0,087170199	0,010998485	0,033722121
298	2019	0,039467406	0,016684443	0,071173973	0,014430531	0,02583437
298	2020	0,03843101	0,013802127	0,060962162	0,017706928	0,02164118
298	2021	0,016544141	0,025264327	0,069253762	0,020585145	0,026706644
299	2017	0,031175603	0,02583656	0,070800178	0,021201063	0,01651929
299	2018	0,036114937	0,036743019	0,067174686	0,022450355	0,010043119
299	2019	0,028858947	0,046807562	0,064693474	0,024051593	0,0237468
299	2020	0,034346271	0,044680408	0,060752366	0,025644548	0,013173073
299	2021	0,039121196	0,044969848	0,060440758	0,022414672	0,02272278
300	2017	0,047248497	0,043857491	0,053798516	0,021920842	0,025799957
300	2018	0,063521635	0,042770476	0,053432296	0,022246433	0,041347086
300	2019	0,065638724	0,041335768	0,053484941	0,022396444	0,041202546
300	2020	0,068544837	0,037833266	0,045976494	0,020466298	0,041038683
300	2021	0,064363568	0,03956001	0,045166324	0,022246053	0,06468299
301	2017	0,073217002	0,029151608	0,046233778	0,023668542	0,075042157
301	2018	0,073914652	0,018447366	0,047470815	0,025282605	0,060651983
301	2019	0,07301219	0,022383656	0,049038242	0,027396403	0,067722947
301	2020	0,072592112	0,015978086	0,050786626	0,029725888	0,068173348
301	2021	0,059817371	0,011070484	0,052312717	0,029378514	0,062299813
302	2017	0,045988585	0,011742897	0,065876388	0,031917748	0,047977732
302	2018	0,053172862	0,015620187	0,073137047	0,032808163	0,061553608
302	2019	0,057065372	0,018904602	0,087501335	0,035201047	0,051457684
302	2020	0,049919098	0,021794498	0,099259987	0,034807155	0,030146589
302	2021	0,035383217	0,025879584	0,115326799	0,035208241	0,020091829
303	2017	0,03067954	0,029314252	0,112801598	0,040651805	0,011851637
303	2018	0,023410382	0,018995492	0,109979168	0,045158271	0,010382698
303	2019	0,022450043	0,020931655	0,106327656	0,048684239	0,000240414
303	2020	0,021764009	0,022648573	0,103198985	0,050896574	-0,005220539
303	2021	0,021246996	0,019022393	0,087682495	0,049515491	-0,00763176
304	2017	0,012797429	0,013053931	0,091298189	0,046560735	-0,005239261
304	2018	0,005817766	0,01837576	0,087288584	0,044136857	0,007292439
304	2019	0,005478114	0,025854991	0,085792151	0,043074595	0,019860682
304	2020	0,004679725	0,028419556	0,078067344	0,041229122	0,029960461
304	2021	0,001473515	0,031696307	0,080031802	0,033842164	0,033494039
305	2017	0,006568506	0,037591027	0,091327717	0,025772021	0,039659321
305	2018	0,009752853	0,045952923	0,107538917	0,018940238	0,043697759
305	2019	0,01203452	0,04413566	0,109325627	0,013449704	0,066889491
305	2020	0,013248145	0,042538522	0,111691156	0,008724909	0,067560924
305	2021	0,016710167	0,054443433	0,101024946	0,007286091	0,063465346
306	2017	0,016531661	0,047454125	0,090533733	0,006502224	0,064263385
306	2018	0,018671224	0,038189628	0,080490799	0,005941308	0,054800986
306	2019	0,016925307	0,036020765	0,074531841	0,005392283	0,044077456
306	2020	0,013995031	0,037514998	0,076637062	0,007406513	0,053270805
306	2021	0,016451661	0,038798579	0,069924274	0,010211261	0,060820739
307	2017	0,014152299	0,032450791	0,062435028	0,009912719	0,060616544
307	2018	0,011100186	0,038017982	0,0625539	0,009695949	0,038000103
307	2019	0,012260786	0,04354088	0,062684242	0,009452808	0,040249013
307	2020	0,016685279	0,037944936	0,062707714	0,00928117	0,044425943
307	2021	0,029052113	0,041595703	0,062605194	0,008786371	0,03807623
308	2017	0,029712229	0,038430005	0,073653535	0,009488226	0,055846112
308	2018	0,028389709	0,044485657	0,076785684	0,0101046	0,046002572
308	2019	0,024393232	0,04316446	0,074595139	0,00787601	0,039479747
308	2020	0,016244537	0,037864188	0,085600503	0,005843479	0,041317337
308	2021	0,019849014	0,035959005	0,079041244	0,006690973	0,055927355
309	2017	0,021819719	0,035975511	0,077067979	0,009037341	0,07601216
309	2018	0,026103292	0,037677844	0,074909032	0,011059806	0,091388951
309	2019	0,019700572	0,036553791	0,073075783	0,01296478	0,07144643
309	2020	0,008206251	0,032428683	0,070662119	0,01447808	0,067447266
309	2021	0,007044759	0,035952849	0,056101639	0,014335669	0,052264305
310	2017	0,031849583	0,035170069	0,050430526	0,013550343	0,072621893
310	2018	0,044869189	0,022837125	0,049676889	0,013083313	0,089198045
310	2019	0,042943267	0,030588528	0,035445683	0,012732845	0,074117018
310	2020	0,056570263	0,035938933	0,035043665	0,012318671	0,064262003
310	2021	0,052096041	0,036676173	0,036518605	0,010161573	0,064659874
311	2017	0,050940191	0,038442582	0,049782787	0,023315655	0,05307235
311	2018	0,04951014	0,043944992	0,061337923	0,0366205	0,054901472
311	2019	0,051358581	0,040568195	0,070274918	0,047056542	0,052191085
311	2020	0,050645029	0,047218608	0,085009016	0,05800873	0,044304523
311	2021	0,030557355	0,037221854	0,094066388	0,068537121	0,031924691
312	2017	0,026251856	0,043203663	0,094365388	0,069803955	0,020129781
312	2018	0,030647551	0,031525979	0,094728013	0,070816802	0,023179324
312	2019	0,008918281	0,023975047	0,094677831	0,071417683	0,027672698
312	2020	0,007629799	0,017197093	0,094450391	0,072036964	0,011463956
312	2021	0,010634007	0,007672419	0,084206643	0,057537288	0,011696735
313	2017	0,012270765	0,005857042	0,074299092	0,042202068	0,026874233
313	2018	0,010063936	0,017070457	0,083290041	0,030129124	0,034902131
313	2019	0,013664091	0,006869308	0,081329721	0,017941973	0,044017667
313	2020	0,013832011	0,006691042	0,085136879	0,006840604	0,040521974
313	2021	0,013986941	0,005982321	0,092279142	0,004944243	0,034989801
314	2017	0,038242262	0,010220157	0,09512085	0,003336433	0,035319808
314	2018	0,066791881	0,013367446	0,092777987	0,002158871	0,021718145
314	2019	0,071951195	0,01670281	0,088931898	0,000990343	0,016680723
314	2020	0,087120847	0,019626293	0,085394402	6,14911E-05	0,007049152
314	2021	0,109612265	0,01258437	0,08242853	3,5858E-05	0,00057493
315	2017	0,107104172	0,003023366	0,06768605	0,002602944	0,000724188
315	2018	0,102819058	0,007840488	0,057895089	0,004925941	-0,003605901
315	2019	0,098193038	0,014958773	0,044565516	0,007101253	-0,003304335
315	2020	0,088739922	0,019940927	0,037427642	0,007231295	0,010735999
315	2021	0,067448748	0,022307575	0,048175185	0,007336646	0,01284206
316	2017	0,053576349	0,019099364	0,047030984	0,023545059	0,027595618
316	2018	0,064786168	0,015702331	0,047792058	0,037195697	0,038653992
316	2019	0,042191711	0,01280386	0,046798167	0,048911267	0,047672314
316	2020	0,036674856	0,010522502	0,046087125	0,057548046	0,053534863
316	2021	0,040639469	0,008582579	0,04226596	0,064022735	0,049349574
317	2017	0,041798021	0,003143142	0,04556479	0,062771252	0,053671208
317	2018	0,042274313	-0,004167107	0,047434792	0,061667468	0,048065611
317	2019	0,049563612	-0,008641234	0,050405284	0,062599398	0,040914196
317	2020	0,044521248	-0,015320663	0,039681977	0,06354928	0,032524063
317	2021	0,032171272	-0,015226101	0,046582017	0,048545134	0,025990287
318	2017	0,020571205	-0,014787033	0,059511253	0,035034937	0,019903231
318	2018	0,039194968	-0,014516388	0,070594711	0,023467639	0,019352541
318	2019	0,021837838	-0,014342053	0,082884375	0,014986505	0,012305606
318	2020	0,022538846	-0,014441819	0,09369509	0,006096371	0,026393165
318	2021	0,029907267	-0,013518044	0,090735141	0,005186959	0,03488737
319	2017	0,033496938	-0,004544197	0,089962821	0,004545047	0,056626898
319	2018	0,035232464	0,002799459	0,088633166	0,004913204	0,066825231
319	2019	0,037657118	0,007630808	0,087851765	0,005036859	0,072540213
319	2020	0,039199681	0,010867476	0,08590494	0,004869121	0,065106455
319	2021	0,042908722	0,013682736	0,078137748	0,005840686	0,067922874
320	2017	0,025963253	0,012953683	0,078788526	0,007810858	0,064632101
320	2018	0,026399397	0,012358677	0,080724275	0,022010958	0,059122803
320	2019	0,028080683	0,012466082	0,081876485	0,021843078	0,047661998
320	2020	0,025687343	0,011871967	0,090554417	0,021671497	0,033991173
320	2021	0,02249382	0,015598091	0,089594688	0,021235561	0,018641011
321	2017	0,019929163	0,008471426	0,096023172	0,020034982	0,007464042
321	2018	0,017241262	0,003515169	0,105042395	0,019182406	0,019537428
321	2019	0,014219884	0,000456598	0,111135768	0,018292782	0,028716469
321	2020	0,008147165	0,005701116	0,109214048	0,017314981	0,021308104
321	2021	0,002620315	0,006129084	0,101037493	0,015258986	0,021566135
322	2017	0,003914321	0,011845455	0,091064876	0,003896594	0,023183995
322	2018	0,001455948	0,018428226	0,082017935	0,006280637	0,019135467
322	2019	-0,006792074	0,025776512	0,073006286	0,008367117	0,018220954
322	2020	-0,001604349	0,019975294	0,072851015	0,009836594	0,012013371
322	2021	0,010837132	0,024484662	0,065088462	0,015286454	0,007501045
323	2017	0,027133743	0,026292477	0,054109575	0,015187535	-0,007077152
323	2018	0,030234291	0,027655541	0,053350594	0,015266232	-0,009831325
323	2019	0,032435503	0,021507027	0,053814208	0,016389503	0,010742622
323	2020	0,053789904	0,023587509	0,053716057	0,017925597	0,024425271
323	2021	0,069495122	0,02026225	0,064165843	0,016615313	0,028781906
324	2017	0,074186623	0,013649493	0,064496361	0,019546355	0,05175681
324	2018	0,075115225	0,00666148	0,073320347	0,021327803	0,060664419
324	2019	0,068848935	-0,00010481	0,073725275	0,023680283	0,067302326
324	2020	0,056921421	-0,004911712	0,073904521	0,022426198	0,083736745
324	2021	0,040833931	0,003359927	0,07410667	0,025837775	0,09806217
325	2017	0,038951385	0,006821691	0,06756461	0,025612175	0,112101485
325	2018	0,03714505	0,00731179	0,067133651	0,025157257	0,092469484
325	2019	0,016487626	0,005241506	0,072564142	0,024796469	0,095276573
325	2020	-0,000134252	0,003266583	0,061022792	0,023858624	0,105856848
325	2021	-0,006031225	0,003226982	0,060941135	0,0190727	0,100384203
326	2017	0,001028466	0,004908882	0,051717575	0,016166778	0,098627965
326	2018	0,012277581	0,008139467	0,050900922	0,013199481	0,105624076
326	2019	0,020126942	0,011549458	0,055744585	0,009620725	0,092853038
326	2020	0,023525056	0,004691719	0,059533881	0,006948583	0,093217304
326	2021	0,023999252	0,001194113	0,06456257	0,007475999	0,078687485
327	2017	0,025912517	-0,001558452	0,076617815	0,007363276	0,077560438
327	2018	0,030763969	-0,001972125	0,087245558	0,006799867	0,058926405
327	2019	0,03219084	-0,001990421	0,096108979	0,012003471	0,038988192
327	2020	0,035133208	-0,001936025	0,106387502	0,014559178	0,020665777
327	2021	0,035154484	-0,00366891	0,114319231	0,022361268	0,016724843
328	2017	0,030733119	-0,006883048	0,116224511	0,025416162	0,026598786
328	2018	0,042809999	-0,010406692	0,125498595	0,027516611	0,041825958
328	2019	0,062577627	-0,014274	0,133221544	0,029423972	0,02884449
328	2020	0,064618511	-0,016090676	0,135299619	0,031733013	0,030619435
328	2021	0,069706909	-0,005317041	0,134122601	0,033411624	0,047434221
329	2017	0,082004887	-0,004856102	0,125492058	0,033991861	0,061644086
329	2018	0,080278871	-0,004838942	0,123227512	0,02928046	0,063585029
329	2019	0,073841442	-0,004507517	0,125327667	0,027116277	0,061869117
329	2020	0,065426236	-0,004914147	0,133138247	0,01908287	0,077068409
329	2021	0,069963732	-0,004871135	0,145663147	0,015787497	0,065507626
330	2017	0,050536349	0,00107156	0,12622525	0,031470424	0,049359838
330	2018	0,028955856	0,004157721	0,109375231	0,044266323	0,053910386
330	2019	0,027847549	0,0058766	0,097083754	0,055521291	0,058659046
330	2020	0,02207168	-0,003203781	0,081280511	0,064284538	0,045750559
330	2021	0,007215633	-0,001299805	0,068564769	0,071841282	0,026157359
331	2017	0,012566007	0,005192282	0,07077545	0,071106671	0,038193972
331	2018	0,021896915	0,011496126	0,0584547	0,070619831	0,051702002
331	2019	0,028205553	0,021970484	0,043517632	0,070250018	0,049600758
331	2020	0,028573874	0,022466008	0,030078731	0,069886723	0,049078382
331	2021	0,04321928	0,025042271	0,045166064	0,051610684	0,058976649
332	2017	0,048876265	0,022779477	0,049650722	0,036076586	0,056510804
332	2018	0,053946421	0,021129248	0,053968926	0,02210236	0,050655099
332	2019	0,054456152	0,019495635	0,059904325	0,011921917	0,062228394
332	2020	0,065520076	0,01735015	0,063708708	0,003948802	0,07184169
332	2021	0,055361813	0,010850052	0,054617295	0,004338988	0,065657621
333	2017	0,041636595	0,008058663	0,053799003	0,012224063	0,055019141
333	2018	0,039823041	0,00690207	0,052886859	0,018133178	0,039119701
333	2019	0,036385328	0,017608465	0,054960661	0,024481885	0,050322376
333	2020	0,026647409	0,018953137	0,047463964	0,031256211	0,034344214
333	2021	0,025416592	0,023059049	0,047452932	0,038467446	0,034196874
334	2017	0,016991904	0,023193029	0,047809753	0,042305751	0,031394383
334	2018	0,018038229	0,0234217	0,04647288	0,044799092	0,023129993
334	2019	0,012235324	0,023867352	0,04726328	0,047123759	0,015176316
334	2020	0,016885189	0,024349515	0,048014937	0,051254273	0,008757706
334	2021	0,032027965	0,021074958	0,049044102	0,049149282	0,012228736
335	2017	0,03294167	0,015805837	0,049209618	0,044446782	0,031856973
335	2018	0,039370304	0,007740984	0,046075642	0,038673941	0,010912327
335	2019	0,04085928	0,000480648	0,042888617	0,032471196	0,03068832
335	2020	0,03606672	-0,001235399	0,049099844	0,025897453	0,038255759
335	2021	0,043009333	0,000717816	0,049141905	0,022840222	0,041253897
336	2017	0,045699295	0,006033971	0,049875121	0,019395629	0,034752096
336	2018	0,052985777	0,013133794	0,050613634	0,01623275	0,04452448
336	2019	0,05584069	0,024163553	0,050561105	0,011209235	0,056297914
336	2020	0,059865493	0,032936829	0,050125546	0,004995305	0,05078806
336	2021	0,059056779	0,03459103	0,050596977	0,003427814	0,038504195
337	2017	0,044338167	0,030909041	0,052326612	0,002601063	0,045861974
337	2018	0,044841904	0,034164457	0,055377786	0,001671756	0,030247795
337	2019	0,056564969	0,025685653	0,051502874	0,000898273	0,023330715
337	2020	0,059576361	0,023448201	0,052176029	-1,56125E-17	0,021663655
337	2021	0,073491449	0,018097918	0,054357973	-1,56125E-17	0,02678135
338	2017	0,062087183	0,010523048	0,06543467	0,013766793	0,032918568
338	2018	0,059016842	-0,000897579	0,065835265	0,0264224	0,031959359
338	2019	0,047703082	-0,010170856	0,074190336	0,037811634	0,04211168
338	2020	0,044441903	-0,015879258	0,087939465	0,048770348	0,042302387
338	2021	0,046142131	-0,01563779	0,10118672	0,059580057	0,040839833
339	2017	0,046074128	-0,019529569	0,100932169	0,060183958	0,041362847
339	2018	0,042083764	-0,012007092	0,103923229	0,060516986	0,040265919
339	2019	0,0426623	-0,010264968	0,106154311	0,060516986	0,050389661
339	2020	0,024773272	-0,008216716	0,103125669	0,060516986	0,057554313
339	2021	0,027247738	-0,00584205	0,096740664	0,046750193	0,053227964
340	2017	0,025379296	-0,003676659	0,109976951	0,035890256	0,048116199
340	2018	0,024302495	-0,001502434	0,101818976	0,026177416	0,044647215
340	2019	0,025290831	0,000599465	0,088883381	0,016780886	0,036237254
340	2020	0,026424653	0,003323118	0,079542994	0,007856951	0,028624637
340	2021	0,01801365	0,004706074	0,077491966	0,009095377	0,03129856
341	2017	0,009620094	0,004732515	0,072885346	0,008762349	0,033477992
341	2018	0,003354978	0,00593039	0,070253307	0,008762349	0,022657894
341	2019	0,004766047	0,006588651	0,070795678	0,008799786	0,015433239
341	2020	0,00439688	0,006645764	0,067235712	0,008835855	0,005940298
341	2021	0,007365857	0,006381278	0,062305521	0,007075053	0,015499884
342	2017	0,021515632	0,004091161	0,06481264	0,00563555	0,016583283
342	2018	0,027894049	0,001678019	0,060297908	0,004301541	0,02449323
342	2019	0,031372502	-0,000784321	0,054214674	0,002497541	0,031853262
342	2020	0,03285632	-0,003913011	0,049017666	0,000731848	0,028219252
342	2021	0,042013864	-0,005706717	0,043784249	0,000797567	0,023835731
343	2017	0,040091728	0,001279471	0,043858316	0,005330184	0,029760935
343	2018	0,037287491	0,006780524	0,044159364	0,009847311	0,032575995
343	2019	0,033819085	0,014260797	0,043106469	0,014086953	0,047939945
343	2020	0,033780046	0,020513343	0,040655986	0,018109903	0,046844558
343	2021	0,019653265	0,029537618	0,04555368	0,02143588	0,045133796
344	2017	0,015591147	0,040678932	0,047028755	0,021207771	0,044882559
344	2018	0,027095058	0,050853689	0,047360921	0,021125998	0,048185626
344	2019	0,042233348	0,041514213	0,054685338	0,021049364	0,063733637
344	2020	0,05239504	0,036081611	0,058383667	0,020983645	0,065831785
344	2021	0,060522359	0,029671887	0,060184572	0,016451029	0,061840254
345	2017	0,082209501	0,021079645	0,05553427	0,013208999	0,069229931
345	2018	0,097102341	0,011757953	0,050713556	0,010236237	0,071233855
345	2019	0,108099764	0,003359201	0,039908251	0,007415769	0,067185612
345	2020	0,106098199	-0,005913623	0,027785958	0,005136394	0,060239954
345	2021	0,10543962	-0,01618356	0,025335984	0,006303368	0,065014578
346	2017	0,101666174	-0,021680823	0,039400083	0,007423909	0,064047214
346	2018	0,093595658	-0,009691256	0,044342915	0,008369237	0,049739994
346	2019	0,07133625	-0,002524968	0,054047482	0,008923459	0,044659663
346	2020	0,062831019	-0,004319603	0,052532592	0,009258088	0,060568029
346	2021	0,041223268	-0,002501159	0,056718294	0,008120853	0,049911381
347	2017	0,027264149	0,006305934	0,071210477	0,007279351	0,030385821
347	2018	0,021825912	0,015146569	0,076047247	0,006632223	0,026330727
347	2019	0,026403233	0,015828118	0,093585706	0,005862007	0,046373238
347	2020	0,023549988	0,015493665	0,111509397	0,005323949	0,035351129
347	2021	0,033873712	0,011106652	0,113966519	0,004894423	0,03403902
348	2017	0,027506296	0,007845068	0,105549009	0,00425935	0,035184567
348	2018	0,029822568	0,006381939	0,097258921	0,004032169	0,05550356
348	2019	0,028254503	0,004399054	0,098125238	0,003986801	0,04537538
348	2020	0,030181278	0,00268312	0,09817208	0,004123288	0,050544324
348	2021	0,034901476	-0,006268285	0,090168947	0,003907396	0,058707714
349	2017	0,0282769	-0,011067968	0,090046379	0,003317175	0,062214482
349	2018	0,049782448	-0,0062016	0,077383798	0,002803899	0,039259721
349	2019	0,073938332	-0,00057684	0,064011041	0,002174914	0,038606522
349	2020	0,045494904	0,009268204	0,048226657	0,001483899	0,030897698
349	2021	0,064911724	0,019828302	0,057197928	0,001173645	0,036303242
350	2017	0,070244069	0,030983428	0,057210183	0,001257555	0,016382109
350	2018	0,080036468	0,03172184	0,056023278	0,001301103	0,00758131
350	2019	0,079405864	0,032061981	0,056037243	0,001341365	0,006717473
350	2020	0,073262893	0,031841961	0,053616591	0,001591692	-0,002038599
350	2021	0,078752807	0,036624588	0,053637288	0,002035286	-0,002101086
351	2017	0,053372082	0,03701692	0,060558095	0,008137429	0,011303866
351	2018	0,028157692	0,037080147	0,060962944	0,013331782	0,029242851
351	2019	0,032595426	0,037506936	0,061136255	0,018275339	0,037868712
351	2020	0,010079566	0,033489706	0,053353991	0,022447146	0,027700753
351	2021	0,004029868	0,026802647	0,053619144	0,025634433	0,038965833
352	2017	-0,002135725	0,028201188	0,053521611	0,027192092	0,040212823
352	2018	0,002463383	0,0298128	0,053645159	0,028217032	0,037488348
352	2019	0,007041563	0,031847595	0,055498159	0,028803407	0,049549977
352	2020	0,003246617	0,025307964	0,056075601	0,029118552	0,040361168
352	2021	0,008062339	0,021749554	0,048445071	0,023575565	0,035239713
353	2017	0,016786069	0,020345179	0,048354273	0,018726114	0,021431778
353	2018	0,017167573	0,014947562	0,048556658	0,014118271	0,017991663
353	2019	0,01254413	0,0129742	0,048917684	0,010275634	0,021679682
353	2020	0,012624738	0,013036157	0,04862547	0,006981318	0,026622386
353	2021	0,009730912	0,015091808	0,0488188	0,005391304	0,043263464
354	2017	0,005174397	0,025630545	0,049094656	0,00503313	0,057223494
354	2018	0,002424073	0,032442802	0,047946422	0,004658389	0,062996323
354	2019	-0,000818087	0,030719895	0,047506905	0,003968219	0,06190235
354	2020	0,000300364	0,028733113	0,048155104	0,004140939	0,057711784
354	2021	0,002504711	0,024731384	0,05400216	0,00451808	0,072014977
355	2017	0,006381399	0,019596702	0,053149763	0,021290097	0,069400228
355	2018	0,011208126	0,015615792	0,052622935	0,038665978	0,063544419
355	2019	0,025288457	0,011215332	0,052234304	0,054845047	0,063982388
355	2020	0,027730647	0,017688794	0,051787378	0,066284605	0,040803092
355	2021	0,025931047	0,012805339	0,05149871	0,075686089	0,02501491
356	2017	0,024559754	0,006298688	0,061176229	0,075435772	0,009048313
356	2018	0,025075925	0,007772354	0,061149871	0,07617558	0,006654249
356	2019	0,02154768	0,009380061	0,061108025	0,076543095	0,005093557
356	2020	0,011946522	0,012176767	0,063746227	0,076708063	0,007333558
356	2021	0,009222414	0,015131123	0,078374219	0,060214901	0,003832483
357	2017	0,013485052	0,019642431	0,078704184	0,060649721	0,012311212
357	2018	0,002879182	0,025585953	0,086111475	0,062268698	-0,000120095
357	2019	0,006411716	0,024663113	0,092620882	0,068557898	0,006981168
357	2020	0,004983857	0,029567891	0,099471398	0,075563929	0,005469523
357	2021	0,01070722	0,027695925	0,089894177	0,09083894	0,009956907
358	2017	0,029401378	0,03163553	0,090706135	0,092733867	0,030983806
358	2018	0,048842194	0,035484886	0,090630823	0,0943143	0,035292207
358	2019	0,065503503	0,037387745	0,081878169	0,096195533	0,017331939
358	2020	0,068639796	0,038849201	0,067602815	0,098138297	0,018869706
358	2021	0,079742384	0,037226838	0,075775538	0,081845395	0,023473963
359	2017	0,080532908	0,030908133	0,068235083	0,063743428	0,035549286
359	2018	0,072755302	0,021140481	0,067850298	0,045714217	0,036020111
359	2019	0,072220688	0,008438281	0,065432948	0,028287886	0,035658051
359	2020	0,070895227	0,007746977	0,06895701	0,012555674	0,045125177
359	2021	0,056360414	0,014622231	0,067192429	0,00985237	0,035295843
360	2017	0,033544522	0,009159498	0,064305316	0,018099781	0,038397564
360	2018	0,022302655	0,00414612	0,06324132	0,026136707	0,055775127
360	2019	0,021583678	-0,000511939	0,062010119	0,034392139	0,075544195
360	2020	0,010731314	-0,003248886	0,052180986	0,043568404	0,065678309
360	2021	0,005181718	-0,003304725	0,051886315	0,053083703	0,047498228
361	2017	0,00676389	0,003559021	0,047781056	0,053526074	0,04721624
361	2018	0,010427737	0,009463827	0,046995394	0,053932105	0,055348328
361	2019	0,005204994	0,011848075	0,042650814	0,054318671	0,050256715
361	2020	0,000743083	0,001607545	0,042769707	0,054695504	0,050399276
361	2021	0,001189299	0,003924357	0,045283744	0,062095666	0,054056602
362	2017	0,012508292	0,008001724	0,042917168	0,051290498	0,053747954
362	2018	0,012255843	0,013652802	0,041235847	0,040477732	0,032953532
362	2019	0,009838587	0,020724269	0,0394879	0,029454497	0,049652396
362	2020	0,009610365	0,027071855	0,036811826	0,019939198	0,067945637
362	2021	0,010795005	0,02391103	0,032172537	0,019496827	0,062416456
363	2017	0,006489883	0,018543923	0,028817722	0,019090796	0,060395589
363	2018	0,008837983	0,016381024	0,030815592	0,019461711	0,050521758
363	2019	0,008912524	0,022728895	0,031438917	0,019640135	0,053070282
363	2020	0,017411501	0,020571757	0,032988109	0,001751246	0,046354669
363	2021	0,001516399	0,027801272	0,037571988	0,002029845	0,0303885
364	2017	0,000313802	0,024791236	0,040034096	0,008735661	0,050402314
364	2018	0,000562376	0,02049319	0,043535466	0,015291599	0,033376638
364	2019	0,00197681	0,023262295	0,047154771	0,022465637	0,028224249
364	2020	0,006662195	0,023018482	0,057016007	0,03014556	0,028192276
364	2021	0,015031175	0,026154367	0,072260914	0,038095762	0,028881815
365	2017	0,035519253	0,026154284	0,068815082	0,037338281	0,052511692
365	2018	0,036641737	0,026617711	0,070573133	0,036783025	0,041967806
365	2019	0,034926429	0,037132796	0,074332701	0,036344516	0,047682688
365	2020	0,037730355	0,026363294	0,075674351	0,036065917	0,062768842
365	2021	0,039743636	0,024456483	0,075338366	0,032972314	0,047109488
366	2017	0,037171255	0,021679336	0,078030415	0,026540813	0,059157779
366	2018	0,044684601	0,01293647	0,082764116	0,019471551	0,056470994
366	2019	0,045471416	0,009736773	0,077794191	0,011891746	0,065281069
366	2020	0,041471184	0,006203884	0,06272572	0,004042486	0,076301618
366	2021	0,027053062	0,00615129	0,066745141	0,00412199	0,062625555
367	2017	0,024264729	-0,002947827	0,06983108	0,024944457	0,07177139
367	2018	0,024258138	-0,013388356	0,07020553	0,045992193	0,069613154
367	2019	0,014238298	-0,013987836	0,071066888	0,066780743	0,05532476
367	2020	0,011563338	-0,014885125	0,077760676	0,082091394	0,058664727
367	2021	0,016306935	-0,015540033	0,075051648	0,097513918	0,054758712
368	2017	0,008781659	-0,013854474	0,080853741	0,097760356	0,054792837
368	2018	0,011129075	-0,011741092	0,091942437	0,098093712	0,048152197
368	2019	0,015069956	0,001047852	0,097966298	0,098559884	0,057870112
368	2020	0,009312545	-0,004122213	0,110467243	0,098884362	0,056183516
368	2021	0,012818756	0,000386587	0,119068557	0,078180331	0,062392628
369	2017	0,006318312	0,002598928	0,117117973	0,057186628	0,059754507
369	2018	0,016123558	0,005339043	0,116668521	0,036440423	0,075889114
369	2019	0,014606092	0,009161334	0,114139469	0,017562467	0,085839664
369	2020	0,01418569	0,014022288	0,119393334	0,00205396	0,086010179
369	2021	0,01607382	0,016556008	0,109752247	0,001740254	0,079465143
370	2017	0,027256965	0,022270876	0,104426686	0,00176515	0,086687113
370	2018	0,03089773	0,009344808	0,095205144	0,001479303	0,067667748
370	2019	0,043900326	0,014305601	0,078967523	0,001454246	0,079220677
370	2020	0,045148847	0,009723645	0,064983482	0,001692242	0,085157752
370	2021	0,045327228	0,00695526	0,059099076	0,001959854	0,094727249
371	2017	0,047762068	0,004034946	0,064683908	0,002049685	0,074085649
371	2018	0,072153039	0,000524995	0,069805621	0,002508036	0,078002159
371	2019	0,075879884	-0,003954204	0,080412681	0,003045029	0,069316565
371	2020	0,073645602	-0,00843101	0,079724583	0,003479398	0,062775295
371	2021	0,056435741	-0,016186885	0,081043848	0,003402845	0,060254959
372	2017	0,046297488	-0,012769955	0,100099658	0,003646273	0,061679135
372	2018	0,028571593	-0,005108309	0,101958223	0,003606418	0,049201016
372	2019	0,031848733	0,003906433	0,116445207	0,00367409	0,034949942
372	2020	0,032942058	0,011640246	0,133249765	0,003718756	0,024944316
372	2021	0,032247697	0,017781937	0,13764697	0,003959028	0,037448112
373	2017	0,009919652	0,017696012	0,129128561	0,007747587	0,015487774
373	2018	0,004093375	0,018257672	0,112621077	0,01187001	0,032803992
373	2019	0,005990157	0,028140423	0,111674914	0,011398133	0,032596701
373	2020	0,004188535	0,034016758	0,10572443	0,011016316	0,046724295
373	2021	0,005219078	0,033683668	0,089224887	0,010491621	0,055052486
374	2017	0,013805125	0,033802448	0,099464881	0,01395405	0,055419447
374	2018	0,010797679	0,030017882	0,09247264	0,017933685	0,044662061
374	2019	0,013961448	0,025912213	0,077969159	0,025943824	0,039450007
374	2020	0,009093436	0,023620782	0,075921255	0,033368482	0,039132039
374	2021	0,012243212	0,026832002	0,085896827	0,032584128	0,055081715
375	2017	0,027661268	0,028007741	0,083349029	0,027886256	0,046796894
375	2018	0,029731639	0,026703816	0,080854063	0,027886256	0,054507653
375	2019	0,022734646	0,022804067	0,072735388	0,027886256	0,054232297
375	2020	0,024813603	0,014497495	0,070176968	0,027886256	0,035989635
375	2021	0,025287147	0,009597636	0,055892461	0,024084758	0,037062256
376	2017	0,028244468	0,004291679	0,056329941	0,019705418	0,05397364
376	2018	0,041061007	0,000501669	0,063086375	0,011351346	0,063805423
376	2019	0,044093976	-0,003122298	0,0650703	0,003577825	0,062261642
376	2020	0,042624118	-0,006565355	0,055449981	9,54197E-05	0,04960524
376	2021	0,025825625	-0,001792713	0,071943301	0,000116118	0,064139249
377	2017	0,025296398	-0,004850944	0,075883239	0,006882519	0,081622739
377	2018	0,045025404	-0,00352065	0,080538361	0,014550409	0,062197327
377	2019	0,050988274	0,007332992	0,082798741	0,021541779	0,070560786
377	2020	0,047041208	0,009738341	0,085955677	0,028605484	0,079116889
377	2021	0,048601216	0,014801675	0,078315825	0,035132681	0,07839934
378	2017	0,035212321	0,026953744	0,071426664	0,035110302	0,078463252
378	2018	0,029857143	0,026984796	0,072249382	0,035086717	0,075656039
378	2019	0,03006527	0,027637218	0,086787202	0,03506166	0,081044677
378	2020	0,03325989	0,020666931	0,084003521	0,035040962	0,063800952
378	2021	0,034891213	0,024413864	0,08339737	0,028274561	0,068944738
379	2017	0,024317337	0,021341619	0,084883432	0,02060667	0,08906666
379	2018	0,018534429	0,015885024	0,087450383	0,0136153	0,082547019
379	2019	0,033891174	0,010911502	0,088158212	0,006562129	0,084781723
379	2020	0,027610835	0,005837664	0,092798547	1,31982E-05	0,074403078
379	2021	0,037773441	-0,006095072	0,092905642	1,31982E-05	0,07654156
380	2017	0,046983522	-0,006154608	0,079172632	0,000522425	0,088495338
380	2018	0,051462036	-0,00639924	0,064827864	0,000898892	0,089678092
380	2019	0,051403804	-0,005893962	0,054285065	0,001183754	0,094170967
380	2020	0,05242679	-0,015110483	0,059341661	0,002147042	0,084485194
380	2021	0,049931859	-0,015373857	0,058135145	0,003044381	0,067708677
381	2017	0,054889466	-0,015337019	0,063003018	0,003044381	0,075107529
381	2018	0,038841221	-0,015472556	0,078367864	0,003033847	0,066877272
381	2019	0,029604162	-0,01580289	0,089341699	0,003031182	0,062174425
381	2020	0,010391393	-0,015990471	0,105059344	0,003031182	0,071619052
381	2021	0,004960557	-0,01610453	0,116506614	0,004100272	0,061886405
382	2017	-0,001016132	-0,013142802	0,123055481	0,003856801	0,072879437
382	2018	0,001243313	-0,009753424	0,123287739	0,003690572	0,064532195
382	2019	-0,00355434	-0,006838565	0,118055262	0,002728333	0,043844357
382	2020	-0,002001078	-0,004151179	0,128821653	0,001831544	0,05544202
382	2021	-0,007733643	-0,000778286	0,13364761	0,001831912	0,053111549
383	2017	-0,009557005	-0,00090799	0,118493311	0,001931129	0,056745077
383	2018	-0,001277436	-0,000518306	0,103310626	0,002020149	0,072623984
383	2019	0,006178657	-0,000181399	0,098838336	0,002104176	0,056896471
383	2020	0,027871662	-2,78229E-05	0,102497537	0,000604381	0,057668022
383	2021	0,024512972	-0,003275543	0,095829585	0,000549539	0,037617459
384	2017	0,019741582	-0,002842813	0,095605231	0,004825046	0,031824644
384	2018	0,019341387	-0,002109836	0,095951966	0,009082557	0,04206785
384	2019	0,017779248	-0,001184776	0,091629547	0,014514534	0,039534858
384	2020	0,015201846	-0,001377783	0,094046062	0,019173227	0,049877893
384	2021	0,014516417	0,002339307	0,107102072	0,02301837	0,037430084
385	2017	0,012459606	0,002296459	0,115728614	0,028865174	0,038351074
385	2018	0,014404899	0,002297616	0,104777413	0,032799648	0,056076082
385	2019	0,000650848	0,002245797	0,104859755	0,037346088	0,064983538
385	2020	0,005414864	0,002474745	0,117379879	0,041582523	0,064110742
385	2021	0,005758568	-0,00108179	0,123401384	0,041895948	0,076956802
386	2017	0,007107081	-0,000684745	0,134442855	0,037674662	0,066518548
386	2018	0,007512519	-0,001296978	0,143155887	0,032268713	0,06555074
386	2019	0,009238755	-0,000791441	0,13559429	0,027627084	0,055892249
386	2020	0,015678284	-0,000661524	0,136907478	0,023774035	0,051890049
386	2021	0,020539897	0,002035024	0,138642426	0,018010834	0,055734939
387	2017	0,020115148	0,004072405	0,138384286	0,013992332	0,043736482
387	2018	0,012874024	0,006741633	0,122951767	0,009367371	0,028342977
387	2019	0,008069358	0,012421975	0,109987024	0,006254715	0,040869797
387	2020	0,010577577	0,017567982	0,118910335	0,002512954	0,042902377
387	2021	0,007314537	0,013663167	0,120565518	0,003442156	0,049646285
388	2017	0,012062837	0,013514025	0,116520392	0,008476023	0,038283051
388	2018	0,02681103	0,013315794	0,1243922	0,009228195	0,02805682
388	2019	0,039138505	0,012481153	0,124101569	0,009799301	0,046136914
388	2020	0,047030462	0,013727556	0,130463207	0,010225075	0,042220193
388	2021	0,047855967	0,014455017	0,138779795	0,010938688	0,046845504
389	2017	0,045040724	0,013698902	0,140644348	0,010938688	0,055803961
389	2018	0,047594903	0,009792152	0,146492846	0,009736757	0,061699143
389	2019	0,045292088	0,00649129	0,135307824	0,008770952	0,05398287
389	2020	0,047902642	0,008367789	0,125238515	0,007821085	0,053055708
389	2021	0,048383388	0,007832656	0,118894229	0,002772258	0,065190648
390	2017	0,026597173	-0,001408983	0,105665138	0,003708765	0,078550582
390	2018	0,016367825	-0,004245037	0,090922672	0,004694561	0,066669654
390	2019	0,003795836	-0,00789862	0,074496822	0,00578031	0,06224868
390	2020	0,009254869	-0,010339276	0,066364066	0,006510841	0,069533717
390	2021	0,007701075	-0,012084774	0,072526663	0,008006879	0,063032639
391	2017	0,010342992	-0,011640215	0,072963614	0,008006879	0,064713493
391	2018	0,01180838	-0,011487829	0,085127786	0,008006879	0,060823402
391	2019	0,013543704	-0,011351931	0,091088451	0,007990269	0,072259236
391	2020	0,010011071	-0,011486952	0,095281616	0,007978651	0,068377661
391	2021	0,01781143	-0,003627874	0,101826273	0,006272539	0,064439027
392	2017	0,010091302	0,001965883	0,106880204	0,00471421	0,063400022
392	2018	0,013385485	0,009451601	0,10570306	0,003118608	0,050145153
392	2019	0,004643479	0,016393478	0,105045909	0,001760578	0,034671986
392	2020	0,007609906	0,015908803	0,09678106	0,000348252	0,04812597
392	2021	0,008437762	0,013692893	0,090021223	0,000429021	0,034251587
393	2017	0,005921201	0,01133685	0,084717182	0,000590718	0,036294908
393	2018	0,012720099	0,009083273	0,083433557	0,000722271	0,024837634
393	2019	0,012693833	0,006485763	0,075066978	0,000796843	0,023412082
393	2020	0,008446588	0,004293822	0,067342099	0,000954172	0,018387244
393	2021	0,005834841	0,01032322	0,06289702	0,00087816	0,029776115
394	2017	0,000559543	0,002530969	0,073624517	0,001544659	0,056259727
394	2018	0,009597168	-0,00469696	0,085765187	0,002119522	0,04969714
394	2019	0,017878352	-0,004808087	0,099800454	0,002583507	0,047640102
394	2020	0,012194153	-0,004799463	0,110955005	0,002856355	0,065229327
394	2021	0,012462209	0,005177233	0,110615149	0,002998446	0,077762615
395	2017	0,016831243	0,007478121	0,105349386	0,002866893	0,069914195
395	2018	0,023404287	0,010580923	0,107556898	0,00279232	0,082247771
395	2019	0,028070213	0,01335195	0,109238099	0,002634992	0,076821312
395	2020	0,032331527	0,004028927	0,110370461	0,002621121	0,08103798
395	2021	0,050020697	0,006506774	0,102509237	0,001866079	0,074379698
396	2017	0,048842714	0,012772547	0,101081216	0,002129613	0,087390479
396	2018	0,049370638	0,007811356	0,093722563	0,008170836	0,065899303
396	2019	0,058663753	0,008106227	0,082774837	0,016667083	0,040447142
396	2020	0,061581643	-0,002106641	0,073413829	0,022706724	0,043868767
396	2021	0,056437106	-0,004471099	0,070620522	0,027860099	0,051357569
397	2017	0,054595884	-0,000543672	0,069250281	0,037637509	0,038093334
397	2018	0,061181641	0,00319696	0,070312486	0,046099222	0,041801684
397	2019	0,071061926	0,008120363	0,070177996	0,05199907	0,0298664
397	2020	0,062459808	0,01312335	0,070816462	0,058092545	0,015969352
397	2021	0,062634122	0,012403823	0,063795108	0,061519918	0,007742852
398	2017	0,050739225	0,029256866	0,057241111	0,055132861	0,026723262
398	2018	0,037419536	0,040627918	0,05710595	0,046446807	0,036128411
398	2019	0,05027908	0,049701663	0,060629997	0,040255015	0,021607069
398	2020	0,044249315	0,055766999	0,065115592	0,035255137	0,015771422
398	2021	0,041610405	0,053043015	0,063304188	0,02561549	0,018296737
399	2017	0,055330224	0,052729619	0,065845152	0,017153776	0,03396643
399	2018	0,045016679	0,050850453	0,063410526	0,011512563	0,042387709
399	2019	0,037526329	0,050529344	0,060855643	0,007529367	0,051072747
399	2020	0,034675684	0,049786843	0,05617572	0,003246526	0,069058309
399	2021	0,039702397	0,034077972	0,055260449	0,003044663	0,06353838
400	2017	0,05818236	0,024445682	0,056078122	0,00930241	0,059869497
400	2018	0,045813632	0,017485285	0,05173424	0,015735818	0,057870774
400	2019	0,051606242	0,013193615	0,061810627	0,019793748	0,079914635
400	2020	0,049114508	0,011001908	0,073347555	0,023796285	0,07359567
400	2021	0,033007825	0,009882576	0,078419637	0,026681267	0,056053347
401	2017	0,04062299	0,004724976	0,079887214	0,027033398	0,045424919
401	2018	0,040436263	-0,002286532	0,091954986	0,024923119	0,039869644
401	2019	0,035338096	-0,007127897	0,104027785	0,025305813	0,020837535
401	2020	0,031739824	-0,002815887	0,116428888	0,026093422	0,030522473
401	2021	0,020486707	-0,005029019	0,127711712	0,020341612	0,033096697
402	2017	0,024715129	-0,003277038	0,139496694	0,023107436	0,037382143
402	2018	0,023937228	-0,000935497	0,138894169	0,030646821	0,025654594
402	2019	0,031307455	0,003593796	0,141817648	0,036966944	0,025467713
402	2020	0,031827721	0,004571905	0,148485934	0,046663204	0,027781718
402	2021	0,02876745	0,007422554	0,164006609	0,057380963	0,021148864
403	2017	0,027415803	0,006858115	0,153792236	0,057380963	0,012930503
403	2018	0,026334493	0,015247835	0,144729866	0,063057438	0,033146313
403	2019	0,025022671	0,01527066	0,133742106	0,066240829	0,031884704
403	2020	0,021522705	0,015466041	0,122037348	0,068349993	0,046480043
403	2021	0,016873227	0,011587612	0,109427842	0,061015395	0,042105237
404	2017	0,032399813	0,014214676	0,107157571	0,049264584	0,033937285
404	2018	0,038392265	0,010302388	0,104841629	0,053495263	0,039457514
404	2019	0,032104387	0,009546957	0,100072815	0,053232233	0,055469844
404	2020	0,032492552	0,012170045	0,099463909	0,050685712	0,064716517
404	2021	0,034789451	0,021962605	0,112160371	0,05738282	0,073961828
405	2017	0,034971845	0,022759052	0,110435934	0,051254608	0,053401412
405	2018	0,038414499	0,032672159	0,110199824	0,047283608	0,050024134
405	2019	0,042920175	0,032517525	0,109960585	0,044504699	0,041991843
405	2020	0,047997391	0,037990965	0,110584708	0,042488426	0,049360743
405	2021	0,034844189	0,034556836	0,09884401	0,045948646	0,050765604
406	2017	0,020022623	0,038651253	0,086801634	0,031723607	0,04871966
406	2018	0,021842546	0,039521073	0,074117909	0,019934352	0,055840521
406	2019	0,01720148	0,039400627	0,05852221	0,011853135	0,059563941
406	2020	0,02244271	0,035070214	0,043012643	0,006460982	0,047586214
406	2021	0,022735106	0,029902854	0,042696787	0,0078465	0,051160543
407	2017	0,030416947	0,02776107	0,04514614	0,028023805	0,044480578
407	2018	0,028849959	0,039801495	0,046576679	0,028410705	0,05014077
407	2019	0,01917436	0,034659514	0,043655172	0,028816088	0,055270908
407	2020	0,007670766	0,031051025	0,039263296	0,0257611	0,055996277
407	2021	0,007802019	0,03653143	0,035068297	0,025758417	0,049979228
408	2017	0,013223038	0,032543722	0,035062101	0,040919798	0,023407298
408	2018	0,009154815	0,029137589	0,035435805	0,05580331	0,022760541
408	2019	0,010206334	0,026788126	0,036145803	0,071406501	0,040014084
408	2020	0,009609376	0,025140553	0,036166191	0,090202557	0,03017378
408	2021	0,001302414	0,019480754	0,033866775	0,070456491	0,028552711
409	2017	-0,001213414	0,007847419	0,040923235	0,073312524	0,022751526
409	2018	0,003845065	0,00783843	0,044004696	0,075042483	0,022191811
409	2019	0,008650677	0,007922554	0,049087323	0,075934611	0,027892523
409	2020	0,005700446	-0,003938993	0,061980852	0,076613471	0,034612203
409	2021	-0,004268577	-0,006123191	0,074483267	0,062054701	0,043006519
410	2017	0,000264639	-0,007946682	0,077392965	0,046470402	0,039652265
410	2018	-0,008432614	-0,010638726	0,077413052	0,029562255	0,036679038
410	2019	-0,004458788	-0,01874001	0,07793502	0,009380682	0,045656139
410	2020	-0,002273777	-0,020909435	0,072892185	0,008949443	0,044623928
410	2021	0,003451599	-0,02115151	0,059714691	0,005706509	0,037943275
411	2017	0,00194364	-0,017108426	0,071504069	0,003816786	0,026589025
411	2018	-0,00269421	-0,011542307	0,080521826	0,002887162	0,026947766
411	2019	-0,002175428	-0,005412555	0,083148262	0,002232836	0,019316997
411	2020	0,002605915	0,001291592	0,087772373	0,00158799	0,010673698
411	2021	0,00651442	0,009114989	0,094718164	0,002037073	0,005282738
412	2017	0,024938117	0,008862781	0,095874912	0,00262597	0,002120154
412	2018	0,02651464	0,014598479	0,095772654	0,003286809	0,003590559
412	2019	0,021963854	0,014505464	0,102008112	0,003956709	0,005935595
412	2020	0,024658943	0,026343608	0,106724118	0,00462403	0,009833386
412	2021	0,026836936	0,034683477	0,094634928	0,005115086	0,012930164
413	2017	0,028702645	0,039719967	0,096522607	0,004747351	0,024288417
413	2018	0,028382765	0,038950587	0,093855664	0,004259437	0,038235732
413	2019	0,032257657	0,035258241	0,088926136	0,003772715	0,059389085
413	2020	0,025166561	0,030355056	0,089052788	0,003323632	0,076672404
413	2021	0,011118789	0,033068544	0,099754871	0,002734735	0,082523795
414	2017	0,0162311	0,037509427	0,101014437	0,00232767	0,079231352
414	2018	0,020800368	0,042987711	0,100813782	0,001895517	0,080411273
414	2019	0,012190435	0,038273062	0,101066537	0,001465517	0,080033402
414	2020	0,017412445	0,02911941	0,10111757	0,00102754	0,092310612
414	2021	0,010534711	0,021493668	0,090063096	0,001300808	0,076729527
415	2017	0,01698691	0,026173125	0,083511365	0,009046715	0,080116908
415	2018	0,01256333	0,02324198	0,075313845	0,016265263	0,063750323
415	2019	0,026384779	0,02040819	0,064889584	0,022205631	0,045268446
415	2020	0,026609293	0,018316229	0,052407434	0,027006855	0,039667102
415	2021	0,024676958	0,01386514	0,055051714	0,031341098	0,039448079
416	2017	0,021346773	0,008801478	0,054375924	0,0325245	0,040957369
416	2018	0,032246229	0,001371083	0,054791697	0,033197565	0,049141726
416	2019	0,025426169	-0,001892708	0,055115782	0,033807715	0,037836891
416	2020	0,034656115	-0,004596384	0,063553655	0,03430883	0,042075266
416	2021	0,02867353	-0,014960971	0,069672408	0,02979195	0,029710534
417	2017	0,038983645	-0,015477833	0,066266508	0,025486963	0,049229144
417	2018	0,027646711	-0,015694754	0,083647357	0,023103115	0,068580229
417	2019	0,028254982	-0,01596253	0,09249538	0,021700127	0,059811703
417	2020	0,022936896	-0,015964142	0,095280598	0,020675799	0,066541171
417	2021	0,032007922	-0,005897079	0,105211262	0,020992869	0,056939137
418	2017	0,027456162	0,000241021	0,105122496	0,028520748	0,044055963
418	2018	0,025385955	0,006315895	0,105108086	0,040455063	0,055457912
418	2019	0,024833132	0,012129135	0,102798928	0,052720374	0,054947066
418	2020	0,027572904	0,018321511	0,101998821	0,051995974	0,063281032
418	2021	0,015636218	0,024597343	0,113284485	0,051440337	0,039164584
419	2017	0,022372419	0,029515506	0,101185104	0,047883816	0,02251147
419	2018	0,026540784	0,035167014	0,092182905	0,04448558	0,025138505
419	2019	0,029006228	0,040499517	0,091186599	0,040922872	0,022362157
419	2020	0,025513143	0,033912745	0,086430968	0,039186849	0,021628521
419	2021	0,024298653	0,030814248	0,085689611	0,030935217	0,026308694
420	2017	0,024770454	0,025293459	0,09946943	0,018123668	0,015527081
420	2018	0,023451695	0,019912867	0,107939961	0,005112362	0,022632619
420	2019	0,02087416	0,014351217	0,113257106	0,002643322	0,01594007
420	2020	0,019170817	0,018686193	0,115567608	0,000612621	0,023141061
420	2021	0,013549414	0,0173725	0,116953701	0,0009092	0,039548264
421	2017	0,006256316	0,017389256	0,121010246	0,0009092	0,040591514
421	2018	0,008528259	0,016660734	0,119329923	0,00090822	0,054751838
421	2019	0,004182759	0,019931531	0,117970538	0,000972533	0,058417036
421	2020	0,002275553	0,022062776	0,120050883	0,000867858	0,04907741
421	2021	0,009496391	0,025080368	0,105688323	0,000970332	0,049592161
422	2017	0,008374066	0,02754651	0,10178866	0,000946989	0,046495273
422	2018	0,011476123	0,034661932	0,103557401	0,000911402	0,061070215
422	2019	0,013159746	0,025025848	0,106705276	0,00058418	0,074352477
422	2020	0,012254971	0,028745885	0,113848451	0,000287601	0,058150841
422	2021	0,012792842	0,03392924	0,124229189	0,000287601	0,053748101
423	2017	0,022330439	0,029385461	0,131832175	0,000302021	0,048720902
423	2018	0,042183658	0,022271921	0,142027173	0,000245605	0,053682119
423	2019	0,057110503	0,017339366	0,154817393	0,000170838	0,07276731
423	2020	0,068797507	0,013530522	0,166408784	4,20044E-05	0,07973249
423	2021	0,071497926	0,010921274	0,170208329	4,03541E-05	0,096125245
424	2017	0,071953442	0,008096495	0,155586113	4,03541E-05	0,075062183
424	2018	0,079069436	0,010228938	0,1413013	0,000321377	0,064238185
424	2019	0,078906109	0,003116548	0,132138116	0,001290649	0,078653386
424	2020	0,097820163	-0,007880885	0,122446817	0,002453512	0,082468684
424	2021	0,082427159	-0,0082249	0,110536947	0,002439091	0,075950025
425	2017	0,061612578	0,003709541	0,111783803	0,003099917	0,09283395
425	2018	0,04748261	0,015864699	0,104051264	0,003748251	0,081807968
425	2019	0,034392739	0,02885931	0,099954435	0,004368123	0,074832369
425	2020	0,03416867	0,022767253	0,098536842	0,004719986	0,06576426
425	2021	0,029710369	0,030351738	0,110232621	0,004999667	0,069069599
426	2017	0,024685655	0,035323418	0,106922655	0,010557776	0,062626032
426	2018	0,027622357	0,042074052	0,107071333	0,015058079	0,046430276
426	2019	0,012350936	0,047842667	0,108822028	0,013895217	0,05641148
426	2020	0,026845477	0,054302876	0,111037657	0,013895217	0,044830946
426	2021	0,031740061	0,047632978	0,100416766	0,013224298	0,026048805
427	2017	0,028254147	0,039542402	0,090247197	0,013340013	0,038544066
427	2018	0,028494447	0,033922145	0,08051554	0,013341188	0,028514655
427	2019	0,024364221	0,046290013	0,064579807	0,013483472	0,009352782
427	2020	0,024402685	0,034066281	0,050445765	0,013508793	0,006142463
427	2021	0,027631357	0,030916196	0,047492723	0,007896646	0,002817926
428	2017	0,020086337	0,033395645	0,059783813	0,006086053	0,003918744
428	2018	0,014159254	0,038540394	0,060114766	0,013507662	0,006889554
428	2019	-0,003502982	0,043843211	0,058575578	0,020883266	0,019721249
428	2020	-0,009988939	0,047468276	0,053964233	0,028328206	0,015865547
428	2021	-0,01044639	0,05196901	0,073792702	0,034388659	-0,004402413
429	2017	-0,009864467	0,04988051	0,074872149	0,034106669	0,016166176
429	2018	-0,002846933	0,04782389	0,076129365	0,033931795	0,019242718
429	2019	0,001407465	0,054732141	0,077482095	0,033864589	0,026431325
429	2020	0,00499429	0,0598147	0,078301105	0,033887777	0,031516959
429	2021	0,015410754	0,05764616	0,059043027	0,030473991	0,034775867
430	2017	0,02272701	0,058285058	0,053287663	0,026465851	0,03376945
430	2018	0,022799847	0,047178777	0,053111232	0,022357915	0,044413311
430	2019	0,023627295	0,051031939	0,053073872	0,015526894	0,04609538
430	2020	0,032562933	0,05393132	0,036859981	0,009263202	0,045484885
430	2021	0,0185774	0,060912424	0,045547332	0,00948414	0,030991264
431	2017	0,01507287	0,060488147	0,046504279	0,010563162	0,02583303
431	2018	0,015709485	0,057216755	0,050420961	0,012902584	0,022468536
431	2019	0,009263438	0,049714083	0,055027975	0,01544009	0,026086896
431	2020	0,008075912	0,04547019	0,061501496	0,016908121	0,028574485
431	2021	0,006744382	0,037883628	0,066858246	0,01511433	0,017839493
432	2017	0,009443541	0,039376233	0,08148598	0,012212165	0,009797132
432	2018	0,012810303	0,029130921	0,081655582	0,013816248	0,008104959
432	2019	0,010927632	0,020769031	0,082012456	0,014915269	0,033403748
432	2020	0,023656748	0,010489371	0,086002383	0,014638352	0,04489626
432	2021	0,029010452	0,008453002	0,099635143	0,013468204	0,054954897
433	2017	0,027747999	0,015279801	0,103439643	0,011457006	0,075052822
433	2018	0,024748517	0,012928199	0,108206536	0,009304897	0,078076531
433	2019	0,016938002	0,009806019	0,12139149	0,008240438	0,067320368
433	2020	0,013930125	0,017571204	0,124014132	0,00754998	0,072688127
433	2021	0,01408828	0,022048262	0,109509421	0,007843763	0,081512559
434	2017	0,011434718	0,019640361	0,10886	0,006241213	0,081926651
434	2018	0,004905881	0,016480331	0,109215605	0,005861636	0,064265348
434	2019	0,005528031	0,026973826	0,098496268	0,006995546	0,052483262
434	2020	0,004613947	0,025249139	0,0868584	0,008550065	0,063513851
434	2021	0,002725773	0,022804687	0,082307966	0,009846937	0,039237637
435	2017	0,004357175	0,025141721	0,084667517	0,013508803	0,024746857
435	2018	0,006620253	0,027699253	0,08116584	0,016230242	0,034376412
435	2019	0,007384219	0,019431142	0,085940453	0,019170508	0,044955256
435	2020	0,007719718	0,015180628	0,093161777	0,021998987	0,042177962
435	2021	0,009904377	0,017033585	0,104892149	0,024278883	0,054502217
436	2017	0,009328295	0,017487286	0,104256518	0,035094157	0,059485531
436	2018	0,005781127	0,005622836	0,103936161	0,046599629	0,058157207
436	2019	-0,002139731	0,005654238	0,102566225	0,057551237	0,046019237
436	2020	0,001336575	-0,002401694	0,101232158	0,068907621	0,052031494
436	2021	-0,0013467	0,006708486	0,092296025	0,077833206	0,064920041
437	2017	0,021619078	0,004468991	0,094332476	0,07493162	0,059654424
437	2018	0,022528659	0,001447682	0,087204524	0,071487851	0,039524424
437	2019	0,024087929	-0,000330014	0,091946168	0,068350621	0,027506696
437	2020	0,030431543	-0,001906412	0,080576356	0,065829474	0,01048338
437	2021	0,034413529	-0,001982806	0,091267595	0,054070309	0,005989437
438	2017	0,046862354	-0,000261578	0,101661795	0,042082013	0,012655543
438	2018	0,051536972	0,001298929	0,109071883	0,031201131	0,016387865
438	2019	0,051009494	0,003202573	0,112732372	0,024699862	0,016365544
438	2020	0,07865234	-0,006072966	0,112096982	0,017505989	0,01977342
438	2021	0,078332863	-0,004635356	0,099579799	0,022225488	0,021688293
439	2017	0,099506068	-0,004449678	0,092175502	0,030008613	0,049605102
439	2018	0,104306043	-0,004813114	0,077063187	0,049747348	0,061320124
439	2019	0,098434453	-0,005048987	0,072563989	0,054018316	0,0880318
439	2020	0,09802187	-0,005523658	0,058253001	0,057476789	0,096794722
439	2021	0,085001676	-0,007466857	0,04344745	0,060341638	0,10405163
440	2017	0,076622971	-0,000131731	0,047483126	0,05848485	0,102618976
440	2018	0,068064596	0,010818489	0,055184893	0,051766843	0,10672565
440	2019	0,041036206	0,017795446	0,061341475	0,045737696	0,09866479
440	2020	0,019587187	0,02174781	0,058856164	0,040549575	0,111573039
440	2021	-0,001479142	0,031303172	0,060636732	0,042256956	0,10671007
441	2017	0,007469318	0,030859546	0,063821752	0,022727506	0,09863614
441	2018	0,019298934	0,031140089	0,068325101	0,018545986	0,091770009
441	2019	0,020051662	0,03134724	0,071632711	0,015253796	0,088153529
441	2020	0,019730682	0,042588391	0,080757386	0,011934541	0,080980838
441	2021	0,038549956	0,042096278	0,08072765	0,012397155	0,075247853
442	2017	0,042873106	0,033751336	0,085631446	0,013787997	0,074206328
442	2018	0,043873393	0,028606293	0,080338616	0,01564556	0,07400297
442	2019	0,042025569	0,025778486	0,080035637	0,017448491	0,064794654
442	2020	0,03939343	0,017850759	0,092191544	0,009155165	0,041057246
442	2021	0,023839004	0,026354665	0,108255711	0,009806595	0,033934041
443	2017	0,012204494	0,030040599	0,119558034	0,009345842	0,023574057
443	2018	0,01049035	0,036477551	0,126499981	0,008836821	0,028916167
443	2019	0,007096445	0,028837661	0,130065237	0,008357645	0,038666082
443	2020	-0,007742072	0,02837685	0,1183161	0,007947308	0,039010406
443	2021	-0,003462573	0,030421315	0,108755512	0,006586473	0,039901662
444	2017	0,00193763	0,032454648	0,10379923	0,004728909	0,037848484
444	2018	0,007678661	0,036449621	0,098866264	0,002925978	0,029729405
444	2019	0,013548173	0,043293737	0,08162716	0,001303079	0,036919895
444	2020	0,01785561	0,043606025	0,060445615	9,18307E-05	0,03257616
444	2021	0,020600477	0,045205567	0,044153817	8,89337E-05	0,028552826
445	2017	0,022192938	0,039132569	0,039104103	0,011907966	0,014613826
445	2018	0,025533476	0,035334418	0,033313159	0,022202895	0,013551492
445	2019	0,027279113	0,027358813	0,035263467	0,03122939	0,022613136
445	2020	0,040874178	0,02117989	0,030562103	0,039488412	0,017718886
445	2021	0,063587598	0,015507631	0,03743346	0,046527833	0,027845052
446	2017	0,079170736	0,008935246	0,042446006	0,047337691	0,046657964
446	2018	0,075655461	0,000236904	0,058260245	0,048125057	0,051534198
446	2019	0,091091357	-0,007741691	0,071194118	0,048865374	0,06438606
446	2020	0,108100869	-0,013552277	0,075843175	0,049538916	0,059112337
446	2021	0,128555157	-0,003554295	0,075521494	0,03828263	0,068460808
447	2017	0,132496542	0,004223671	0,073166168	0,027981865	0,057125593
447	2018	0,135607015	0,01312055	0,082028461	0,018903094	0,047602204
447	2019	0,120772213	0,012792245	0,080073893	0,010614065	0,064178582
447	2020	0,092687131	0,013149776	0,090765305	0,003574644	0,071285839
447	2021	0,069594151	0,019901535	0,09688534	0,002799593	0,061918022
448	2017	0,067916715	0,027481263	0,100007678	0,008854322	0,074241522
448	2018	0,047870362	0,034090324	0,106487203	0,01662829	0,070051174
448	2019	0,025653738	0,043676994	0,114595261	0,024479499	0,080211224
448	2020	0,003245768	0,046121338	0,127785601	0,032434434	0,066101212
448	2021	-0,001327136	0,048310643	0,136179702	0,039244526	0,066698802
449	2017	-0,003065219	0,038650442	0,127140166	0,039252539	0,077457614
449	2018	0,000566509	0,039238531	0,128518894	0,039258049	0,069556072
449	2019	0,001169781	0,05146107	0,116744414	0,039261519	0,057545148
449	2020	0,004677716	0,044752477	0,110201861	0,039231612	0,061107555
449	2021	0,011388102	0,043172196	0,097019014	0,032404474	0,049860389
450	2017	0,017748109	0,042115338	0,095631204	0,023972843	0,046422585
450	2018	0,018162762	0,042223495	0,098721962	0,015525329	0,036159797
450	2019	0,018867271	0,029657263	0,095372181	0,007118485	0,047678713
450	2020	0,018679496	0,014318762	0,086164733	0,000310141	0,059772551
450	2021	0,015856916	0,015140392	0,084676415	0,000303522	0,057083904
451	2017	0,013543513	0,016999982	0,092067587	0,000708062	0,043673007
451	2018	0,017179929	0,006786664	0,102493421	0,001121149	0,040280262
451	2019	0,016997141	0,010210284	0,103044676	0,001376414	0,040480676
451	2020	0,012336992	0,005955627	0,109560099	0,001848113	0,027944855
451	2021	0,008459818	0,001890912	0,103367286	0,002272354	0,031581622
452	2017	0,011629341	-0,007630717	0,09964927	0,002195117	0,052146909
452	2018	0,008501829	-0,007496513	0,087953202	0,003844991	0,061884875
452	2019	0,005185029	-0,001795952	0,09065153	0,005358016	0,049893451
452	2020	0,009516423	-0,002256588	0,091878892	0,006728596	0,036972638
452	2021	0,004699199	-0,004829947	0,083884005	0,007673194	0,057594341
453	2017	0,000360544	-0,007189084	0,082286587	0,007256637	0,071270721
453	2018	-0,002742866	-0,011065253	0,09728868	0,006996473	0,067143843
453	2019	-0,007144524	-0,013162257	0,10363386	0,006509817	0,095509416
453	2020	-0,000732531	-0,014959314	0,109940845	0,006002922	0,10334465
453	2021	-0,004102623	-0,015318717	0,116014788	0,006002922	0,109188153
454	2017	0,005423475	-0,016099771	0,115870363	0,004445501	0,094956806
454	2018	0,006205431	-0,016345531	0,113473166	0,003044159	0,103974616
454	2019	0,00961585	-0,016237632	0,113001824	0,001749529	0,131135331
454	2020	0,030722719	-0,016424379	0,117363063	0,000470487	0,115858007
454	2021	0,034260276	-0,005574902	0,107617047	0,000530868	0,106580668
455	2017	0,043759868	-0,001639974	0,092389345	0,000530868	0,102693478
455	2018	0,053084284	0,002329473	0,078636246	0,000530868	0,080528841
455	2019	0,048341633	0,005612407	0,065283668	0,000530868	0,068108402
455	2020	0,052596527	0,009390578	0,05196315	0,000530868	0,050211292
455	2021	0,057440874	0,0139354	0,061657766	0,000326761	0,058941268
456	2017	0,061132404	0,023916979	0,061402304	0,000263829	0,044691029
456	2018	0,07537045	0,031377223	0,062076601	0,000233559	0,023195195
456	2019	0,058819703	0,037851548	0,05656653	0,000195793	0,031247575
456	2020	0,064126632	0,031150989	0,057340333	0,000163815	0,042418824
456	2021	0,069315349	0,030616441	0,056954341	0,000184313	0,041477658
457	2017	0,059447194	0,028542074	0,072403182	0,000265311	0,058801362
457	2018	0,05381951	0,027999608	0,086244263	0,000400698	0,059433249
457	2019	0,05861237	0,026547517	0,096229296	0,000517025	0,065221177
457	2020	0,0446987	0,024442348	0,103149218	0,000626625	0,061568964
457	2021	0,043240455	0,016305195	0,112383297	0,000642672	0,056894318
458	2017	0,020792736	0,008522776	0,122864315	0,001973188	0,051216085
458	2018	0,021366	0,002127358	0,138973496	0,0020509	0,038596272
458	2019	0,01449183	-0,002314212	0,154866546	0,002153579	0,029074811
458	2020	0,003274417	-0,005898173	0,167790872	0,00228567	0,026503349
458	2021	0,007417786	-0,007666356	0,161054382	0,002293686	0,002486098
459	2017	0,020669348	-0,008005462	0,148481538	0,002174343	0,003230996
459	2018	0,013778611	-0,005184778	0,138854586	0,002069567	-0,008266499
459	2019	0,016202904	-0,004010228	0,128939875	0,001967326	-0,015132147
459	2020	0,023565642	-0,003274304	0,120287997	0,001902552	-0,001711706
459	2021	0,032304326	-0,000764558	0,108568832	0,000524961	0,001620926
460	2017	0,041783548	0,001801374	0,090335839	0,000569366	0,021392915
460	2018	0,041693215	0,004160279	0,070722716	0,000597504	0,031909933
460	2019	0,042165741	0,006416916	0,054905753	0,000575223	0,051119516
460	2020	0,042700109	0,008058478	0,042704609	0,000606545	0,072686587
460	2021	0,033285662	0,007378454	0,038252784	0,00070434	0,07083388
461	2017	0,049864721	0,002804221	0,037722767	0,000840471	0,083840802
461	2018	0,05201126	-0,00017266	0,031912344	0,001354266	0,083693488
461	2019	0,062592556	-0,002879034	0,031633389	0,002092388	0,0743072
461	2020	0,072047932	-0,005149324	0,031914582	0,002687511	0,072089848
461	2021	0,075890329	0,003807459	0,034536731	0,00302409	0,070571977
462	2017	0,074319861	0,003691737	0,038269252	0,002880228	0,05040617
462	2018	0,07141596	0,003620299	0,04068646	0,002752997	0,027737475
462	2019	0,067396951	0,003802146	0,048767654	0,002633987	0,027507179
462	2020	0,066901969	0,003943252	0,056084297	0,002529702	0,022014364
462	2021	0,048786153	0,00573076	0,055749531	0,002388706	0,032276415
463	2017	0,045533164	0,010936175	0,054421364	0,007172582	0,034461986
463	2018	0,025335163	0,020745898	0,05880121	0,010722551	0,051122992
463	2019	0,008137857	0,020620956	0,06397082	0,013828521	0,059007662
463	2020	0,001491646	0,009786489	0,069453655	0,014042589	0,04147999
463	2021	0,006690688	0,008068297	0,072356745	0,014797109	0,045616943
464	2017	0,020074508	0,009704768	0,076969916	0,015608114	0,055709319
464	2018	0,035353516	0,011302054	0,077345664	0,016283943	0,041499313
464	2019	0,042358034	0,01363987	0,07856122	0,016870236	0,054807812
464	2020	0,044447441	0,01607576	0,078582458	0,017391823	0,034478305
464	2021	0,065002039	0,015235478	0,079239665	0,012459644	0,034328474
465	2017	0,073868553	0,010502317	0,079705863	0,008399268	0,02472679
465	2018	0,077911099	0,016741929	0,07859919	0,00491083	0,020866331
465	2019	0,066422328	0,028955053	0,07797857	0,0044419	0,040120689
465	2020	0,060383391	0,036313657	0,080068325	0,003904358	0,039893708
465	2021	0,053678171	0,039489822	0,07555424	0,003312443	0,039148663
466	2017	0,040591474	0,035980909	0,070042638	0,002662793	0,039602949
466	2018	0,032791631	0,031488428	0,064343981	0,002335118	0,04505096
466	2019	0,031973209	0,038717685	0,070320643	0,002403626	0,038792666
466	2020	0,015868195	0,036247464	0,07489223	0,002480647	0,032316837
466	2021	0,009994291	0,033200937	0,073454664	0,002436134	0,026984337
467	2017	0,008178503	0,027173298	0,081813018	0,002223479	0,03341241
467	2018	0,008415753	0,014426052	0,084967943	0,001981805	0,022992876
467	2019	0,008581629	0,007117818	0,093673486	0,001749469	0,029159231
467	2020	0,002390771	0,000655631	0,102149688	0,001527302	0,041686083
467	2021	0,002179394	0,010055445	0,110034492	0,001499796	0,047642598
468	2017	0,016721978	0,010275248	0,106704006	0,001231624	0,029322393
468	2018	0,012391504	-0,001105169	0,098340032	0,000634843	0,038784986
468	2019	0,008712978	-0,002935273	0,090569322	0,000184971	0,038756677
468	2020	0,010469004	-0,00493542	0,084295726	-8,23994E-18	0,033587875
468	2021	0,011663505	-0,004684085	0,069951894	-8,23994E-18	0,027233198
469	2017	0,038275727	-0,004622931	0,061550935	-8,23994E-18	0,017025137
469	2018	0,053565071	-0,009963092	0,046436306	-8,23994E-18	0,008258832
469	2019	0,075029998	-0,015680016	0,043779178	0,000124135	-0,000511632
469	2020	0,076924989	-0,030345972	0,039472224	0,000308431	-0,005090001
469	2021	0,076983514	-0,036090752	0,044626721	0,000661884	0,005958546
470	2017	0,077446987	-0,036070723	0,061988048	0,000773275	0,006057483
470	2018	0,077838305	-0,036349479	0,078433559	0,000857618	0,013977269
470	2019	0,075524016	-0,036319264	0,095043067	0,000943707	0,023824943
470	2020	0,073401716	-0,036630434	0,109350891	0,000999909	0,027735732
470	2021	0,057040737	-0,036588261	0,120998343	0,001127155	0,036549085
471	2017	0,040763329	-0,021984592	0,12675932	0,001127155	0,033863963
471	2018	0,01920107	-0,007683808	0,12469898	0,00100302	0,021099
471	2019	0,017297224	0,001651031	0,122148295	0,000818724	0,033606731
471	2020	0,001553201	0,011344701	0,122501864	0,000465271	0,043131245
471	2021	0,004241532	0,013567982	0,110724809	0,00035388	0,041570444
472	2017	0,001639387	0,022883094	0,098127473	0,00034041	0,038663328
472	2018	-0,001434514	0,023290185	0,084459897	0,000296024	0,047200494
472	2019	0,003194362	0,023437664	0,071542979	0,001898811	0,052511852
472	2020	-0,002747489	0,02345047	0,059731879	0,001795011	0,04080557
472	2021	0,005710834	0,023334689	0,054540921	0,001819429	0,062133829
473	2017	0,010856621	0,023404434	0,05354912	0,006178539	0,068911003
473	2018	0,01482351	0,028689347	0,056304144	0,012941048	0,054310471
473	2019	0,018836876	0,036514317	0,057084499	0,017453897	0,044386558
473	2020	0,02699783	0,045862399	0,055113892	0,02239603	0,037902271
473	2021	0,030915422	0,043670026	0,056350827	0,026877763	0,035651752
474	2017	0,035965132	0,054846665	0,056271588	0,028410174	0,024892444
474	2018	0,036531279	0,063779926	0,056207169	0,028278343	0,017093353
474	2019	0,035288037	0,074667075	0,057031847	0,029740133	0,026171866
474	2020	0,028287726	0,076292758	0,056274242	0,031138002	0,004767616
474	2021	0,030209661	0,074673653	0,055509412	0,028085877	0,003205516
475	2017	0,024371444	0,071095998	0,048704793	0,022684806	0,013818322
475	2018	0,017708268	0,071152018	0,042896067	0,019447454	0,014448371
475	2019	0,006287316	0,06261186	0,039089469	0,015663831	0,03199798
475	2020	0,006550723	0,068106462	0,035482794	0,012185929	0,033299328
475	2021	0,001964687	0,065157109	0,033713824	0,011621138	0,030427687
476	2017	-0,004774359	0,055765228	0,03281296	0,010477566	0,02925577
476	2018	-0,008568599	0,044797561	0,031405328	0,009369222	0,043509532
476	2019	-0,006670997	0,034057419	0,031695878	0,008318551	0,049060463
476	2020	-0,016667239	0,027042923	0,029128388	0,007358058	0,047601261
476	2021	-0,017347898	0,0212511	0,031983713	0,024903487	0,04889711
477	2017	-0,01433946	0,009782689	0,035130524	0,02362799	0,046101538
477	2018	-0,009280908	0,006590502	0,038592571	0,02246948	0,037622057
477	2019	-0,009310338	-0,00573873	0,040769157	0,021394775	0,038994485
477	2020	-0,004884208	-0,013976896	0,04282341	0,020385452	0,038555253
477	2021	0,00014838	-0,013689877	0,043345627	0,020001867	0,038452242
478	2017	0,001261443	-0,013874814	0,045182575	0,019624974	0,020749052
478	2018	-0,000539572	-0,001915368	0,045436548	0,019253359	0,027785931
478	2019	0,004243437	-0,00220151	0,046393914	0,018906867	0,045085246
478	2020	0,004058243	0,008573203	0,046282205	-1,23358E-17	0,030790182
478	2021	0,002771692	0,008753977	0,045878062	-1,23358E-17	0,032308234
479	2017	0,000193271	0,008568323	0,045058034	0,000878842	0,029941807
479	2018	-0,002683422	0,017127647	0,045069064	0,001762099	0,044987582
479	2019	-0,002329506	0,018891006	0,044948057	0,002433122	0,040880578
479	2020	-0,005618771	0,021089119	0,045012125	0,002922802	0,056419329
479	2021	-0,001935875	0,023334242	0,043339888	0,003232072	0,053433814
480	2017	-0,001198137	0,013656171	0,050354659	0,003426757	0,062076947
480	2018	-0,005691611	0,016481435	0,061909032	0,00360192	0,056265945
480	2019	-0,004974814	0,00773855	0,062650512	0,00376364	0,05231015
480	2020	-0,001415514	0,009309663	0,063452204	0,004385943	0,045986239
480	2021	-0,002357746	0,01124677	0,064166115	0,003975827	0,05273708
481	2017	0,000947502	0,002877921	0,073676901	0,005356983	0,043696386
481	2018	0,000870567	0,010191557	0,082176131	0,00664035	0,04939254
481	2019	0,005878596	0,018117428	0,082980457	0,007954462	0,042082828
481	2020	0,007373271	0,025735999	0,083839013	0,009290027	0,047008393
481	2021	0,006847709	0,03065402	0,084691594	0,010528569	0,04141364
482	2017	0,01243222	0,034246562	0,073664442	0,010628024	0,034170006
482	2018	0,012218345	0,044808911	0,086750136	0,010694141	0,047316707
482	2019	0,01152336	0,042756811	0,101267888	0,010250235	0,058834884
482	2020	0,010004952	0,04080206	0,117644103	0,009930321	0,051014835
482	2021	0,031438808	0,035148136	0,10832807	0,007777922	0,060350809
483	2017	0,032341627	0,030647289	0,107486149	0,005823532	0,058014902
483	2018	0,05280606	0,028692073	0,116721437	0,00401974	0,058591919
483	2019	0,047535974	0,029370678	0,123941003	0,002374905	0,067755135
483	2020	0,046056736	0,030624742	0,116499819	0,000941678	0,052489478
483	2021	0,050241219	0,033241021	0,127950666	0,00066706	0,057968417
484	2017	0,053080353	0,021161173	0,126160179	0,000487731	0,065194414
484	2018	0,050842021	0,027980651	0,119732379	0,000347677	0,063702204
484	2019	0,053609934	0,033589046	0,116848734	0,000214589	0,081251612
484	2020	0,033724707	0,048544594	0,129462977	0,000107461	0,06502825
484	2021	0,036516932	0,049547476	0,134866196	0,00018382	0,088169812
485	2017	0,019494587	0,041449403	0,127807554	0,002574175	0,094868212
485	2018	0,023480081	0,031492218	0,123464606	0,004873058	0,093373882
485	2019	0,022466594	0,022788068	0,124814322	0,007138981	0,102635147
485	2020	0,015509612	0,014037027	0,113149357	0,008912495	0,093685473
485	2021	0,013716656	0,013521319	0,102894546	0,010694309	0,079627883
486	2017	0,015305513	0,006687694	0,103445133	0,010655965	0,076531438
486	2018	0,012813482	0,001231934	0,100726938	0,010640241	0,060787112
486	2019	0,009899967	-0,01357777	0,094307055	0,010635355	0,077222424
486	2020	0,00663249	-0,025380755	0,081162289	0,010558996	0,071029776
486	2021	-0,001665361	-0,03204003	0,077879441	0,008168641	0,056806492
487	2017	-0,004197717	-0,027538459	0,08239544	0,005869759	0,056722499
487	2018	-0,004062283	-0,022927795	0,092308871	0,003762313	0,05678429
487	2019	0,003616672	-0,0194244	0,092484453	0,002093545	0,061136607
487	2020	0,004820783	-0,015192398	0,095093776	0,000325712	0,074998028
487	2021	0,004884046	-0,01158553	0,085987939	0,000374445	0,079799914
488	2017	0,012684116	-0,009311062	0,07798421	0,004035234	0,095359526
488	2018	0,014099991	-0,000585827	0,073670041	0,007509337	0,084182908
488	2019	0,013997929	0,010364687	0,077436619	0,011165872	0,078189652
488	2020	0,016615913	0,020944887	0,080219122	0,014614858	0,078725122
488	2021	0,022564277	0,018806521	0,075376371	0,017996451	0,078652511
489	2017	0,028601461	0,014445058	0,063335302	0,019316017	0,090371702
489	2018	0,020072904	0,010779824	0,062575148	0,020348149	0,086337784
489	2019	0,020291685	0,006651228	0,063878772	0,020868938	0,070579897
489	2020	0,022644889	-0,002592345	0,065107822	0,020820205	0,075677247
489	2021	0,018069727	-0,010540174	0,060970892	0,017599363	0,05125682
490	2017	0,013107726	-0,01422	0,058346542	0,014144805	0,045118049
490	2018	0,011963162	-0,018872849	0,054003474	0,01050526	0,03695419
490	2019	0,014582546	-0,023171344	0,051239763	0,007071491	0,044061616
490	2020	0,031023489	-0,025872975	0,053850419	0,003721738	0,041284671
490	2021	0,028993073	-0,026158595	0,053955378	0,002271417	0,03678936
491	2017	0,034503738	-0,025905457	0,054626793	0,001254393	0,035370542
491	2018	0,033668695	-0,026368375	0,061858811	0,000739603	0,040620039
491	2019	0,038342472	-0,020751207	0,071466289	0,00078574	0,022701179
491	2020	0,037113966	-0,015106997	0,08289506	0,000409044	0,043948745
491	2021	0,042443903	-0,01464401	0,094822611	0,000511431	0,049558377
492	2017	0,037844851	-0,015271125	0,096896329	0,000494441	0,047351949
492	2018	0,034223462	-0,015108836	0,097611009	0,000479225	0,038444626
492	2019	0,009776581	-0,015055232	0,09302726	0,000447384	0,034873348
492	2020	0,005671579	-0,014789617	0,092764236	0,000419661	0,017716467
492	2021	0,001754228	-0,01512391	0,092505951	0,000299809	0,022847581
493	2017	0,003027472	-0,014861177	0,086604796	0,001120923	0,016532207
493	2018	-0,007036008	-0,014246376	0,076302248	0,001973019	0,034262566
493	2019	-0,006085167	-0,013889863	0,065899838	0,002562182	0,026823555
493	2020	-0,000704106	-0,014328196	0,054110519	0,015869728	0,042168536
493	2021	0,002292384	-0,013986014	0,052551832	0,029009596	0,043888862
494	2017	0,01595826	-0,013470066	0,058003415	0,031060724	0,055580418
494	2018	0,026725126	-0,013246108	0,05805814	0,032520349	0,054757485
494	2019	0,030231913	-0,013249803	0,058247556	0,034105492	0,053041263
494	2020	0,031105362	-0,013217319	0,057770332	0,035514347	0,046079659
494	2021	0,03003841	-0,012810748	0,050821447	0,035661183	0,05411877
495	2017	0,031445715	-0,005099955	0,064017611	0,03476295	0,040222207
495	2018	0,030676782	0,002631614	0,076479582	0,034110536	0,047975523
495	2019	0,02311612	0,007973824	0,087800088	0,020681057	0,032535333
495	2020	0,024532799	0,012852598	0,095062048	0,007541189	0,039934167
495	2021	0,008432774	0,015041379	0,098598199	0,005490062	0,032048828
496	2017	0,000576278	0,016615266	0,097956337	0,004186058	0,027138895
496	2018	-0,000173788	0,018196485	0,107236992	0,002744978	0,0499757
496	2019	-0,001490567	0,020133013	0,116145944	0,001468015	0,04829408
496	2020	-0,001944093	0,022003327	0,129836627	0,00056673	0,036850733
496	2021	-0,001196492	0,016034827	0,126161459	0,000693187	0,030397835
497	2017	-0,002268584	0,007696311	0,126399915	0,000693187	0,015857943
497	2018	0,000366812	0,002572126	0,122277397	0,000693187	0,013994939
497	2019	-0,000732591	-0,002157139	0,123483807	0,000693187	0,009869122
497	2020	0,002040603	-0,010555318	0,125182844	0,000693187	0,021241709
497	2021	0,00410769	-0,012472844	0,131924651	0,000838862	0,021121046
498	2017	0,011404121	-0,014060261	0,132082625	0,007400983	0,010979765
498	2018	0,013282612	-0,016159043	0,13294291	0,014496624	0,021197347
498	2019	0,021716727	-0,018365186	0,12904153	0,022314501	0,029263283
498	2020	0,019291017	-0,020674983	0,127807835	0,029715593	0,049762776
498	2021	0,022183939	-0,0200151	0,129088089	0,03753607	0,049385407
499	2017	0,03434146	-0,020107969	0,121836677	0,03753607	0,046909905
499	2018	0,039665904	-0,020305395	0,114502096	0,03753607	0,046872987
499	2019	0,031377408	-0,014389076	0,103963526	0,03753607	0,034152524
499	2020	0,027853639	-0,014327181	0,096640609	0,037234775	0,038810072
499	2021	0,021985631	-0,01459648	0,087969145	0,030528591	0,035137254
500	2017	0,018737655	-0,014225368	0,078843424	0,023323776	0,030166895
500	2018	0,009041852	-0,013877125	0,069626601	0,01538481	0,020040664
500	2019	0,018438497	-0,014134134	0,061256651	0,00786984	0,015234858
500	2020	0,018741055	-0,014478848	0,058946441	5,94958E-05	0,01436002
500	2021	0,005478309	-0,014540382	0,066934852	0,000173814	0,022980864
501	2017	0,001429036	-0,01451816	0,066156125	0,000173814	0,037322552
501	2018	0,00945292	-0,014863292	0,076139593	0,000173814	0,037835315
501	2019	0,011024181	-0,014973613	0,089897693	0,000173814	0,049501159
501	2020	0,01656987	-0,014993221	0,101810948	0,000173814	0,055187532
501	2021	0,022536758	-0,014957849	0,11836244	0,000151097	0,070758053
502	2017	0,021829213	-0,007802398	0,124487997	0,001343813	0,081952219
502	2018	0,020977876	-0,000379323	0,124454514	0,002233918	0,066731428
502	2019	0,026223128	0,005220055	0,112815875	0,003172752	0,065244507
502	2020	0,043365884	0,016809885	0,105269245	0,003908594	0,058038734
502	2021	0,043225098	0,020036239	0,113151261	0,004553439	0,050016158
503	2017	0,048925097	0,022879814	0,104648894	0,004966711	0,047034338
503	2018	0,056413509	0,025525725	0,093467045	0,005388768	0,036009777
503	2019	0,055347675	0,027483791	0,083689059	0,0058047	0,028509708
503	2020	0,057343039	0,030524264	0,069289673	0,005829661	0,029161626
503	2021	0,062838908	0,025789626	0,067671818	0,004647133	0,026591852
504	2017	0,049018724	0,023032555	0,066795841	0,015179617	0,026688143
504	2018	0,039315049	0,022505333	0,06629129	0,02688006	0,030020931
504	2019	0,017275315	0,014568941	0,072158462	0,03689989	0,044008146
504	2020	0,02208793	0,019982596	0,063857154	0,036637189	0,049670288
504	2021	0,016759156	0,017695282	0,062563447	0,036576388	0,050596168
505	2017	0,01792104	0,015396436	0,059779411	0,043442929	0,051836223
505	2018	0,010072252	0,013173025	0,056853076	0,050458988	0,053713851
505	2019	0,011688395	0,010041331	0,053891374	0,057729607	0,053222101
505	2020	0,017811126	0,007465222	0,051846484	0,078344281	0,067104663
505	2021	0,024983073	0,003292543	0,055228341	0,087182261	0,071801593
506	2017	0,029390744	-0,001942016	0,060849863	0,075614646	0,072086304
506	2018	0,03089027	-0,005701086	0,054309227	0,065697057	0,061459355
506	2019	0,017376361	-0,014374921	0,05389875	0,066272129	0,047491694
506	2020	0,015517987	-0,014616004	0,058825705	0,066903166	0,041002005
506	2021	0,015329233	-0,01465632	0,058966825	0,060530209	0,048435152
507	2017	0,018620472	-0,014237468	0,059349161	0,053098217	0,048862447
507	2018	0,011823735	-0,002198195	0,060426648	0,045802637	0,038054007
507	2019	0,004962395	-0,002678586	0,058336256	0,025163709	0,030260772
507	2020	0,020300762	-0,003169857	0,055830106	0,004890562	0,033525089
507	2021	0,025410804	0,000203974	0,051092987	0,003808766	0,035058802
508	2017	0,028415211	0,005123579	0,051577877	0,002856364	0,024616176
508	2018	0,035585716	0,008658748	0,052008625	0,001899148	0,024580375
508	2019	0,039102143	0,012104551	0,046511883	0,00091564	0,03791689
508	2020	0,03053595	0,014060898	0,04646128	-1,85037E-17	0,023717121
508	2021	0,034803866	0,017273039	0,054759463	-1,85037E-17	0,025837291
509	2017	0,035369665	0,005346186	0,055873865	-1,85037E-17	0,039036872
509	2018	0,032658629	0,005934158	0,055639585	-1,85037E-17	0,026519145
509	2019	0,019927031	0,006156135	0,055766762	2,85913E-05	0,02765817
509	2020	0,033291526	0,002892761	0,054964741	5,87647E-05	0,024404657
509	2021	0,033713031	-0,00205655	0,055115862	8,1452E-05	0,037280674
510	2017	0,033919157	-0,001208646	0,059095034	8,1452E-05	0,039513064
510	2018	0,031309838	0,000380607	0,059135385	8,1452E-05	0,036487516
510	2019	0,033052775	0,002695484	0,063589893	8,1452E-05	0,051400375
510	2020	0,027376348	0,002275868	0,056751635	8,1452E-05	0,062327441
510	2021	0,027504437	0,007094158	0,055034576	8,1452E-05	0,055147378
511	2017	0,026000626	0,00642589	0,063247608	0,000623977	0,063737674
511	2018	0,029986821	0,006079243	0,071833546	0,001223752	0,062992076
511	2019	0,015792815	0,005609648	0,089027104	0,002031457	0,067829726
511	2020	0,021040167	0,005647856	0,102169185	0,002792686	0,081150176
511	2021	0,019138364	0,001124596	0,10627065	0,003535651	0,087013761
512	2017	0,020477588	-0,003391556	0,103007497	0,004135097	0,087059992
512	2018	0,0449905	-0,007844543	0,096444117	0,004715421	0,083771178
512	2019	0,045999663	-0,010696448	0,092237298	0,005287865	0,077955745
512	2020	0,044967871	-0,01573245	0,088630533	0,005859662	0,071942612
512	2021	0,065533045	-0,015037244	0,078117602	0,005877309	0,07466249
513	2017	0,059127375	-0,01469825	0,085647969	0,005248943	0,072796635
513	2018	0,050648796	-0,014326291	0,084768979	0,004411064	0,073826443
513	2019	0,045154751	-0,014340571	0,085160032	0,003627148	0,053519507
513	2020	0,048395891	-0,013936112	0,086701821	0,002884183	0,059429751
513	2021	0,043660445	-0,014153091	0,099556922	0,002284737	0,073304396
514	2017	0,01816499	-0,011357484	0,109688599	0,004510054	0,072567207
514	2018	0,017383069	-0,008881875	0,112840489	0,006591612	0,063621974
514	2019	0,015675885	-0,006204231	0,11690635	0,009652581	0,064966077
514	2020	-0,00313919	-0,00227808	0,119042361	0,012342468	0,05329508
514	2021	-0,002771506	0,000698295	0,10297933	0,017246072	0,056468859
515	2017	-0,00027325	0,009395689	0,087313015	0,017246072	0,051918913
515	2018	0,002238527	0,00937202	0,07407041	0,017246072	0,052492916
515	2019	0,001643982	0,003503966	0,064928724	0,017246072	0,037818007
515	2020	0,001097553	0,003608537	0,055750999	0,017246072	0,019521015
515	2021	0,001164243	0,004478594	0,057038668	0,014440431	0,018312841
516	2017	-0,000680618	0,001881788	0,067541705	0,011786429	0,032702565
516	2018	-0,001499513	-0,000952178	0,081481196	0,008153663	0,028070891
516	2019	0,007732672	-0,005181747	0,081698705	0,004903604	0,028200944
516	2020	0,014897555	-0,008339847	0,088950181	-1,54198E-17	0,023260254
516	2021	0,016601645	-0,017411463	0,098737663	8,63976E-05	0,03602726
517	2017	0,011286357	-0,017142652	0,098834003	0,00020946	0,045583214
517	2018	0,011844781	-0,012053201	0,098831383	0,002026216	0,053745158
517	2019	0,011904332	-0,012435364	0,098490266	0,003160259	0,058336796
517	2020	0,012739477	-0,016146849	0,091172994	0,004356553	0,069437355
517	2021	0,015347589	-0,01599458	0,080225946	0,005570069	0,06296942
518	2017	0,014331905	-0,015604753	0,065941035	0,005714338	0,06593713
518	2018	0,007490985	-0,015253923	0,072142265	0,005822593	0,075366874
518	2019	1,64605E-06	-0,014768915	0,064892816	0,005990533	0,074092812
518	2020	-0,004460292	-0,014430713	0,0558619	0,00607397	0,067501959
518	2021	0,004904264	-0,014646325	0,055554838	0,006156601	0,057884184
519	2017	0,008228961	-0,011668659	0,068068905	0,008928912	0,049821952
519	2018	0,017449239	-0,009677577	0,074232547	0,012322697	0,049387683
519	2019	0,016710392	-0,009236315	0,086889499	0,016430276	0,047289972
519	2020	0,012604202	-0,005576296	0,104056119	0,015420568	0,05495711
519	2021	0,015117014	-0,003406435	0,121026843	0,015420787	0,06653316
520	2017	0,014418125	-0,003394013	0,123260964	0,015312533	0,061852695
520	2018	0,012503205	-0,003667025	0,129595075	0,015144593	0,05706584
520	2019	0,014384219	-0,003318352	0,137627936	0,014974757	0,057138703
520	2020	0,003234026	-0,003355783	0,1502913	0,014769064	0,068537143
520	2021	-0,003842879	-0,005563901	0,149743575	0,010179998	0,068971143
521	2017	-0,012531047	-0,007239049	0,143576214	0,005652169	0,079853714
521	2018	-0,007221996	-0,007704037	0,129657654	0,000348297	0,06760353
521	2019	-0,00710256	-0,011554091	0,112895411	0,000144488	0,054613845
521	2020	-0,010446075	-0,013797503	0,096326041	-1,70822E-17	0,034585619
521	2021	-0,00991615	-0,013789658	0,096406228	-1,70822E-17	0,047696603
522	2017	-0,009855569	-0,009791409	0,089925922	-1,70822E-17	0,056412603
522	2018	-0,010148869	-0,007075586	0,081066231	-1,70822E-17	0,066083158
522	2019	-0,007934285	-0,002332885	0,068648039	-1,70822E-17	0,058846781
522	2020	-0,006314019	0,001404996	0,065648271	-1,70822E-17	0,072361488
522	2021	-0,004190399	0,004059731	0,075204531	-1,70822E-17	0,072762015
523	2017	-0,01089693	0,004361478	0,074511243	-1,70822E-17	0,076706878
523	2018	-0,009474115	0,004409748	0,074540381	-1,70822E-17	0,084239167
523	2019	-0,00588573	0,016200783	0,074063622	-1,70822E-17	0,083579136
523	2020	-0,006995287	0,02822785	0,065133916	-1,70822E-17	0,063461665
523	2021	-0,004656666	0,024622833	0,064768431	-1,70822E-17	0,064426746
524	2017	-0,003450449	0,02117168	0,064905908	0,00014239	0,057081021
524	2018	-0,002433911	0,016460655	0,064885192	0,000259281	0,060768509
524	2019	-0,001741956	0,012417898	0,055871568	0,006619122	0,050049735
524	2020	0,006029299	0,009742895	0,04660925	0,012669208	0,03436604
524	2021	0,011688405	0,009474717	0,047311866	0,018701871	0,023754069
525	2017	0,014785394	0,012851698	0,057558977	0,018830386	0,016427924
525	2018	0,015861809	0,003311988	0,065281987	0,018938596	0,018666772
525	2019	0,013127854	-0,005703181	0,078321563	0,019123842	0,030896581
525	2020	0,01072018	-0,001291403	0,088990903	0,019285401	0,028521644
525	2021	0,008918739	0,002136414	0,101791052	0,019264426	0,015838131
526	2017	0,001727423	0,001913945	0,112203338	0,019155494	0,012227831
526	2018	-0,005884844	0,001681144	0,12722388	0,012795654	0,023388904
526	2019	-0,013291699	0,001348286	0,142028145	0,006745568	0,026942948
526	2020	-0,017175615	0,001372184	0,151549643	0,000712904	0,027610824
526	2021	-0,017436889	-0,001884658	0,15538007	0,00058439	0,037681331
527	2017	-0,017189011	-0,004304446	0,153718305	0,000476179	0,040851158
527	2018	-0,008427696	-0,007679321	0,140319478	0,000290933	0,040272191
527	2019	0,001891816	-0,012558736	0,129124387	0,000129375	0,049840029
527	2020	0,000851319	-0,015189032	0,119834931	7,95992E-06	0,05074317
527	2021	0,008767841	-0,014593631	0,112184447	-1,73186E-17	0,049062841
528	2017	0,015727919	-0,011300634	0,099389442	-1,73186E-17	0,036785456
528	2018	0,013922385	-0,007563401	0,085859057	-1,73186E-17	0,02911473
528	2019	0,011665632	-0,00335014	0,077294706	-1,73186E-17	0,037031642
528	2020	0,017777119	0,00737172	0,06430321	-1,73186E-17	0,039488205
528	2021	0,013616503	0,011324422	0,061201554	-1,73186E-17	0,054349828
529	2017	0,02924977	0,011100667	0,070061288	-1,73186E-17	0,052281125
529	2018	0,022861171	0,010979876	0,081877508	-1,73186E-17	0,042178768
529	2019	0,028172678	0,010761887	0,088599753	-1,73186E-17	0,048220419
529	2020	0,02418473	0,010709111	0,098405346	-1,73186E-17	0,048054248
529	2021	0,021845307	0,007236034	0,105261411	-1,73186E-17	0,046659339
530	2017	0,031756395	0,009771901	0,116030407	-1,73186E-17	0,043112954
530	2018	0,032574229	0,006051743	0,129608165	-1,73186E-17	0,044375183
530	2019	0,022274372	-0,004549156	0,140845925	-1,73186E-17	0,044245478
530	2020	0,022034856	0,000416281	0,138196491	-1,73186E-17	0,024341522
530	2021	0,002671296	0,004991546	0,129507187	-1,73186E-17	0,038340841
531	2017	0,007245605	0,005309686	0,125220777	0,000986985	0,045023779
531	2018	0,009661635	0,005473101	0,123095425	0,001951181	0,046745235
531	2019	0,019562507	0,005440116	0,120315274	0,00271533	0,053213528
531	2020	0,028658642	0,006177805	0,127837279	0,003266619	0,060399501
531	2021	0,022854059	0,000245923	0,123889981	0,003725976	0,071943779
532	2017	0,02437539	0,008973989	0,121197055	0,005767763	0,077237002
532	2018	0,029493077	0,015932516	0,1087775	0,007296755	0,083738869
532	2019	0,032211954	0,016300931	0,11643342	0,008720254	0,103454527
532	2020	0,027916497	0,016574715	0,128713636	0,01001182	0,086787668
532	2021	0,022056807	0,020417983	0,132621789	0,010068775	0,083235524
533	2017	0,038920938	0,020251434	0,134449996	0,009104579	0,089669605
533	2018	0,033912911	0,020055806	0,138432367	0,00834043	0,089847994
533	2019	0,021071664	0,019659807	0,121985029	0,007789142	0,095787656
533	2020	0,024639975	0,018876266	0,120472445	0,007329784	0,093909008
533	2021	0,024926389	0,010094528	0,119082763	0,005287998	0,092613559
534	2017	0,024103321	0,002928764	0,11869999	0,003759006	0,073879214
534	2018	0,027240535	-0,00674278	0,111964807	0,002335507	0,061685925
534	2019	0,035842173	-0,011316558	0,09991876	0,00104394	0,069381616
534	2020	0,036678334	-0,015168522	0,089049124	-1,85037E-17	0,069696683
534	2021	0,012787069	-0,014989744	0,078824822	-1,85037E-17	0,061391086
535	2017	0,010254689	-0,014709187	0,074208902	6,96461E-05	0,04449243
535	2018	0,016749833	-0,014601632	0,082274508	0,000141805	0,034292207
535	2019	0,010598904	-0,013782625	0,085014094	0,000224164	0,039078239
535	2020	0,014955509	-0,005838852	0,082863808	0,000353536	0,046556339
535	2021	0,010358612	-0,005805452	0,083236617	0,00653191	0,043787424
536	2017	0,009632841	-0,00297591	0,082831193	0,008049648	0,0348586
536	2018	-0,000305856	0,003047007	0,088360909	0,009320274	0,025062298
536	2019	0,006859273	0,010180064	0,091322641	0,010547856	0,01502141
536	2020	0,0111359	0,010220313	0,092657453	0,011951466	0,029988904
536	2021	0,009718816	0,013038317	0,085150032	0,013022503	0,052508406
537	2017	0,037804604	0,014717565	0,071622424	0,012950344	0,046562794
537	2018	0,065819893	0,016075542	0,057020449	0,012867986	0,03977749
537	2019	0,087524031	0,009389761	0,043365447	0,012738613	0,05131374
537	2020	0,114772498	0,011047382	0,038069032	0,006560239	0,051546144
537	2021	0,136700171	0,010188979	0,032339736	0,005042501	0,053240581
538	2017	0,139861184	0,004401595	0,043573297	0,003771875	0,063623481
538	2018	0,133094381	-0,002537621	0,052369733	0,002544293	0,082984974
538	2019	0,134545679	-0,002542528	0,059442241	0,001140683	0,058197038
538	2020	0,137213535	-0,005781294	0,0728259	-2,04312E-17	0,034884307
538	2021	0,109886591	-0,007458453	0,078127142	-2,04312E-17	0,054482412
539	2017	0,088373042	-0,009213273	0,08884736	-2,04312E-17	0,053440258
539	2018	0,063701071	-0,010713704	0,093402721	-2,04312E-17	0,020622972
539	2019	0,040288043	-0,004384529	0,10229769	-2,04312E-17	0,026990958
539	2020	0,016677856	0,005226854	0,110865855	-2,04312E-17	0,046456514
539	2021	0,017296935	0,010869945	0,099180743	-2,04312E-17	0,038727046
540	2017	0,013415774	0,012438084	0,087255218	-2,04312E-17	0,024792888
540	2018	0,008131264	0,015489298	0,092810616	-2,04312E-17	0,031058803
540	2019	0,006535766	0,027549242	0,087146748	-2,04312E-17	0,043223926
540	2020	0,008028645	0,038878064	0,086244802	-2,04312E-17	0,024286154
540	2021	0,000790738	0,048895322	0,080348589	0,000792918	0,017108829
541	2017	0,004931412	0,048964346	0,081090893	0,017671153	0,027255834
541	2018	0,005502342	0,040627123	0,07737629	0,033081972	0,026571052
541	2019	0,006414683	0,02928858	0,082712934	0,048037158	0,021650252
541	2020	0,002573088	0,023484062	0,085946261	0,063424899	0,021152899
541	2021	0,002513251	0,021965227	0,094673686	0,077232816	0,028288448
542	2017	0,006644854	0,018561312	0,081017387	0,077232816	0,034707293
542	2018	0,014221616	0,006529449	0,078138594	0,077232816	0,03644969
542	2019	0,016979628	-0,005373318	0,085309489	0,077232816	0,042631521
542	2020	0,016320545	-0,015625506	0,085856064	0,076439898	0,045653913
542	2021	0,014771136	-0,006019702	0,085536863	0,059561663	0,040096499
543	2017	0,015532384	-0,002680725	0,099085964	0,044417964	0,040621638
543	2018	0,015449189	0,000197221	0,104090784	0,029723262	0,035786714
543	2019	0,021643308	0,002648808	0,107735914	0,014738556	0,038510157
543	2020	0,024819862	0,006445778	0,120340114	0,001294994	0,046867809
543	2021	0,023762124	0,010125064	0,13537535	0,001658293	0,049330071
544	2017	0,01938143	0,012064336	0,127925664	0,002061043	0,048850225
544	2018	0,016176366	0,012514381	0,122129726	0,003636133	0,048141686
544	2019	0,019123357	0,013054025	0,123488104	0,007164387	0,062876498
544	2020	0,015454616	0,003229353	0,123305218	0,011833293	0,061694001
544	2021	0,010909197	0,000309118	0,109439331	0,012154128	0,058939278
545	2017	0,007261636	-0,002599076	0,098818835	0,014768629	0,055784812
545	2018	0,004457539	-0,005081174	0,089605516	0,016997345	0,054773831
545	2019	0,002692804	-0,008938453	0,06983501	0,022564043	0,04751485
545	2020	0,000121106	-0,01261793	0,055834909	0,027843732	0,036225179
545	2021	-0,005024189	-0,014532298	0,057961976	0,032666178	0,04237676
546	2017	0,001936251	-0,01142922	0,057508469	0,031091088	0,039291856
546	2018	-0,001253803	-0,007450294	0,056077967	0,027562834	0,034392094
546	2019	-0,003421966	-0,002211621	0,073094863	0,022893928	0,038199664
546	2020	-7,51036E-05	-0,007976129	0,084631402	0,022305972	0,028577158
546	2021	0,004196167	0,000670391	0,090399576	0,022314613	0,022210048
547	2017	0,003858744	0,000405853	0,087453646	0,019682862	0,020029952
547	2018	0,008707304	0,000437816	0,085647645	0,01375181	0,015284094
547	2019	0,015196351	0,006982913	0,083724777	0,008108822	0,021791764
547	2020	0,02194598	0,01146728	0,086523077	0,002883625	0,02134489
547	2021	0,016588145	0,010886905	0,090768435	0,002883625	0,023047713
548	2017	0,04009202	0,006907531	0,099088276	0,002883625	0,033644471
548	2018	0,051445322	0,001934529	0,093148354	0,002883625	0,03753541
548	2019	0,062918361	0,007863061	0,091325733	0,002883625	0,05608775
548	2020	0,067192602	-0,000381759	0,095790914	-6,93889E-18	0,073047713
548	2021	0,081921642	-0,005429153	0,102998356	-6,93889E-18	0,068938752
549	2017	0,079985524	-0,00603177	0,103069739	-6,93889E-18	0,072082342
549	2018	0,071945116	-0,012762228	0,103860645	-6,93889E-18	0,071504113
549	2019	0,065373685	-0,017516904	0,099014323	-6,93889E-18	0,069223615
549	2020	0,059938908	-0,019888645	0,094438704	-6,93889E-18	0,069970244
549	2021	0,040553148	-0,020156374	0,08578917	-6,93889E-18	0,063806404
550	2017	0,029043921	-0,018501753	0,075234198	1,90152E-05	0,073603046
550	2018	0,014491211	-0,01640639	0,076431977	2,72045E-05	0,061486641
550	2019	0,006651712	-0,013255349	0,073295361	0,000117415	0,043263102
550	2020	-0,010436663	-0,002767195	0,066782476	0,000365728	0,048352435
550	2021	-0,009588961	-0,002816535	0,067427299	0,000663403	0,056410725
551	2017	-0,005032424	-0,002668673	0,067508155	0,000663403	0,046232177
551	2018	-0,004738744	-0,002318673	0,068400582	0,000663403	0,037611279
551	2019	-0,000884955	-0,00265089	0,068766263	0,000663403	0,030895634
551	2020	-0,001677061	-0,002326474	0,06915027	0,000663403	0,015919726
551	2021	0,022100826	-0,004028434	0,07674473	0,000644388	0,004925666
552	2017	0,025269505	-0,006398971	0,074483838	0,000636199	0,006087207
552	2018	0,026533228	-0,010243965	0,071077547	0,000545988	0,02676379
552	2019	0,028113366	-0,015751437	0,071149542	0,000297675	0,036813389
552	2020	0,030944728	-0,015051037	0,070872039	-6,93889E-18	0,040789686
552	2021	0,029391391	-0,005988801	0,077701221	-6,93889E-18	0,062127535
553	2017	0,038296286	-0,006118851	0,077748068	-6,93889E-18	0,066623947
553	2018	0,036864355	-0,005892838	0,076999748	-6,93889E-18	0,079706166
553	2019	0,035075304	-0,006506798	0,077118326	-6,93889E-18	0,101132572
553	2020	0,011399997	-0,006801253	0,068825503	-6,93889E-18	0,112637026
553	2021	0,008271298	-0,006822106	0,060721076	-6,93889E-18	0,11245194
554	2017	0,00818513	-0,001764842	0,054226568	-6,93889E-18	0,099086695
554	2018	0,008288634	0,003865585	0,054170405	-6,93889E-18	0,092748763
554	2019	0,002306533	0,010599088	0,054287925	-6,93889E-18	0,073923449
554	2020	0,002773331	0,007387469	0,047181347	-6,93889E-18	0,05814088
554	2021	-0,00134208	0,012921014	0,046888482	-6,93889E-18	0,058467211
555	2017	-0,002941083	0,013197219	0,049290146	0,000765941	0,052750773
555	2018	-0,000749552	0,013816711	0,049359648	0,001204244	0,041926031
555	2019	0,007473378	0,014125262	0,048492188	0,001495209	0,026856999
555	2020	0,018027577	0,014226752	0,04635229	0,002311975	0,039994239
555	2021	0,019281127	0,018211353	0,043505336	0,002311975	0,03209679
556	2017	0,01988642	0,012827341	0,054500661	0,002311975	0,030824787
556	2018	0,025736829	0,005725951	0,066264395	0,002345446	0,029898752
556	2019	0,023072424	-6,65451E-05	0,078575091	0,002359924	0,035539265
556	2020	0,018544551	-0,005297205	0,087886943	0,002359924	0,025161187
556	2021	0,021731727	-0,005717477	0,093638845	0,001593983	0,014629725
557	2017	0,022036617	-0,006536489	0,09267024	0,00115568	0,005111269
557	2018	0,012140598	-0,006891	0,09544549	0,000864716	0,01426891
557	2019	0,001336589	-0,00663977	0,096858152	4,79492E-05	0,001138724
557	2020	-0,002558545	-0,015006705	0,098811407	4,79492E-05	0,012817915
557	2021	-0,002983135	-0,014648874	0,087040664	4,79492E-05	0,011677783
558	2017	-0,001217331	-0,012815047	0,075829412	0,000192611	0,01287875
558	2018	-0,000170011	-0,010897828	0,063120155	0,000371562	0,011402489
558	2019	0,002575608	-0,009352415	0,053615707	0,000486265	0,019635839
558	2020	0,001059699	-0,005011991	0,045295563	0,000557964	0,024846155
558	2021	0,004415069	-0,004271255	0,05088477	0,000619349	0,030127625
559	2017	0,014564037	0,005334436	0,049680816	0,000619349	0,017634236
559	2018	0,014131621	0,005494769	0,050370454	0,000619349	0,02158551
559	2019	0,025613013	0,016348055	0,051106664	0,000619349	0,015349983
559	2020	0,018836571	0,018601795	0,062053218	0,000619349	0,029783826
559	2021	0,012555736	0,019029028	0,075877071	0,000441215	0,045693747
560	2017	0,013458135	0,020205625	0,075866265	0,002908629	0,045573759
560	2018	0,012833777	0,021673352	0,076512594	0,005505882	0,051704333
560	2019	0,012388954	0,02146049	0,076646135	0,007934356	0,052475977
560	2020	0,006835259	0,02552343	0,071081726	0,010417004	0,067406215
560	2021	-0,002728489	0,019945248	0,070479225	0,013544612	0,064521022
561	2017	-0,003232535	0,019572096	0,077221095	0,013544612	0,065685364
561	2018	-0,012764708	0,007951732	0,085815304	0,013544612	0,068886703
561	2019	0,000678961	0,00530822	0,075322312	0,013558975	0,058285582
561	2020	-0,00358817	0,002763076	0,061278737	0,013572373	0,049318059
561	2021	0,002914207	-0,006180437	0,070721912	0,010920015	0,059571036
562	2017	0,00024144	-0,009466294	0,087228777	0,00820806	0,055294359
562	2018	-0,000851517	-0,013727267	0,09462404	0,005707887	0,059043708
562	2019	-0,001829356	-0,017963958	0,104499571	0,003163855	0,047846867
562	2020	0,000932822	-0,022214235	0,121025317	3,62468E-05	0,071134291
562	2021	0,005585572	-0,022255501	0,121695919	3,62468E-05	0,068580079
563	2017	0,006405233	-0,009352492	0,12973689	3,62468E-05	0,091124231
563	2018	0,000474599	0,00177957	0,14511414	2,18836E-05	0,101289686
563	2019	0,004314346	0,003939627	0,14499252	8,48513E-06	0,110501014
563	2020	-0,001816348	0,011494371	0,142830949	-8,88293E-18	0,097590826
563	2021	0,002411228	0,013187642	0,136796508	-8,88293E-18	0,113703896
564	2017	0,002652315	0,025697821	0,133332147	-8,88293E-18	0,109491067
564	2018	0,005576731	0,037109123	0,126487543	-8,88293E-18	0,10610046
564	2019	0,008599045	0,046660033	0,111398224	-8,88293E-18	0,09363288
564	2020	0,006384725	0,053473488	0,103107	-8,88293E-18	0,087233714
564	2021	0,006156208	0,0463787	0,086291529	-8,88293E-18	0,062032107
565	2017	0,004295819	0,042015066	0,075155579	-8,88293E-18	0,044654157
565	2018	0,000570097	0,051118286	0,079300013	1,77237E-05	0,029740432
565	2019	0,003116158	0,059202928	0,077174217	3,19642E-05	0,030873746
565	2020	0,002969846	0,063350745	0,066840105	5,21876E-05	0,010011638
565	2021	0,001562318	0,056416151	0,064709348	7,34441E-05	0,005081434
566	2017	0,003597622	0,045503369	0,061765418	0,000460746	0,004160968
566	2018	0,000544162	0,036589345	0,060162156	0,000817107	-0,000801391
566	2019	0,008769406	0,029946332	0,060681535	0,001131287	0,006289152
566	2020	0,011040333	0,024857775	0,060165609	0,001407044	0,001609276
566	2021	0,011893135	0,029043514	0,056881858	0,00437642	0,002614774
567	2017	0,034631767	0,011267848	0,05555736	0,004658826	0,017191894
567	2018	0,03372625	0,001835145	0,055808822	0,004887075	0,008989518
567	2019	0,04796302	0,001057151	0,054551223	0,005137032	0,007789765
567	2020	0,05635427	-0,001556521	0,057670412	0,005457949	0,025754523
567	2021	0,059342549	0,000162344	0,05805247	0,010239644	0,033051075
568	2017	0,059979583	-0,000473429	0,06876022	0,016311431	0,046024654
568	2018	0,052854868	-0,000467513	0,069054088	0,020016839	0,05651145
568	2019	0,043255544	-0,000802224	0,069710338	0,023817365	0,075683108
568	2020	0,043029574	-0,011415501	0,078997913	0,025286495	0,084613413
568	2021	0,021564542	0,006531598	0,088230831	0,028625217	0,073296698
569	2017	0,017070108	0,00601831	0,093747515	0,030993838	0,073985388
569	2018	0,003762321	0,00093017	0,105693887	0,031332239	0,069844413
569	2019	0,005003681	-0,00197407	0,11548069	0,031563743	0,060934831
569	2020	-0,000931574	-0,004335904	0,129384307	0,026906251	0,052673848
569	2021	0,001248385	-0,004508647	0,133414487	0,021016486	0,040425427
570	2017	-0,000243312	-0,004571158	0,139599124	0,018618664	0,033861352
570	2018	0,006002025	-0,004660752	0,152345744	0,016205234	0,031064653
570	2019	0,004343797	-0,004865871	0,156585494	0,013824947	0,026566563
570	2020	0,005374751	-0,015474207	0,144254828	0,011953751	0,034893401
570	2021	0,007466837	-0,004553262	0,133352162	0,010786019	0,05807538
571	2017	0,007044131	0,003186096	0,121426868	0,01044272	0,069280519
571	2018	0,002254645	0,003898266	0,109027179	0,010092749	0,078447052
571	2019	0,003178817	0,003989473	0,095578313	0,011292519	0,090841761
571	2020	0,000151154	0,004238802	0,080614268	0,012424221	0,096309506
571	2021	0,003431559	0,003528428	0,071867074	0,012108115	0,097908919
572	2017	0,030885555	-0,002575286	0,072871929	0,010445261	0,101523318
572	2018	0,059817541	-0,006601596	0,069423709	0,008387043	0,11362916
572	2019	0,062259068	-0,001686929	0,077308731	0,006619388	0,105412997
572	2020	0,064768818	-0,010145176	0,073887602	0,005183317	0,083538
572	2021	0,0613299	-0,013403099	0,070319531	0,009664674	0,095627104
573	2017	0,061306848	-0,001841661	0,067914646	0,009440968	0,084981414
573	2018	0,061469156	-0,001732221	0,067025875	0,007729693	0,08039004
573	2019	0,068547724	-0,001553552	0,067367201	0,006059608	0,081043364
573	2020	0,064091429	-0,000908608	0,075668273	0,004753948	0,069999504
573	2021	0,034647461	0,015548272	0,061153653	0,004753948	0,055586767
574	2017	0,009444574	0,022096758	0,055682831	0,020608746	0,042979879
574	2018	0,009273479	0,019463564	0,050870132	0,035635044	0,03368146
574	2019	0,008806163	0,022222031	0,058359807	0,049132735	0,039298914
574	2020	0,011763382	0,022249692	0,061964708	0,057672326	0,020654268
574	2021	0,014256925	0,013958561	0,068133682	0,070380476	0,013855735
575	2017	0,014766951	0,018308172	0,075908355	0,072922596	0,013855278
575	2018	0,003392984	0,028014135	0,085552232	0,075291925	0,008413763
575	2019	0,002787561	0,03812801	0,092865721	0,077731453	0,014043609
575	2020	0,002820631	0,038753447	0,10423152	0,077731453	0,010866706
575	2021	0,000938841	0,041330296	0,110886971	0,061876655	0,007446735
576	2017	0,002978535	0,040332139	0,1124788	0,047413312	0,011938525
576	2018	0,007618548	0,037081082	0,116479685	0,034088447	0,02836783
576	2019	0,007841091	0,034422996	0,11696225	0,021032105	0,023244649
576	2020	0,004386311	0,042864073	0,110988381	0,008495157	0,021731728
576	2021	0,002855862	0,045141496	0,103028908	0,006066006	0,009432236
577	2017	0,009134093	0,037787335	0,098826862	0,003696677	0,009125369
577	2018	0,015153666	0,029776384	0,091066176	0,001257149	0,000484991
577	2019	0,018233612	0,020997142	0,079610159	0,001257149	0,005963226
577	2020	0,012440555	0,017531207	0,070279273	0,001257149	0,002256641
577	2021	0,001467178	0,017400995	0,066766959	0,000694195	-0,002337346
578	2017	0,006919208	0,020241021	0,060101412	0,001182046	-0,022558655
578	2018	0,013458939	0,021489752	0,059963223	0,001754654	-0,017165328
578	2019	0,024070903	0,012312981	0,060276439	0,002324136	-0,009316655
578	2020	0,038609477	0,008746552	0,060768318	0,002843521	0,01196982
578	2021	0,043368182	0,009066563	0,055553268	0,003287573	0,010113948
579	2017	0,038716528	0,006834554	0,052118132	0,003943445	0,011415943
579	2018	0,03793294	0,005198091	0,055674261	0,004582434	0,006520144
579	2019	0,047356209	0,003771351	0,058507958	0,005154589	0,016876969
579	2020	0,056747852	0,002502317	0,061307274	0,005609327	0,01383835
579	2021	0,047418091	0,009901409	0,066188896	0,005306028	0,019733764
580	2017	0,039530764	0,008964627	0,066608164	0,005488347	0,035849714
580	2018	0,027918715	0,007966293	0,066923896	0,005676427	0,039606009
580	2019	0,012583269	0,008094401	0,075045653	0,005683258	0,028225083
580	2020	0,004702162	0,009637279	0,081296859	0,005775515	0,031279819
580	2021	0,006105076	0,012531783	0,079492485	0,005774025	0,028050221
581	2017	0,005619396	0,019330305	0,075966204	0,0078235	0,045639851
581	2018	0,005724857	0,022469726	0,069553933	0,010165283	0,034758456
581	2019	0,004019219	0,024077595	0,070721788	0,012291713	0,043926828
581	2020	0,003901304	0,014763446	0,064405887	0,013988859	0,044613992
581	2021	0,010123525	0,015959376	0,064161366	0,014808157	0,031126147
582	2017	0,010872857	0,016885444	0,079513948	0,013879392	0,033687599
582	2018	0,011016666	0,017271213	0,080326135	0,013240208	0,042652214
582	2019	0,011958292	0,017605101	0,086482753	0,012703899	0,03432938
582	2020	0,012934161	0,017567997	0,101930551	0,012049517	0,04187752
582	2021	0,020970946	0,013327994	0,112548075	0,009361052	0,030656119
583	2017	0,029731115	0,014545316	0,112504892	0,008740966	0,039951718
583	2018	0,030850602	0,017119376	0,107070932	0,008431681	0,041712863
583	2019	0,037633425	0,019322365	0,106828263	0,008707606	0,039554081
583	2020	0,039584866	0,021963431	0,105793474	0,009195576	0,03824657
583	2021	0,040048304	0,024343931	0,089185895	0,01158749	0,031178077
584	2017	0,062037707	0,020591969	0,079013253	0,01158749	0,029266132
584	2018	0,05936255	0,016364932	0,0662328	0,01158749	0,034510396
584	2019	0,057132466	0,013286837	0,053900437	0,01158749	0,030355678
584	2020	0,052319265	0,010344679	0,047346299	0,01158749	0,028855652
584	2021	0,042653084	0,005768911	0,047400422	0,021647775	0,031073382
585	2017	0,041747254	0,004128216	0,048062975	0,020687358	0,035874267
585	2018	0,032132237	0,00142687	0,048831512	0,018951425	0,028570967
585	2019	0,020904223	-0,000589004	0,050317164	0,017696887	0,030096938
585	2020	0,019517825	-0,005330904	0,057572375	0,01671842	0,03405087
585	2021	-0,001446895	-0,007015685	0,069841184	0,017877865	0,037914828
586	2017	0,003314953	-0,005481249	0,069867067	0,01856826	0,040535713
586	2018	0,016570182	-0,003493624	0,067663322	0,020976114	0,044680805
586	2019	0,022366096	0,000627115	0,064049723	0,023097107	0,053823263
586	2020	0,025046071	0,005224665	0,064680458	0,012431732	0,046863267
586	2021	0,030226919	0,006351337	0,064615539	0,012620859	0,039392746
587	2017	0,02829256	0,00412495	0,06761978	0,027688305	0,044838722
587	2018	0,037383981	0,00013459	0,070363417	0,045038041	0,04444197
587	2019	0,029569549	-0,000522362	0,066788444	0,060684112	0,04092135
587	2020	0,02592142	0,001513219	0,056724719	0,076913823	0,026658874
587	2021	0,026191287	-0,000338552	0,059780557	0,093611034	0,02759833
588	2017	0,015180383	0,005464035	0,059935556	0,091540638	0,027136732
588	2018	0,008062128	0,009059574	0,061200805	0,108960897	0,013150242
588	2019	0,003513611	0,011821024	0,060850952	0,124295969	0,012508454
588	2020	-0,001587666	0,018835402	0,060179121	0,139096756	0,006637739
588	2021	0,008945239	0,027122706	0,056910116	0,138418808	0,005401389
589	2017	0,017901511	0,02713244	0,054005352	0,120190728	-0,003797378
589	2018	0,040139709	0,038157576	0,063989012	0,103296512	0,0092171
589	2019	0,061827694	0,045639817	0,077999185	0,086059667	0,024114523
589	2020	0,07350819	0,052481911	0,087628146	0,068718965	0,03526608
589	2021	0,094109086	0,05120966	0,097650356	0,068417351	0,042661488
590	2017	0,092747737	0,043307408	0,104151058	0,049344612	0,057504048
590	2018	0,092737857	0,035806759	0,113672098	0,032794785	0,056359603
590	2019	0,092215647	0,025175891	0,126681803	0,016991353	0,069786418
590	2020	0,090877156	0,026467126	0,127929801	0,0022859	0,084016029
590	2021	0,082049666	0,0261731	0,137269723	0,002435401	0,086220989
591	2017	0,067063502	0,01695155	0,126591741	0,004537829	0,086308425
591	2018	0,048216645	0,010892042	0,114733434	0,006373722	0,069336789
591	2019	0,033297758	0,005953583	0,104566152	0,011143681	0,052650473
591	2020	0,011891864	0,001835155	0,09480516	0,015398878	0,05876384
591	2021	0,012202083	0,004055269	0,090460731	0,018806289	0,03987238
592	2017	0,009065145	0,01399781	0,078418678	0,018332283	0,044565186
592	2018	0,016907005	0,013635362	0,062243444	0,017834336	0,039267386
592	2019	0,016202974	0,013336149	0,057684121	0,017548465	0,033307631
592	2020	0,008029389	0,017180495	0,045077849	0,017239763	0,039356664
592	2021	0,008747651	0,017626725	0,040206413	0,014972031	0,025862774
593	2017	0,010414902	0,025843522	0,0370459	0,015747584	0,030076002
593	2018	0,015118125	0,03369707	0,036412544	0,014025935	0,027738518
593	2019	0,020449385	0,031993452	0,040251138	0,024409984	0,012264077
593	2020	0,0298645	0,041051405	0,040079978	0,033058542	0,033144404
593	2021	0,035629703	0,039145049	0,042442327	0,053060952	0,036318116
594	2017	0,034177487	0,043381448	0,04812602	0,053583967	0,033626612
594	2018	0,03445035	0,037396981	0,055095888	0,055521434	0,024359156
594	2019	0,037276822	0,035807512	0,061661924	0,063466369	0,021052888
594	2020	0,037966639	0,035978244	0,065711996	0,071631708	0,014258997
594	2021	0,041219107	0,027831565	0,067163816	0,076105138	0,00851046
595	2017	0,062164181	0,017854445	0,066684488	0,074881143	0,038566409
595	2018	0,071947185	0,017492159	0,05902765	0,060986776	0,039767222
595	2019	0,087518706	0,006330947	0,053766546	0,048462295	0,025327735
595	2020	0,102960645	-0,007584709	0,052011506	0,028459884	0,014158569
595	2021	0,11643524	-0,017076886	0,046410108	0,027936869	0,008336739
596	2017	0,117635498	-0,020462903	0,042794356	0,026045861	0,01595361
596	2018	0,123053322	-0,022095889	0,039339058	0,018122484	0,025952215
596	2019	0,124176474	-0,024112319	0,038240735	0,009978174	0,039895675
596	2020	0,13144121	-0,025859728	0,036762897	0,002838917	0,04571146
596	2021	0,117489829	-0,025581841	0,036098187	0,001145675	0,033766316
597	2017	0,103573045	-0,026228211	0,034279614	0,002419387	0,038213085
597	2018	0,08620963	-0,026215869	0,032356809	0,005125949	0,041032844
597	2019	0,074562096	-0,020615636	0,031012095	0,008361788	0,056255689
597	2020	0,059753934	-0,021342251	0,030507428	0,011099227	0,068741327
597	2021	0,064403076	-0,029217151	0,026272696	0,013423398	0,078165517
598	2017	0,058791291	-0,026917828	0,032839007	0,014713062	0,076564118
598	2018	0,07198245	-0,022938595	0,032611508	0,015614439	0,075675365
598	2019	0,062157998	-0,022977587	0,033207718	0,035952937	0,088125885
598	2020	0,051478547	-0,0230649	0,033294111	0,056115434	0,069008009
598	2021	0,048137194	-0,022172165	0,044240695	0,054504486	0,063412782
599	2017	0,040956145	-0,021804176	0,054749975	0,054594706	0,064809608
599	2018	0,027183901	-0,021123227	0,073070746	0,053291178	0,056417706
599	2019	0,030339139	-0,01514489	0,083920076	0,052654732	0,05202392
599	2020	0,022685272	-0,007110797	0,102169949	0,051188754	0,051844237
599	2021	0,029014664	-0,009736515	0,102078302	0,050725972	0,063780371
600	2017	0,015024811	-0,0137338	0,103923899	0,049803567	0,071012363
600	2018	0,013461864	-0,013903215	0,102975239	0,029367138	0,074025564
600	2019	0,018820533	-0,014068627	0,102282748	0,009026665	0,101486865
600	2020	0,019480153	-0,014203284	0,099353978	0,008583177	0,113675231
600	2021	0,025822996	-0,002397553	0,096866973	0,005786396	0,101494783
601	2017	0,055394794	-0,002956494	0,087441868	0,003921269	0,115333994
601	2018	0,069405701	-0,001047352	0,085103177	0,00186392	0,11189386
601	2019	0,087425741	8,17658E-05	0,070629173	0,000993171	0,112747115
601	2020	0,081635683	0,002041821	0,066559149	0,000149997	0,110145607
601	2021	0,079661119	0,003705031	0,064260927	0,000151955	0,099502601
602	2017	0,077975876	0,010356078	0,081275134	0,000151955	0,08506429
602	2018	0,071061817	0,018822741	0,09119221	0,000151955	0,076640121
602	2019	0,072883751	0,028004805	0,09489231	0,000151955	0,059210525
602	2020	0,067258383	0,021425849	0,098806098	0,000151955	0,081768883
602	2021	0,044990486	0,025882641	0,107284025	8,47701E-05	0,081394879
603	2017	0,021915863	0,025610012	0,104543098	4,11262E-05	0,097952884
603	2018	0,00437738	0,02614549	0,106216927	7,22311E-06	0,084251239
603	2019	0,007308622	0,025994318	0,103308824	1,95755E-06	0,07387014
603	2020	0,009696766	0,027824545	0,105387769	5,32863E-17	0,080230204
603	2021	0,017529507	0,028137494	0,089645087	0,000150907	0,071399551
604	2017	0,024754224	0,020199982	0,075418538	0,000597539	0,067268734
604	2018	0,022454035	0,011077433	0,06305585	0,000976574	0,076456937
604	2019	0,02177145	0,005812585	0,050627464	0,001334812	0,062808748
604	2020	0,029048283	0,001895396	0,032475978	0,001672571	0,049983808
604	2021	0,028737377	6,81953E-05	0,026384447	0,023560816	0,036913677
605	2017	0,025293268	-0,001557702	0,025875341	0,035025588	0,039716752
605	2018	0,029808216	0,009401612	0,027673919	0,054945323	0,036734879
605	2019	0,028014359	0,018237954	0,026912553	0,066016428	0,026389612
605	2020	0,018991322	0,017177451	0,027210803	0,076806858	0,030969248
605	2021	0,004613009	0,020375512	0,035834951	0,086701818	0,024246763
606	2017	0,028829222	0,019814492	0,05353638	0,086322784	0,032880245
606	2018	0,040752632	0,019547881	0,074593043	0,085964545	0,034847594
606	2019	0,045246228	0,019323713	0,093938523	0,085626787	0,036696272
606	2020	0,053900402	0,019526936	0,111796821	0,063738541	0,037443654
606	2021	0,04972873	0,019168511	0,125297669	0,052273769	0,042178633
607	2017	0,039113167	0,013864109	0,123950251	0,032435704	0,044190246
607	2018	0,036103245	0,010334069	0,123029953	0,02138833	0,040994857
607	2019	0,046542309	0,005111508	0,121510045	0,010499803	0,036057419
607	2020	0,057187594	0,010942457	0,117059924	0,000303151	0,029695919
607	2021	0,031645765	0,011686086	0,103414997	0,000394235	0,025354447
608	2017	0,017449495	0,011575142	0,09543641	0,000394235	0,037526656
608	2018	0,002692505	0,011404401	0,080891471	0,000394235	0,031662828
608	2019	0,007073701	0,011212284	0,075964245	0,000394235	0,038429106
608	2020	0,011320557	0,011777098	0,071474007	0,000394235	0,027636575
608	2021	0,014730248	0,004085043	0,08027403	0,000312565	0,020351358
609	2017	0,016333059	-0,001028109	0,080409939	0,002054622	0,03714856
609	2018	0,013158015	0,001363693	0,081563358	0,004005737	0,036125845
609	2019	0,011254802	-0,006266078	0,08149752	0,005889182	0,056109646
609	2020	0,013381859	-0,004830715	0,082140153	0,005798098	0,049944096
609	2021	0,017737255	-0,002920835	0,080871262	0,005798098	0,043249713
610	2017	0,021934502	0,005989	0,081268475	0,005798098	0,040169572
610	2018	0,011755254	0,013718359	0,071751872	0,005801078	0,035056219
610	2019	0,012477476	0,022516922	0,059559394	0,0065977	0,048649158
610	2020	0,034274243	0,031978851	0,050233904	0,006907798	0,059411137
610	2021	0,042015386	0,038164927	0,050266377	0,005304155	0,054079234
611	2017	0,038474934	0,037758637	0,049563775	0,003301856	0,075297432
611	2018	0,040211443	0,039625781	0,052144649	0,001278617	0,069738227
611	2019	0,04303369	0,041074681	0,048450778	0,001324849	0,060175867
611	2020	0,039321768	0,043112423	0,037886657	0,001443024	0,055509073
611	2021	0,060039267	0,03656204	0,033049633	0,001554724	0,077342578
612	2017	0,070239428	0,034852879	0,033754806	0,002204657	0,06771945
612	2018	0,080294998	0,029017759	0,037033183	0,001979712	0,05127644
612	2019	0,068179563	0,022265456	0,03917711	0,002552048	0,044355696
612	2020	0,073455271	0,014610044	0,041122909	0,003261652	0,029837385
612	2021	0,077746696	0,014195047	0,042744876	0,003697346	0,012520997
613	2017	0,075808009	0,010956029	0,04991189	0,004258164	0,006116586
613	2018	0,078792373	0,007720653	0,06891879	0,004906636	0,015218639
613	2019	0,082119335	0,003955356	0,08476438	0,005398239	0,023569575
613	2020	0,058179483	0,001731194	0,098561462	0,005802198	0,022370398
613	2021	0,053971144	-0,00409979	0,1131072	0,005529329	0,038111487
614	2017	0,049393735	-0,003893443	0,121013496	0,004957652	0,036863602
614	2018	0,037825304	-0,003330413	0,127055048	0,004075218	0,049537014
614	2019	0,02628285	-0,000842933	0,125547561	0,003203469	0,066556974
614	2020	0,017781869	0,002799806	0,123962754	0,008317762	0,076249184
614	2021	0,015936706	0,008156182	0,125347489	0,007751796	0,080077881
615	2017	0,018567215	0,00852052	0,118672372	0,007195924	0,082773519
615	2018	0,019427874	0,016987029	0,119692313	0,007140788	0,070961501
615	2019	0,024050456	0,022581324	0,122256908	0,007417113	0,050935107
615	2020	0,018392893	0,028707219	0,117636709	0,007585976	0,044439721
615	2021	0,012564699	0,028705666	0,125339755	0,007908328	0,061853725
616	2017	0,019024832	0,02568667	0,130619625	0,007908328	0,058228535
616	2018	0,022641051	0,020303542	0,136987026	0,007908328	0,047058935
616	2019	0,030755656	0,014669438	0,137055328	0,002356716	0,052624069
616	2020	0,038477989	0,008962493	0,126936683	0,002356716	0,039058571
616	2021	0,031341788	0,008470474	0,130635821	0,002217886	0,039366161
617	2017	0,02631282	0,003175622	0,116513225	0,001663243	0,041345443
617	2018	0,024182402	0,000102822	0,103596717	0,000871259	0,047176582
617	2019	0,021951435	-0,002968806	0,098576798	0,000322352	0,041564035
617	2020	0,018754294	-0,003399658	0,087028092	4,58738E-17	0,025991254
617	2021	0,020211388	0,000151021	0,073671901	4,58738E-17	0,018038236
618	2017	0,018354236	0,002967765	0,067036628	4,58738E-17	0,024681227
618	2018	0,009980914	0,007594948	0,067970682	4,58738E-17	0,024692408
618	2019	0,004561074	0,012034437	0,072576407	4,58738E-17	0,0360395
618	2020	0,007298392	0,017646324	0,060083312	4,58738E-17	0,037221831
618	2021	0,013428313	0,01916252	0,061055763	4,58738E-17	0,038545785
619	2017	0,012684416	0,016550119	0,065140205	0,000396416	0,050835991
619	2018	0,011961678	0,013224889	0,065561401	0,000958505	0,061830436
619	2019	0,01594437	0,010148661	0,06675967	0,001766371	0,071645338
619	2020	0,007589579	0,006603063	0,066498141	0,002561596	0,062183667
619	2021	0,006578874	0,012659942	0,065767402	0,00314295	0,056122182
620	2017	0,010534104	0,010455192	0,074996664	0,003464088	0,042723545
620	2018	0,009909101	0,008884464	0,079635535	0,00375594	0,032275429
620	2019	0,013548763	0,002751801	0,088959757	0,00400979	0,035541442
620	2020	0,009368792	-0,004286128	0,088947397	0,004231704	0,025211999
620	2021	0,009981125	8,68198E-05	0,100430159	0,004010982	0,017716688
621	2017	0,010953246	0,009675206	0,102824525	0,004130397	0,006125544
621	2018	0,008168071	0,018555278	0,105170966	0,004015786	0,005318489
621	2019	0,012483061	0,031036231	0,105616281	0,003545137	0,005407262
621	2020	0,015905134	0,026430812	0,106420783	0,003227226	0,006132413
621	2021	0,029015909	0,027544529	0,104574611	0,003063252	0,018804536
622	2017	0,025733331	0,024241466	0,094698823	0,002771399	0,015587623
622	2018	0,027839284	0,034989082	0,085418104	0,002517549	-0,000771704
622	2019	0,030014319	0,048570397	0,084533982	0,002295635	0,002914587
622	2020	0,031773414	0,051703051	0,070737534	0,002119941	-0,008936826
622	2021	0,035816474	0,047850411	0,063438792	0,001438437	-0,003810914
623	2017	0,038254164	0,047401333	0,066020985	0,002509013	-0,011123622
623	2018	0,036639779	0,035375622	0,076574829	0,003900051	-0,007510535
623	2019	0,039582637	0,041799727	0,08908248	0,005351889	-0,006854411
623	2020	0,026193187	0,043043587	0,095225841	0,005194725	-0,003554198
623	2021	0,026959884	0,045861513	0,102915876	0,005194725	-0,001195463
624	2017	0,019961444	0,035721675	0,103018182	0,005825129	0,027104812
624	2018	0,039707764	0,029057512	0,111539625	0,006285716	0,038400731
624	2019	0,038999956	0,021634458	0,110222163	0,006739737	0,059219924
624	2020	0,047200548	0,018456264	0,113742103	0,007047715	0,071314149
624	2021	0,052124279	0,012335443	0,102178332	0,005471928	0,091354334
625	2017	0,058545393	0,01851383	0,091329127	0,004400433	0,088360633
625	2018	0,043795095	0,018462516	0,078170694	0,003348637	0,101509684
625	2019	0,054521962	0,023169087	0,065065563	0,003985838	0,086373448
625	2020	0,058139337	0,026501425	0,057110794	0,0045821	0,103348463
625	2021	0,05862841	0,031269961	0,057818616	0,004490395	0,080867532
626	2017	0,043241387	0,026656533	0,044746754	0,004410986	0,073187209
626	2018	0,041702498	0,026631062	0,03983691	0,004335116	0,059654415
626	2019	0,032652659	0,024352396	0,03098298	0,004406021	0,039271427
626	2020	0,031064657	0,025066794	0,026677407	0,004603074	0,021841252
626	2021	0,038172924	0,020741414	0,022155782	0,004346728	0,027108804
627	2017	0,043739159	0,011017962	0,022582737	0,003703279	0,01968708
627	2018	0,031637121	0,001453366	0,020584445	0,003066078	0,018527939
627	2019	0,051958552	-0,00399137	0,021110709	0,002469816	0,020426841
627	2020	0,071971165	-0,014100776	0,02358872	0,001931117	0,01646085
627	2021	0,068108311	-0,012441014	0,0335016	0,00154994	0,021258317
628	2017	0,075573531	-0,012163084	0,045509531	0,002363068	0,024543959
628	2018	0,071552345	-0,012252933	0,050906488	0,002842452	0,040647204
628	2019	0,06380263	-0,015218096	0,056227747	0,003210336	0,046031051
628	2020	0,047196045	-0,017467708	0,073415732	0,003485946	0,048157641
628	2021	0,046668259	-0,018272694	0,08147599	0,004379522	0,058666848
629	2017	0,044595477	-0,016373281	0,088741359	0,006745357	0,063065449
629	2018	0,020866269	-0,011668046	0,09836771	0,008827496	0,055259864
629	2019	-0,002632656	-0,000792318	0,095395597	0,010662931	0,056578293
629	2020	-0,004932326	0,001629049	0,090580371	0,012302981	0,047777041
629	2021	-0,000995939	0,001125336	0,094170553	0,012683952	0,047882424
630	2017	0,005523024	0,004649689	0,102014738	0,014034918	0,055206752
630	2018	0,015847746	0,009683926	0,11618357	0,01469744	0,05284711
630	2019	0,036041779	0,01651086	0,11658875	0,015907064	0,052800929
630	2020	0,040490233	0,022704574	0,121401036	0,017136564	0,050461148
630	2021	0,044429094	0,026219795	0,121329808	0,016894604	0,040664665
631	2017	0,058761901	0,021234394	0,111801321	0,015600005	0,040669238
631	2018	0,061460169	0,015593777	0,119914982	0,014453464	0,048819663
631	2019	0,076814879	0,011363397	0,120127671	0,01350109	0,053830756
631	2020	0,067223626	0,011556268	0,110654424	0,012639075	0,064615408
631	2021	0,073594864	0,008502335	0,102522498	0,010953238	0,051578965
632	2017	0,078021552	0,012761161	0,087824302	0,009737239	0,040250271
632	2018	0,071925918	0,006243964	0,083125953	0,008175877	0,048876895
632	2019	0,075604826	5,80512E-05	0,077634833	0,00639164	0,041318557
632	2020	0,080882436	-0,00507871	0,077194924	0,004540967	0,06247105
632	2021	0,064856685	-0,005121343	0,091385879	0,003782334	0,075427348
633	2017	0,069528158	0,005633223	0,099646231	0,003093441	0,074212451
633	2018	0,0545166	0,005894412	0,107512159	0,002405765	0,066540872
633	2019	0,055037745	0,005864864	0,116792457	0,001695529	0,054146861
633	2020	0,044164141	0,017091331	0,131798017	0,001172134	0,04678824
633	2021	0,029894731	0,01191576	0,132197225	0,00097263	0,058046501
634	2017	0,017488721	0,011600471	0,123741957	0,001005654	0,048093616
634	2018	0,019073906	0,011349624	0,115850189	0,020689682	0,055397426
634	2019	0,010959895	0,011400251	0,10905706	0,040740963	0,040523723
634	2020	0,010941204	0,011741238	0,094054028	0,061225336	0,016525327
634	2021	0,006307124	0,000712255	0,07687388	0,081656693	0,013918173
635	2017	0,018945482	0,000556235	0,080943043	0,084574414	0,032257287
635	2018	0,029554999	0,000922573	0,070916424	0,090617281	0,041602652
635	2019	0,031561888	-0,010327558	0,067944942	0,094948332	0,049828556
635	2020	0,03999915	-0,014413778	0,067977354	0,098597637	0,049139505
635	2021	0,041159809	-0,014805407	0,08449617	0,103820504	0,061038449
636	2017	0,036573021	-0,009264623	0,094122219	0,083903282	0,049793346
636	2018	0,038956912	-0,003228112	0,10117171	0,063674355	0,065116796
636	2019	0,043914548	-0,003608095	0,109814938	0,043228464	0,065381388
636	2020	0,049286463	0,001441831	0,121456571	0,022838323	0,080985321
636	2021	0,057835937	0,003451287	0,109578743	0,020038615	0,077912094
637	2017	0,044229905	0,006323767	0,122709188	0,013995748	0,068966465
637	2018	0,040989717	0,011421107	0,11922882	0,009664697	0,064962248
637	2019	0,034892838	0,016773762	0,128434223	0,006015392	0,068459987
637	2020	0,038720575	0,017339755	0,128593059	0,000447854	0,052675741
637	2021	0,033841143	0,019542478	0,119815708	0,000322175	0,045510206
638	2017	0,032582692	0,014982473	0,113613952	0,006482345	0,03510408
638	2018	0,029955546	0,016907772	0,11284376	0,012683441	0,041112334
638	2019	0,022089022	0,014269526	0,101753922	0,018882183	0,040421145
638	2020	0,000471482	0,014185413	0,102567584	0,023757543	0,046356017
638	2021	0,000871194	0,012880674	0,08899921	0,028492621	0,040594355
639	2017	0,020466836	0,009679141	0,087024975	0,028492621	0,03345261
639	2018	0,021713301	0,006370078	0,093044438	0,028492621	0,029079192
639	2019	0,028695183	0,008303733	0,091179383	0,028492621	0,039195131
639	2020	0,045897042	0,005803975	0,099426502	0,028492621	0,05708111
639	2021	0,05089019	0,009324602	0,107530649	0,022236895	0,053299264
640	2017	0,06974024	0,009390066	0,104849568	0,015969625	0,051979125
640	2018	0,088888191	0,009028522	0,108217903	0,00973333	0,035583809
640	2019	0,095414261	0,008824992	0,108622914	0,004742662	0,021898059
640	2020	0,098970173	0,008653502	0,1089094	9,30501E-06	0,038867903
640	2021	0,081188844	0,007967392	0,107570771	1,42851E-05	0,051912517
641	2017	0,077692911	0,006342368	0,108562516	0,000430305	0,060271789
641	2018	0,064185155	0,008313454	0,094534445	0,000758742	0,058153491
641	2019	0,061036962	-0,002235919	0,098071981	0,005590232	0,045742093
641	2020	0,057783318	-0,007822069	0,10375475	0,013122505	0,037064315
641	2021	0,041223948	-0,009755604	0,114124359	0,020357722	0,040471608
642	2017	0,025417757	-5,1285E-05	0,110587543	0,021908593	0,039128808
642	2018	0,023647492	-0,002185446	0,108463584	0,023165461	0,035174627
642	2019	0,025007477	-0,003928352	0,10770009	0,024399293	0,022709361
642	2020	0,02324951	-0,010641114	0,105445759	0,025571134	0,017062113
642	2021	0,032224421	-0,010711624	0,088397877	0,026169649	0,012372598
643	2017	0,041306925	-0,012938212	0,094142718	0,026020837	0,013128939
643	2018	0,033651139	-0,002556775	0,083273435	0,021362517	0,011075025
643	2019	0,049699042	0,009381056	0,06859382	0,013965104	0,021600319
643	2020	0,054245232	0,015117922	0,05877039	0,00688857	0,021957572
643	2021	0,053933233	0,010015788	0,058479355	0,005447083	0,029037732
644	2017	0,052810828	0,017812058	0,058712737	0,0051547	0,050600941
644	2018	0,054264034	0,022330107	0,058869141	0,004638967	0,051846049
644	2019	0,055209727	0,029380135	0,060050543	0,004132973	0,049294949
644	2020	0,048965455	0,030882576	0,060146136	0,003729091	0,044375449
644	2021	0,04293484	0,030759747	0,055344347	0,004168324	0,047947883
645	2017	0,03886601	0,027309701	0,053658282	0,004041133	0,057941005
645	2018	0,020232708	0,01702652	0,053958494	0,003999705	0,0592776
645	2019	0,01441649	0,013163214	0,048532353	0,003980461	0,062700146
645	2020	0,011829907	0,008630699	0,048795943	0,003951534	0,054851331
645	2021	0,009246498	0,003447319	0,049028536	0,003046673	0,039759215
646	2017	0,018218634	0,005460178	0,052792059	0,003126154	0,051482205
646	2018	0,032031413	0,007754953	0,054459605	0,003169973	0,067908736
646	2019	0,032514372	0,007876198	0,058886896	0,003234048	0,064829768
646	2020	0,045147884	0,008216188	0,060125342	0,003135645	0,056820583
646	2021	0,066660622	0,009276732	0,064836971	0,003414608	0,044408881
647	2017	0,069142065	0,008139457	0,078521419	0,00354787	0,038012928
647	2018	0,077412497	0,006089794	0,07927042	0,003603383	0,029184143
647	2019	0,079874156	-0,001184911	0,079815162	0,003717487	0,025364482
647	2020	0,076812263	-0,003107652	0,080256719	0,003820925	0,015604042
647	2021	0,076646107	0,003071341	0,085098754	0,003111237	-0,000150657
648	2017	0,069805077	0,000650127	0,093133615	0,002746041	-0,005529964
648	2018	0,07133984	0,000452804	0,089493804	0,002408409	0,011802593
648	2019	0,057354705	0,000176205	0,100081208	0,002180608	0,017879465
648	2020	0,036706858	-0,000161023	0,096156683	0,002171469	0,014962326
648	2021	0,035201029	0,001421349	0,092356265	0,002210822	0,027540014
649	2017	0,029001221	0,003422517	0,091918281	0,002639254	0,029550908
649	2018	0,029247615	0,010588112	0,091805524	0,00326226	0,039839217
649	2019	0,039571422	0,011985787	0,091808187	0,003825151	0,05180526
649	2020	0,0223048	0,000710864	0,091922767	0,004337396	0,057564771
649	2021	0,020059019	-0,00055436	0,078143327	0,004502626	0,045624134
650	2017	0,039248881	0,003164895	0,088561573	0,004288576	0,03247605
650	2018	0,060878014	0,009682418	0,086856754	0,00407108	0,027268039
650	2019	0,082351473	0,007926087	0,097902854	0,003782176	0,036344077
650	2020	0,104360164	0,006077431	0,099690415	0,003516129	0,040699185
650	2021	0,124379241	0,011976742	0,113603525	0,002891528	0,045190771
651	2017	0,124335136	0,010239518	0,118741823	0,002070299	0,046266702
651	2018	0,124501429	0,008427361	0,123106235	0,00134164	0,051574774
651	2019	0,126060757	0,006862921	0,11355551	0,000739784	0,058736125
651	2020	0,120083289	0,006137815	0,111270111	0,000225103	0,069593219
651	2021	0,090772396	0,000282797	0,100110345	0,000102055	0,082525668
652	2017	0,070674062	-0,007954508	0,102076485	0,008236865	0,080723937
652	2018	0,049033153	-0,007760467	0,102309021	0,014660997	0,084217218
652	2019	0,025846362	-0,007417008	0,097584656	0,021730719	0,063679354
652	2020	0,004149876	-0,006689288	0,093960619	0,028573354	0,056927397
652	2021	0,002613278	0,002509576	0,08882463	0,034163085	0,063997249
653	2017	-0,004036025	0,002709392	0,095787695	0,036618405	0,066543099
653	2018	-0,003175269	0,002848316	0,105771385	0,038144977	0,069892864
653	2019	-0,006096639	0,002690871	0,107980705	0,039883321	0,056379517
653	2020	0,000862366	0,002950504	0,108190076	0,042115456	0,054367741
653	2021	0,002069045	0,002903383	0,094852847	0,036314214	0,061238061
654	2017	0,002624232	0,015176326	0,091787959	0,029876923	0,054045006
654	2018	0,003523098	0,025110055	0,093237436	0,022807202	0,074466914
654	2019	0,00202685	0,027691088	0,091454532	0,015964566	0,08127832
654	2020	0,001458305	0,018768557	0,104520082	0,010374836	0,067930184
654	2021	0,001889777	0,018676197	0,109710631	0,007919516	0,053709757
655	2017	0,00681662	0,020736361	0,108700252	0,007123138	0,037155253
655	2018	0,01113446	0,023110497	0,116157334	0,006811313	0,044735824
655	2019	0,018352942	0,02537017	0,116595665	0,005837624	0,031526832
655	2020	0,022047053	0,02743295	0,116817826	0,004403564	0,022005977
655	2021	0,024468559	0,016935406	0,119613593	0,005155852	0,029977511
656	2017	0,025920852	0,018738836	0,110900253	0,010751857	0,01984037
656	2018	0,035634305	0,019516362	0,101795713	0,016605108	0,01658624
656	2019	0,04048329	0,019722565	0,093265194	0,024667246	0,020737508
656	2020	0,045821443	0,020266265	0,07941845	0,031345076	0,01821156
656	2021	0,047698101	0,029085267	0,077323907	0,039181194	0,025220689
657	2017	0,046549679	0,027267798	0,079175336	0,040400496	0,035592154
657	2018	0,039141289	0,025291616	0,094964436	0,041891424	0,029597283
657	2019	0,03211661	0,023426667	0,103115444	0,043634718	0,036963402
657	2020	0,028390001	0,021722292	0,103376559	0,045518841	0,023532008
657	2021	0,033531148	0,009971868	0,120802224	0,042291928	0,03044931
658	2017	0,028395213	-0,002258992	0,128922369	0,036483364	0,02689118
658	2018	0,042833079	-0,002748759	0,133281095	0,029572368	0,039963297
658	2019	0,050846629	-0,003307846	0,140253061	0,023877765	0,03934374
658	2020	0,055819396	-0,01442175	0,141550662	0,016034103	0,044189677
658	2021	0,058026437	-0,014766327	0,132600393	0,01399334	0,041789926
659	2017	0,058470071	-0,01033641	0,125888083	0,017349247	0,060470915
659	2018	0,058399937	-0,005724963	0,132622694	0,01651655	0,076340268
659	2019	0,05846844	-0,001583807	0,131575569	0,015220816	0,090552667
659	2020	0,050819137	0,00375969	0,12404151	0,014034729	0,073940806
659	2021	0,044068584	0,008091486	0,131814552	0,014905469	0,08074958
660	2017	0,026220546	0,012679609	0,130346727	0,013788854	0,066833974
660	2018	0,01974558	0,01931811	0,130028273	0,012805628	0,07401294
660	2019	0,009957446	0,02610648	0,131885079	0,012082978	0,063457931
660	2020	0,012561172	0,030063677	0,138344748	0,011477919	0,047726407
660	2021	0,014963928	0,028414106	0,13631756	0,005372639	0,042672325
661	2017	0,013533594	0,026741076	0,120844125	0,003487377	0,025006017
661	2018	0,014896184	0,027064213	0,116621459	0,002132959	0,031061399
661	2019	0,012767019	0,025019081	0,106974567	0,000949955	0,033750608
661	2020	0,013792284	0,024171531	0,091868205	3,45271E-05	0,033936945
661	2021	0,010681418	0,021901605	0,083802343	4,36873E-17	0,032730621
662	2017	0,010244834	0,015260571	0,085241402	0,00433032	0,027289568
662	2018	0,014441722	0,008644373	0,083461111	0,008196614	0,042081822
662	2019	0,006342461	0,004448687	0,08444179	0,011489431	0,050060533
662	2020	0,005505459	0,001754399	0,077397083	0,013949899	0,040274606
662	2021	0,014976054	-0,001190633	0,078067561	0,015469374	0,061735133
663	2017	0,013353292	-0,006297129	0,071817085	0,015469374	0,052946858
663	2018	0,016312789	-0,00996235	0,087133401	0,015469374	0,059639928
663	2019	0,018333198	-0,012957451	0,087406836	0,015469374	0,061555518
663	2020	0,019854603	-0,01554792	0,093406262	0,015469374	0,06097281
663	2021	0,011181235	-0,015567324	0,082607296	0,011139054	0,073234724
664	2017	0,00493037	-0,015195138	0,075868382	0,00728598	0,062296067
664	2018	0,007656044	-0,015008621	0,068329559	0,003999651	0,063169203
664	2019	0,005739661	-0,015007773	0,068416312	0,001547667	0,069864107
664	2020	0,004077839	-0,015020078	0,068496884	3,95596E-05	0,049600657
664	2021	0,002858619	-0,014628241	0,078040227	8,35078E-05	0,049891702
665	2017	0,011305427	-0,009469833	0,063578409	0,002402733	0,049655078
665	2018	0,009430211	0,001037516	0,069359454	0,005585948	0,06431171
665	2019	0,016362177	0,008518319	0,080391309	0,008352041	0,079939888
665	2020	0,019581763	0,012954598	0,091917215	0,009938692	0,063573512
665	2021	0,026512028	0,017589737	0,103986376	0,011996704	0,069226124
666	2017	0,024876842	0,017677724	0,111044807	0,015706417	0,066385778
666	2018	0,033153143	0,017303099	0,12603397	0,016360694	0,069174275
666	2019	0,025073527	0,017368895	0,146512809	0,016978131	0,079310556
666	2020	0,045326685	0,017561759	0,144589129	0,017170387	0,067849879
666	2021	0,038042477	0,012765476	0,155502174	0,015111256	0,064298959
667	2017	0,041052424	0,00725691	0,149274344	0,013138795	0,043198368
667	2018	0,033010166	0,002852454	0,13265862	0,01282105	0,027172733
667	2019	0,028978161	0,000826093	0,12063372	0,013465113	0,032134499
667	2020	0,020031592	-0,001063192	0,108892772	0,012721245	0,023569232
667	2021	0,020546547	0,001922731	0,101302278	0,010828334	0,019671986
668	2017	0,013939764	0,001804968	0,096334839	0,010416876	0,010040338
668	2018	0,01761207	0,001688878	0,092539544	0,009955357	0,005504184
668	2019	0,013466623	0,001779451	0,096135722	0,009824779	0,025165607
668	2020	0,014551822	0,014157249	0,101176131	0,009651339	0,03974261
668	2021	0,025712631	0,016561427	0,114548353	0,008529132	0,055341352
669	2017	0,029265834	0,016204465	0,114926834	0,006098638	0,054094246
669	2018	0,03273784	0,016178029	0,115230594	0,003878668	0,051543102
669	2019	0,038248142	0,015627731	0,122796832	0,002646205	0,060778228
669	2020	0,04426959	0,016209137	0,123369744	0,000881835	0,078431371
669	2021	0,04694938	0,018852486	0,113098863	0,000663171	0,093005579
670	2017	0,046530451	0,018616118	0,109667013	0,002595692	0,089344487
670	2018	0,03394569	0,018147458	0,110244259	0,00435029	0,073639485
670	2019	0,033874818	0,005768662	0,102797368	0,006564993	0,059694243
670	2020	0,033556691	-0,001679633	0,098744011	0,008586451	0,048882412
670	2021	0,033196466	-0,003765249	0,09858941	0,01071883	0,052336593
671	2017	0,032307234	-0,003445008	0,098125315	0,01153652	0,059127492
671	2018	0,047255494	-0,002499677	0,09000809	0,012111431	0,069639335
671	2019	0,057866708	-0,001950178	0,0897569	0,012584996	0,065166716
671	2020	0,05537238	0,001248487	0,089971401	0,013136499	0,060020471
671	2021	0,066933883	0,004993197	0,084657667	0,011533444	0,065111234
672	2017	0,062503281	0,005048516	0,08827029	0,010918668	0,078250212
672	2018	0,05819501	0,004660661	0,094068211	0,009641222	0,075672215
672	2019	0,043316445	0,005019177	0,099953981	0,008536104	0,066811374
672	2020	0,038272152	0,004959528	0,112440539	0,007408435	0,080854884
672	2021	0,038682517	0,002580162	0,126658056	0,007440185	0,089834553
673	2017	0,023755648	0,000845747	0,126177459	0,016467756	0,077914997
673	2018	0,01084569	0,003662939	0,125941459	0,024516538	0,072895356
673	2019	0,012833005	-0,001529894	0,125192734	0,03226886	0,077421648
673	2020	0,00284369	0,004503665	0,116598692	0,040071281	0,068760771
673	2021	0,009189245	0,008123986	0,101553747	0,045479722	0,064711707
674	2017	0,012763109	0,016026958	0,086418311	0,047058658	0,073330305
674	2018	0,019750554	0,025555898	0,07060154	0,048895124	0,088286178
674	2019	0,025685216	0,025745744	0,057676841	0,050643719	0,070332399
674	2020	0,029270603	0,036533203	0,043807827	0,052597784	0,054750687
674	2021	0,038762553	0,046511481	0,043624817	0,045653111	0,04589556
675	2017	0,039314791	0,039554366	0,044040932	0,044873984	0,043291989
675	2018	0,041347893	0,039069997	0,054032701	0,043554162	0,043089573
675	2019	0,040359133	0,029624267	0,054690817	0,040320413	0,040152362
675	2020	0,038641888	0,025992322	0,054353953	0,038709476	0,046997507
675	2021	0,041136818	0,018163211	0,066591068	0,039758449	0,053898562
676	2017	0,038887338	0,008229585	0,083635717	0,036973919	0,055788401
676	2018	0,037386256	0,008115126	0,084121535	0,034266125	0,074380011
676	2019	0,028915464	-0,00297017	0,097261841	0,03151496	0,092581325
676	2020	0,01737072	-0,014477985	0,114691063	0,028813597	0,095047922
676	2021	0,015326736	-0,014231942	0,127550325	0,021051091	0,09564868
677	2017	0,008491738	-0,013849641	0,118255344	0,015123822	0,080350498
677	2018	0,005079306	-0,014030056	0,118155195	0,011176814	0,098628759
677	2019	0,001020636	-0,013704624	0,118161236	0,007084155	0,09857274
677	2020	-0,003319581	-0,002474863	0,106649572	0,004493792	0,079178298
677	2021	-0,00174793	0,005226677	0,090305247	0,005265248	0,08208465
678	2017	0,001800307	0,008805658	0,090332743	0,005201883	0,07822023
678	2018	0,011163491	0,013856264	0,077519316	0,0051388	0,06542796
678	2019	0,017524177	0,022325072	0,060963755	0,005087451	0,055005233
678	2020	0,024079344	0,026569225	0,048071816	0,005047816	0,048422234
678	2021	0,026472429	0,029222906	0,057704865	0,003958446	0,056837667
679	2017	0,029866146	0,032262264	0,056876454	0,005190764	0,042223689
679	2018	0,03940883	0,039641564	0,062268529	0,004642518	0,03518991
679	2019	0,052069154	0,028792286	0,061388142	0,003972455	0,05339014
679	2020	0,056096253	0,024437161	0,062980905	0,01606404	0,032132493
679	2021	0,053456202	0,022247941	0,062199886	0,027522175	0,02436735
680	2017	0,047909646	0,019745015	0,070171241	0,031590313	0,030236576
680	2018	0,041201037	0,017257867	0,077301495	0,035679117	0,040202114
680	2019	0,033436608	0,020851115	0,086568129	0,039755629	0,055779741
680	2020	0,033658288	0,023142288	0,084160697	0,043578778	0,076398336
680	2021	0,031577507	0,023305666	0,09343452	0,045109253	0,075750717
681	2017	0,025659776	0,015638811	0,087297862	0,048021528	0,071561521
681	2018	0,021883913	0,015502094	0,088467726	0,05075622	0,065687758
681	2019	0,016738301	0,012528689	0,085048946	0,040481831	0,082382004
681	2020	0,025680662	0,010861689	0,087683287	0,031500854	0,093441855
681	2021	0,033595412	0,008455403	0,081860985	0,029863705	0,099692808
682	2017	0,030430129	0,002622983	0,074522846	0,025774901	0,103450434
682	2018	0,030884018	0,005968195	0,06498838	0,021698389	0,096859449
682	2019	0,031004785	0,011003672	0,056941458	0,01787524	0,073553033
682	2020	0,030864548	0,015061744	0,051119773	0,013994031	0,068789548
682	2021	0,025924789	0,019821783	0,051643078	0,010679709	0,077673986
683	2017	0,018962662	0,025580421	0,051905814	0,012546923	0,071210103
683	2018	0,028150498	0,036084156	0,053214214	0,016352904	0,067824516
683	2019	0,040869423	0,03183894	0,051092324	0,021268369	0,048412128
683	2020	0,034320972	0,037566037	0,053746929	0,027198734	0,02922559
683	2021	0,042562695	0,041679982	0,053178096	0,032850586	0,035947833
684	2017	0,044301283	0,039655455	0,065998356	0,032851869	0,03822664
684	2018	0,048091231	0,041972678	0,08183693	0,032851968	0,041046524
684	2019	0,051602019	0,034449644	0,086341848	0,032851968	0,040146961
684	2020	0,057781492	0,041881734	0,096902246	0,032851968	0,029901854
684	2021	0,058640566	0,042580448	0,112550653	0,027877987	0,033428702
685	2017	0,046832332	0,031776641	0,116569603	0,033977396	0,027803016
685	2018	0,029628067	0,035892164	0,131044817	0,036813175	0,035891259
685	2019	0,03607539	0,030044457	0,126859361	0,046322443	0,055506081
685	2020	0,031955465	0,025928678	0,127629899	0,058591261	0,049985536
685	2021	0,04870931	0,016499022	0,11694896	0,076924623	0,05237706
686	2017	0,045434358	0,00379613	0,111811821	0,077362319	0,050692308
686	2018	0,044827484	0,004268228	0,117102562	0,077689715	0,065363782
686	2019	0,038812399	-0,007646241	0,114118794	0,078022749	0,067163204
686	2020	0,037332265	-0,004381962	0,114517821	0,078261018	0,067972571
686	2021	0,046376409	-0,002263463	0,124712422	0,065819073	0,085238037
687	2017	0,051525927	0,000209853	0,110552566	0,075781668	0,088824726
687	2018	0,054843569	0,00324466	0,121866923	0,058354249	0,075905419
687	2019	0,064825231	0,007082674	0,121860406	0,040858862	0,062573104
687	2020	0,057998702	0,009980767	0,119882426	0,022922793	0,043806292
687	2021	0,053659047	0,012730101	0,110209829	0,022821384	0,041343072
688	2017	0,044122536	0,016719715	0,09793381	0,022493988	0,033324581
688	2018	0,046175355	0,020056007	0,090908066	0,022160954	0,026997211
688	2019	0,047461808	0,013533945	0,074010482	0,021903368	0,023686335
688	2020	0,040267887	0,01405525	0,060423787	0,021794447	0,007310793
688	2021	0,030020423	0,013740174	0,067927895	0,001603449	0,006213026
689	2017	0,020238923	0,019251623	0,055181646	0,001160247	0,013097292
689	2018	0,010406645	0,020124097	0,054958921	0,000734963	0,016055054
689	2019	9,40639E-05	0,019839666	0,054432723	0,000336387	0,022504561
689	2020	0,010446934	0,018795513	0,053649392	7,2762E-17	0,021958258
689	2021	0,025660479	0,016166926	0,053439798	7,2762E-17	0,03155577
690	2017	0,030551698	0,017786053	0,053627481	0,000465474	0,045846671
690	2018	0,030555877	0,016487904	0,05433697	0,00088545	0,038150772
690	2019	0,027276995	0,01623389	0,053923258	0,001269685	0,035892419
690	2020	0,026745286	0,016621707	0,048062391	0,001579757	0,030034545
690	2021	0,025569959	0,010329802	0,048113342	0,001874917	0,032118082
691	2017	0,025699581	0,014382431	0,047723884	0,002309803	0,034368531
691	2018	0,03784842	0,022845754	0,047929069	0,002734824	0,033633484
691	2019	0,044240825	0,031153052	0,048102133	0,003128353	0,03446957
691	2020	0,037505168	0,038400707	0,047822208	0,003509332	0,038095294
691	2021	0,058896535	0,041186792	0,047490457	0,019851609	0,034518314
692	2017	0,069146161	0,043416516	0,047070725	0,019431633	0,044769633
692	2018	0,072975642	0,046957828	0,047699783	0,019047398	0,043562348
692	2019	0,074655029	0,049027354	0,045913452	0,018737326	0,044008032
692	2020	0,075504057	0,050850327	0,052444974	0,018442166	0,028461401
692	2021	0,073179284	0,044118437	0,059542843	0,018007281	0,030737931
693	2017	0,081787438	0,038569569	0,076525806	0,017983412	0,046599188
693	2018	0,073109803	0,032772075	0,076976755	0,017878362	0,049871756
693	2019	0,077354087	0,029215183	0,087847157	0,017686438	0,038807113
693	2020	0,058352138	0,027508922	0,097194207	0,001010023	0,034010208
693	2021	0,051191679	0,027584466	0,112726235	0,001097686	0,043239734
694	2017	0,054780647	0,031180103	0,118188787	0,001097686	0,053221176
694	2018	0,052272428	0,028519148	0,121246416	0,001097686	0,057355551
694	2019	0,058333644	0,0307125	0,11873778	0,001492595	0,069965838
694	2020	0,059902505	0,033990995	0,11214274	0,001793226	0,074522231
694	2021	0,061679475	0,033095625	0,10046476	0,001582883	0,057881526
695	2017	0,055360093	0,035685055	0,112967859	0,003463892	0,058760643
695	2018	0,048519923	0,037246705	0,112288268	0,005071482	0,066233306
695	2019	0,041526126	0,031506128	0,118552918	0,007159535	0,079671375
695	2020	0,035919175	0,027432539	0,114957355	0,008675298	0,078013044
695	2021	0,028237877	0,017629761	0,116727871	0,01015271	0,081526753
696	2017	0,027768867	0,027473448	0,122257094	0,01015271	0,083405677
696	2018	0,026915078	0,033388083	0,128616847	0,0097578	0,073848305
696	2019	0,025081453	0,033542804	0,14122128	0,00945717	0,076000238
696	2020	0,001550571	0,032320625	0,142578041	0,00926636	0,092424456
696	2021	0,001385093	0,032554052	0,136344324	0,007096872	0,092462297
697	2017	0,001622986	0,034085418	0,126605478	0,005300227	0,084070365
697	2018	0,02457347	0,0275635	0,110959528	0,003080838	0,081435272
697	2019	0,04731687	0,027475793	0,104843091	0,001477412	0,073676946
697	2020	0,054578775	0,028027982	0,112388581	7,76771E-17	0,064499093
697	2021	0,054853407	0,016635737	0,109796656	0,000250099	0,070891187
698	2017	0,047828595	0,004749789	0,111048898	0,000260207	0,087669418
698	2018	0,048478647	-0,000706706	0,112062479	0,000266552	0,070947311
698	2019	0,048401239	-0,004046332	0,115256391	0,00026939	0,054698458
698	2020	0,048674898	-0,011263844	0,108638498	0,00026939	0,065140642
698	2021	0,047627117	-0,01979402	0,114345519	0,00026939	0,062461413
699	2017	0,033889538	-0,019598185	0,113672461	0,003111908	0,045321963
699	2018	0,010499148	-0,019889875	0,107444644	0,006579583	0,049908694
699	2019	0,007143088	-0,020055109	0,099720101	0,010930052	0,049345508
699	2020	0,009197456	-0,020021327	0,09394588	0,015403568	0,053705816
699	2021	0,010873505	-0,020396566	0,084226944	0,020271698	0,032171044
700	2017	0,016794956	-0,020799638	0,083886412	0,021594762	0,044316156
700	2018	0,021544511	-0,020550453	0,087573127	0,023169474	0,062124893
700	2019	0,025117363	-0,020420412	0,097814386	0,024667475	0,050395092
700	2020	0,029754044	-0,020594059	0,105768589	0,026178539	0,065083868
700	2021	0,023996351	-0,014611511	0,123156899	0,024546516	0,082351062
701	2017	0,02474152	-0,014472474	0,139048015	0,022397457	0,088598011
701	2018	0,02880623	-0,014306275	0,143797059	0,019405243	0,093835122
701	2019	0,026592201	-0,014752764	0,154573707	0,016016316	0,078260571
701	2020	0,02290662	-0,014727227	0,165067805	0,012493908	0,078700166
701	2021	0,0254009	-0,014341584	0,164780266	0,012533044	0,088337455
702	2017	0,019557098	-0,00218615	0,15158019	0,01179308	0,067544281
702	2018	0,017632999	0,008708183	0,142529905	0,011137595	0,079010288
702	2019	0,020810118	0,021547218	0,128825416	0,00976504	0,079000142
702	2020	0,018058585	0,033767524	0,112649735	0,00867877	0,070136782
702	2021	0,015457877	0,033736744	0,097591126	0,007495315	0,049656598
703	2017	0,009569208	0,033409505	0,102050054	0,006137061	0,036129519
703	2018	0,009705825	0,033493796	0,103494007	0,004802373	0,049452432
703	2019	0,011322764	0,033610447	0,098714848	0,003446543	0,059668497
703	2020	0,002673722	0,044680263	0,099922834	0,002077998	0,050563237
703	2021	0,003644846	0,041195027	0,113274048	0,001240411	0,050324229
704	2017	-0,004751181	0,030284385	0,119097301	0,001711031	0,039436134
704	2018	-0,002531825	0,018002306	0,129961183	0,00301433	0,018827875
704	2019	-0,000721645	0,005524517	0,137751003	0,004306173	0,007081758
704	2020	0,01773367	0,005353191	0,145422438	0,005566113	0,013145189
704	2021	0,019617025	0,005411398	0,137664189	0,006335046	0,019349112
705	2017	0,01736033	0,005359949	0,136214367	0,006565011	0,004400354
705	2018	0,017599207	0,00518114	0,142810332	0,006781999	-0,006073715
705	2019	0,014743544	-0,005777072	0,140409959	0,007008161	-0,0118119
705	2020	0,008100836	-0,008656888	0,127175534	0,007269163	-0,008164775
705	2021	0,012937109	0,00325347	0,120517582	0,006334322	-0,004332449
706	2017	0,00628688	0,007400166	0,11282067	0,005631901	0,004773326
706	2018	0,006781079	0,011492999	0,103817182	0,005263667	0,03455839
706	2019	-0,002284471	0,015729632	0,10073032	0,004765444	0,038644103
706	2020	-0,004204909	0,019846713	0,091288379	0,004779877	0,031825294
706	2021	-0,004015526	0,022576814	0,079643875	0,005245983	0,025305115
707	2017	-0,003917446	0,02271268	0,072228583	0,005076604	0,045912395
707	2018	-0,001232022	0,022630174	0,060565002	0,004883694	0,041730637
707	2019	0,002343556	0,016579221	0,060513419	0,004645345	0,045317361
707	2020	0,004533312	0,004685518	0,072952683	0,004573159	0,039307549
707	2021	0,002622303	0,000157479	0,069812814	0,004018016	0,034075521
708	2017	0,011686489	-7,78522E-06	0,07738946	0,009791341	0,013960127
708	2018	0,00879923	-0,00071448	0,08701545	0,01380772	0,022338
708	2019	0,010965333	-0,002349922	0,099701428	0,017691234	0,032692542
708	2020	0,02178155	-0,002111874	0,108279868	0,022442247	0,033436944
708	2021	0,022805037	2,61029E-05	0,115848841	0,027726711	0,031789319
709	2017	0,019865846	0,000182565	0,115837452	0,027693458	0,035583424
709	2018	0,021774592	0,009695098	0,121639659	0,027670805	0,028324566
709	2019	0,021165033	0,01004779	0,123788869	0,027364696	0,040187295
709	2020	0,020329619	0,010455039	0,13598358	0,027180452	0,036910598
709	2021	0,03120786	0,006529227	0,129055142	0,020359294	0,027750494
710	2017	0,039833818	0,014103552	0,114104352	0,015738811	0,016047737
710	2018	0,062615718	0,011644918	0,109699775	0,011322854	0,02665068
710	2019	0,076427222	0,008672572	0,102548727	0,006075086	0,025885995
710	2020	0,072312093	0,006615857	0,089075669	0,000925392	0,027683284
710	2021	0,080053838	0,016625285	0,088875552	0,001453662	0,034084203
711	2017	0,089800673	0,007116495	0,08294934	0,001453662	0,041284562
711	2018	0,088049559	0,006862148	0,068350869	0,001453662	0,023290438
711	2019	0,087719924	0,006491023	0,055807412	0,00145818	0,043443086
711	2020	0,073548442	0,006594727	0,055795207	0,00146233	0,046740155
711	2021	0,061341816	-0,004043847	0,05581119	0,001173572	0,042565979
712	2017	0,035298827	-0,004143057	0,05417446	0,01282545	0,031752059
712	2018	0,014647126	-0,003806371	0,053338131	0,023521296	0,03828592
712	2019	0,019879539	-0,003593773	0,05299589	0,036004986	0,02140257
712	2020	0,015053295	-0,014244621	0,053235931	0,047336323	0,020392755
712	2021	0,005078458	-0,013710324	0,053558572	0,057543004	0,025803312
713	2017	0,007550291	-0,011364496	0,069438672	0,058917846	0,029543225
713	2018	0,007834185	-0,00423468	0,081567065	0,069173283	0,0172046
713	2019	-0,000410528	0,004770439	0,092650004	0,079442987	0,020877433
713	2020	0,001886866	0,012685936	0,104235063	0,08925882	0,018677364
713	2021	-1,27648E-05	0,018314967	0,104546229	0,086184921	0,025531663
714	2017	8,16393E-05	0,018264985	0,104011685	0,075291443	0,022483572
714	2018	-0,002589146	0,017883651	0,10345712	0,062625375	0,024596651
714	2019	-0,005564986	0,017991907	0,103200593	0,050765768	0,015384254
714	2020	0,011426487	0,017489184	0,102595321	0,04081884	0,023432594
714	2021	0,014265935	0,021473416	0,086067551	0,039556737	0,02308831
715	2017	0,017019099	0,013832516	0,077602206	0,034860608	0,015202339
715	2018	0,018687949	0,004474367	0,071153311	0,030399356	0,013558845
715	2019	0,024464964	-0,009114454	0,061945025	0,020929039	0,026564482
715	2020	0,029609726	-0,020118988	0,052177829	0,032395932	0,030987378
715	2021	0,04762806	-0,025518169	0,050410747	0,032823923	0,050084943
716	2017	0,054682648	-0,022901445	0,059113999	0,053628118	0,049344942
716	2018	0,055474258	-0,017296098	0,06966484	0,05397445	0,057670144
716	2019	0,043994843	-0,007950244	0,070148237	0,054062113	0,049927616
716	2020	0,0476238	-0,009024157	0,079161582	0,054294698	0,044935693
716	2021	0,043776727	-0,003379045	0,089517946	0,069838718	0,044871166
717	2017	0,044347468	0,000247955	0,08467654	0,064129283	0,043806221
717	2018	0,037837791	0,012704092	0,082711325	0,06389721	0,038987072
717	2019	0,05041831	0,018732056	0,095669908	0,043700858	0,038598126
717	2020	0,032612246	0,024103538	0,104099728	0,043406279	0,030649631
717	2021	0,041376261	0,02156308	0,111173496	0,022699253	0,046226914
718	2017	0,04218937	0,020516185	0,110345612	0,025679285	0,042735128
718	2018	0,040082328	0,016358656	0,120817427	0,028303016	0,040439242
718	2019	0,04073789	0,018658037	0,123221934	0,02921643	0,048503423
718	2020	0,039888457	0,020273527	0,125638788	0,009301792	0,058817669
718	2021	0,035772218	0,024861471	0,136332693	0,010416564	0,077502063
719	2017	0,040697799	0,0246603	0,137517575	0,010324373	0,079019417
719	2018	0,027407816	0,029508162	0,129249751	0,010268294	0,068387403
719	2019	0,026618888	0,035907314	0,121745637	0,010825043	0,057716729
719	2020	0,017415434	0,039958397	0,105433858	0,011423409	0,051834194
719	2021	0,011598632	0,039025198	0,094094658	0,008158123	0,047203119
720	2017	0,010781445	0,034178845	0,099115843	0,006596104	0,057306134
720	2018	0,010087994	0,027028743	0,094576998	0,006590991	0,055622422
720	2019	0,014632943	0,020708289	0,084223322	0,006520124	0,050070278
720	2020	0,024165742	0,021808337	0,085291427	0,006287071	0,047259503
720	2021	0,025604059	0,023799022	0,10007773	0,006974496	0,048884207
721	2017	0,021175376	0,018578582	0,107188388	0,006935017	0,060257471
721	2018	0,02679594	0,012064693	0,116961922	0,00624317	0,068407694
721	2019	0,028171465	0,008280706	0,126212993	0,005547634	0,058332541
721	2020	0,033197005	0,00515232	0,138201866	0,005486556	0,067445054
721	2021	0,038272459	0,004970242	0,137016115	0,00407743	0,061491945
722	2017	0,033310373	0,004854033	0,126425451	0,022051833	0,062968925
722	2018	0,032263202	0,004695085	0,116222205	0,04068121	0,064774297
722	2019	0,030836064	-0,00427258	0,100280134	0,060124856	0,053876402
722	2020	0,024881947	-0,01347388	0,079320851	0,080367913	0,048253612
722	2021	0,029308495	-0,013426542	0,066211262	0,099427106	0,033702122
723	2017	0,022919366	-0,011540787	0,069266495	0,099926548	0,028597926
723	2018	0,016468401	-0,009740192	0,073874223	0,100280266	0,035426103
723	2019	0,017904774	-0,008332692	0,069727111	0,100563354	0,032197828
723	2020	0,012220542	-0,006495363	0,055301281	0,100904497	0,021083178
723	2021	0,011072104	-0,004615505	0,059787365	0,081947691	0,021539346
